Fitter report for ssa_top
Tue Jun 30 21:47:17 2026
Quartus Prime Version 22.1std.2 Build 922 07/20/2023 SC Lite Edition


---------------------
; Table of Contents ;
---------------------
  1. Legal Notice
  2. Fitter Summary
  3. Fitter Settings
  4. Parallel Compilation
  5. Incremental Compilation Preservation Summary
  6. Incremental Compilation Partition Settings
  7. Incremental Compilation Placement Preservation
  8. Pin-Out File
  9. Fitter Resource Usage Summary
 10. Fitter Partition Statistics
 11. Input Pins
 12. Output Pins
 13. Dual Purpose and Dedicated Pins
 14. I/O Bank Usage
 15. All Package Pins
 16. I/O Assignment Warnings
 17. Fitter Resource Utilization by Entity
 18. Delay Chain Summary
 19. Pad To Core Delay Chain Fanout
 20. Control Signals
 21. Global & Other Fast Signals
 22. Routing Usage Summary
 23. LAB Logic Elements
 24. LAB-wide Signals
 25. LAB Signals Sourced
 26. LAB Signals Sourced Out
 27. LAB Distinct Inputs
 28. I/O Rules Summary
 29. I/O Rules Details
 30. I/O Rules Matrix
 31. Fitter Device Options
 32. Operating Settings and Conditions
 33. Fitter Messages
 34. Fitter Suppressed Messages



----------------
; Legal Notice ;
----------------
Copyright (C) 2023  Intel Corporation. All rights reserved.
Your use of Intel Corporation's design tools, logic functions 
and other software and tools, and any partner logic 
functions, and any output files from any of the foregoing 
(including device programming or simulation files), and any 
associated documentation or information are expressly subject 
to the terms and conditions of the Intel Program License 
Subscription Agreement, the Intel Quartus Prime License Agreement,
the Intel FPGA IP License Agreement, or other applicable license
agreement, including, without limitation, that your use is for
the sole purpose of programming logic devices manufactured by
Intel and sold by Intel or its authorized distributors.  Please
refer to the applicable agreement for further details, at
https://fpgasoftware.intel.com/eula.



+-------------------------------------------------------------------------------------+
; Fitter Summary                                                                      ;
+------------------------------------+------------------------------------------------+
; Fitter Status                      ; Successful - Tue Jun 30 21:47:17 2026          ;
; Quartus Prime Version              ; 22.1std.2 Build 922 07/20/2023 SC Lite Edition ;
; Revision Name                      ; ssa_top                                        ;
; Top-level Entity Name              ; ssa_top                                        ;
; Family                             ; Cyclone IV GX                                  ;
; Device                             ; EP4CGX75DF27C8                                 ;
; Timing Models                      ; Final                                          ;
; Total logic elements               ; 625 / 73,920 ( < 1 % )                         ;
;     Total combinational functions  ; 611 / 73,920 ( < 1 % )                         ;
;     Dedicated logic registers      ; 64 / 73,920 ( < 1 % )                          ;
; Total registers                    ; 64                                             ;
; Total pins                         ; 279 / 343 ( 81 % )                             ;
; Total virtual pins                 ; 0                                              ;
; Total memory bits                  ; 0 / 4,257,792 ( 0 % )                          ;
; Embedded Multiplier 9-bit elements ; 0 / 396 ( 0 % )                                ;
; Total GXB Receiver Channel PCS     ; 0 / 8 ( 0 % )                                  ;
; Total GXB Receiver Channel PMA     ; 0 / 8 ( 0 % )                                  ;
; Total GXB Transmitter Channel PCS  ; 0 / 8 ( 0 % )                                  ;
; Total GXB Transmitter Channel PMA  ; 0 / 8 ( 0 % )                                  ;
; Total PLLs                         ; 0 / 8 ( 0 % )                                  ;
+------------------------------------+------------------------------------------------+


+----------------------------------------------------------------------------------------------------------------------------------------------------+
; Fitter Settings                                                                                                                                    ;
+--------------------------------------------------------------------+---------------------------------------+---------------------------------------+
; Option                                                             ; Setting                               ; Default Value                         ;
+--------------------------------------------------------------------+---------------------------------------+---------------------------------------+
; Device                                                             ; EP4CGX75DF27C8                        ;                                       ;
; Nominal Core Supply Voltage                                        ; 1.2V                                  ;                                       ;
; Minimum Core Junction Temperature                                  ; 0                                     ;                                       ;
; Maximum Core Junction Temperature                                  ; 85                                    ;                                       ;
; Fit Attempts to Skip                                               ; 0                                     ; 0.0                                   ;
; Use smart compilation                                              ; Off                                   ; Off                                   ;
; Enable parallel Assembler and Timing Analyzer during compilation   ; On                                    ; On                                    ;
; Enable compact report table                                        ; Off                                   ; Off                                   ;
; Auto Merge PLLs                                                    ; On                                    ; On                                    ;
; Router Timing Optimization Level                                   ; Normal                                ; Normal                                ;
; Perform Clocking Topology Analysis During Routing                  ; Off                                   ; Off                                   ;
; Placement Effort Multiplier                                        ; 1.0                                   ; 1.0                                   ;
; Router Effort Multiplier                                           ; 1.0                                   ; 1.0                                   ;
; Optimize Hold Timing                                               ; All Paths                             ; All Paths                             ;
; Optimize Multi-Corner Timing                                       ; On                                    ; On                                    ;
; Power Optimization During Fitting                                  ; Normal compilation                    ; Normal compilation                    ;
; SSN Optimization                                                   ; Off                                   ; Off                                   ;
; Optimize Timing                                                    ; Normal compilation                    ; Normal compilation                    ;
; Optimize Timing for ECOs                                           ; Off                                   ; Off                                   ;
; Regenerate Full Fit Report During ECO Compiles                     ; Off                                   ; Off                                   ;
; Optimize IOC Register Placement for Timing                         ; Normal                                ; Normal                                ;
; Limit to One Fitting Attempt                                       ; Off                                   ; Off                                   ;
; Final Placement Optimizations                                      ; Automatically                         ; Automatically                         ;
; Fitter Aggressive Routability Optimizations                        ; Automatically                         ; Automatically                         ;
; Fitter Initial Placement Seed                                      ; 1                                     ; 1                                     ;
; Periphery to Core Placement and Routing Optimization               ; Off                                   ; Off                                   ;
; PCI I/O                                                            ; Off                                   ; Off                                   ;
; Weak Pull-Up Resistor                                              ; Off                                   ; Off                                   ;
; Enable Bus-Hold Circuitry                                          ; Off                                   ; Off                                   ;
; Auto Packed Registers                                              ; Auto                                  ; Auto                                  ;
; Auto Delay Chains                                                  ; On                                    ; On                                    ;
; Auto Delay Chains for High Fanout Input Pins                       ; Off                                   ; Off                                   ;
; Allow Single-ended Buffer for Differential-XSTL Input              ; Off                                   ; Off                                   ;
; Treat Bidirectional Pin as Output Pin                              ; Off                                   ; Off                                   ;
; Perform Physical Synthesis for Combinational Logic for Fitting     ; Off                                   ; Off                                   ;
; Perform Physical Synthesis for Combinational Logic for Performance ; Off                                   ; Off                                   ;
; Perform Register Duplication for Performance                       ; Off                                   ; Off                                   ;
; Perform Logic to Memory Mapping for Fitting                        ; Off                                   ; Off                                   ;
; Perform Register Retiming for Performance                          ; Off                                   ; Off                                   ;
; Perform Asynchronous Signal Pipelining                             ; Off                                   ; Off                                   ;
; Fitter Effort                                                      ; Auto Fit                              ; Auto Fit                              ;
; Physical Synthesis Effort Level                                    ; Normal                                ; Normal                                ;
; Logic Cell Insertion - Logic Duplication                           ; Auto                                  ; Auto                                  ;
; Auto Register Duplication                                          ; Auto                                  ; Auto                                  ;
; Auto Global Clock                                                  ; On                                    ; On                                    ;
; Auto Global Register Control Signals                               ; On                                    ; On                                    ;
; Generate GXB Reconfig MIF                                          ; Off                                   ; Off                                   ;
; Reserve all unused pins                                            ; As input tri-stated with weak pull-up ; As input tri-stated with weak pull-up ;
; Synchronizer Identification                                        ; Auto                                  ; Auto                                  ;
; Enable Beneficial Skew Optimization                                ; On                                    ; On                                    ;
; Optimize Design for Metastability                                  ; On                                    ; On                                    ;
; Active Serial clock source                                         ; FREQ_40MHz                            ; FREQ_40MHz                            ;
; Force Fitter to Avoid Periphery Placement Warnings                 ; Off                                   ; Off                                   ;
; Enable input tri-state on active configuration pins in user mode   ; Off                                   ; Off                                   ;
+--------------------------------------------------------------------+---------------------------------------+---------------------------------------+


+------------------------------------------+
; Parallel Compilation                     ;
+----------------------------+-------------+
; Processors                 ; Number      ;
+----------------------------+-------------+
; Number detected on machine ; 12          ;
; Maximum allowed            ; 6           ;
;                            ;             ;
; Average used               ; 1.01        ;
; Maximum used               ; 6           ;
;                            ;             ;
; Usage by Processor         ; % Time Used ;
;     Processor 1            ; 100.0%      ;
;     Processor 2            ;   0.3%      ;
;     Processors 3-6         ;   0.3%      ;
+----------------------------+-------------+


+---------------------------------------------------------------------------------------------------+
; Incremental Compilation Preservation Summary                                                      ;
+---------------------+---------------------+----------------------------+--------------------------+
; Type                ; Total [A + B]       ; From Design Partitions [A] ; From Rapid Recompile [B] ;
+---------------------+---------------------+----------------------------+--------------------------+
; Placement (by node) ;                     ;                            ;                          ;
;     -- Requested    ; 0.00 % ( 0 / 1247 ) ; 0.00 % ( 0 / 1247 )        ; 0.00 % ( 0 / 1247 )      ;
;     -- Achieved     ; 0.00 % ( 0 / 1247 ) ; 0.00 % ( 0 / 1247 )        ; 0.00 % ( 0 / 1247 )      ;
;                     ;                     ;                            ;                          ;
; Routing (by net)    ;                     ;                            ;                          ;
;     -- Requested    ; 0.00 % ( 0 / 0 )    ; 0.00 % ( 0 / 0 )           ; 0.00 % ( 0 / 0 )         ;
;     -- Achieved     ; 0.00 % ( 0 / 0 )    ; 0.00 % ( 0 / 0 )           ; 0.00 % ( 0 / 0 )         ;
+---------------------+---------------------+----------------------------+--------------------------+


+----------------------------------------------------------------------------------------------------------------------------------------------------------------------------------------+
; Incremental Compilation Partition Settings                                                                                                                                             ;
+--------------------------------+----------------+-------------------+-------------------------+------------------------+------------------------------+--------------------------------+
; Partition Name                 ; Partition Type ; Netlist Type Used ; Preservation Level Used ; Netlist Type Requested ; Preservation Level Requested ; Contents                       ;
+--------------------------------+----------------+-------------------+-------------------------+------------------------+------------------------------+--------------------------------+
; Top                            ; User-created   ; Source File       ; N/A                     ; Source File            ; N/A                          ;                                ;
; hard_block:auto_generated_inst ; Auto-generated ; Source File       ; N/A                     ; Source File            ; N/A                          ; hard_block:auto_generated_inst ;
+--------------------------------+----------------+-------------------+-------------------------+------------------------+------------------------------+--------------------------------+


+------------------------------------------------------------------------------------------------------------------------------------+
; Incremental Compilation Placement Preservation                                                                                     ;
+--------------------------------+-----------------------+-------------------------+-------------------+---------------------+-------+
; Partition Name                 ; Preservation Achieved ; Preservation Level Used ; Netlist Type Used ; Preservation Method ; Notes ;
+--------------------------------+-----------------------+-------------------------+-------------------+---------------------+-------+
; Top                            ; 0.00 % ( 0 / 1237 )   ; N/A                     ; Source File       ; N/A                 ;       ;
; hard_block:auto_generated_inst ; 0.00 % ( 0 / 10 )     ; N/A                     ; Source File       ; N/A                 ;       ;
+--------------------------------+-----------------------+-------------------------+-------------------+---------------------+-------+


+--------------+
; Pin-Out File ;
+--------------+
The pin-out file can be found in A:/VHDL/ssa_interlock_project/ssa_interlock_system/output_files/ssa_top.pin.


+----------------------------------------------------------------------+
; Fitter Resource Usage Summary                                        ;
+---------------------------------------------+------------------------+
; Resource                                    ; Usage                  ;
+---------------------------------------------+------------------------+
; Total logic elements                        ; 625 / 73,920 ( < 1 % ) ;
;     -- Combinational with no register       ; 561                    ;
;     -- Register only                        ; 14                     ;
;     -- Combinational with a register        ; 50                     ;
;                                             ;                        ;
; Logic element usage by number of LUT inputs ;                        ;
;     -- 4 input functions                    ; 184                    ;
;     -- 3 input functions                    ; 275                    ;
;     -- <=2 input functions                  ; 152                    ;
;     -- Register only                        ; 14                     ;
;                                             ;                        ;
; Logic elements by mode                      ;                        ;
;     -- normal mode                          ; 288                    ;
;     -- arithmetic mode                      ; 323                    ;
;                                             ;                        ;
; Total registers*                            ; 64 / 75,500 ( < 1 % )  ;
;     -- Dedicated logic registers            ; 64 / 73,920 ( < 1 % )  ;
;     -- I/O registers                        ; 0 / 1,580 ( 0 % )      ;
;                                             ;                        ;
; Total LABs:  partially or completely used   ; 70 / 4,620 ( 2 % )     ;
; Virtual pins                                ; 0                      ;
; I/O pins                                    ; 279 / 343 ( 81 % )     ;
;     -- Clock pins                           ; 5 / 10 ( 50 % )        ;
;     -- Dedicated input pins                 ; 0 / 25 ( 0 % )         ;
;                                             ;                        ;
; M9Ks                                        ; 0 / 462 ( 0 % )        ;
; Total block memory bits                     ; 0 / 4,257,792 ( 0 % )  ;
; Total block memory implementation bits      ; 0 / 4,257,792 ( 0 % )  ;
; Embedded Multiplier 9-bit elements          ; 0 / 396 ( 0 % )        ;
; PLLs                                        ; 0 / 8 ( 0 % )          ;
; Global signals                              ; 3                      ;
;     -- Global clocks                        ; 3 / 30 ( 10 % )        ;
; JTAGs                                       ; 0 / 1 ( 0 % )          ;
; CRC blocks                                  ; 0 / 1 ( 0 % )          ;
; ASMI blocks                                 ; 0 / 1 ( 0 % )          ;
; Oscillator blocks                           ; 0 / 1 ( 0 % )          ;
; GXB Receiver channel PCSs                   ; 0 / 8 ( 0 % )          ;
; GXB Receiver channel PMAs                   ; 0 / 8 ( 0 % )          ;
; GXB Transmitter channel PCSs                ; 0 / 8 ( 0 % )          ;
; GXB Transmitter channel PMAs                ; 0 / 8 ( 0 % )          ;
; Impedance control blocks                    ; 0 / 3 ( 0 % )          ;
; Average interconnect usage (total/H/V)      ; 0.8% / 0.7% / 1.0%     ;
; Peak interconnect usage (total/H/V)         ; 2.1% / 1.8% / 2.9%     ;
; Maximum fan-out                             ; 64                     ;
; Highest non-global fan-out                  ; 52                     ;
; Total fan-out                               ; 2299                   ;
; Average fan-out                             ; 1.83                   ;
+---------------------------------------------+------------------------+
*  Register count does not include registers inside RAM blocks or DSP blocks.



+------------------------------------------------------------------------------------------------------+
; Fitter Partition Statistics                                                                          ;
+---------------------------------------------+-----------------------+--------------------------------+
; Statistic                                   ; Top                   ; hard_block:auto_generated_inst ;
+---------------------------------------------+-----------------------+--------------------------------+
; Difficulty Clustering Region                ; Low                   ; Low                            ;
;                                             ;                       ;                                ;
; Total logic elements                        ; 625 / 73920 ( < 1 % ) ; 0 / 73920 ( 0 % )              ;
;     -- Combinational with no register       ; 561                   ; 0                              ;
;     -- Register only                        ; 14                    ; 0                              ;
;     -- Combinational with a register        ; 50                    ; 0                              ;
;                                             ;                       ;                                ;
; Logic element usage by number of LUT inputs ;                       ;                                ;
;     -- 4 input functions                    ; 184                   ; 0                              ;
;     -- 3 input functions                    ; 275                   ; 0                              ;
;     -- <=2 input functions                  ; 152                   ; 0                              ;
;     -- Register only                        ; 14                    ; 0                              ;
;                                             ;                       ;                                ;
; Logic elements by mode                      ;                       ;                                ;
;     -- normal mode                          ; 288                   ; 0                              ;
;     -- arithmetic mode                      ; 323                   ; 0                              ;
;                                             ;                       ;                                ;
; Total registers                             ; 64                    ; 0                              ;
;     -- Dedicated logic registers            ; 64 / 73920 ( < 1 % )  ; 0 / 73920 ( 0 % )              ;
;     -- I/O registers                        ; 0                     ; 0                              ;
;                                             ;                       ;                                ;
; Total LABs:  partially or completely used   ; 70 / 4620 ( 2 % )     ; 0 / 4620 ( 0 % )               ;
;                                             ;                       ;                                ;
; Virtual pins                                ; 0                     ; 0                              ;
; I/O pins                                    ; 279                   ; 0                              ;
; Embedded Multiplier 9-bit elements          ; 0 / 396 ( 0 % )       ; 0 / 396 ( 0 % )                ;
; Total memory bits                           ; 0                     ; 0                              ;
; Total RAM block bits                        ; 0                     ; 0                              ;
; Clock control block                         ; 3 / 38 ( 7 % )        ; 0 / 38 ( 0 % )                 ;
;                                             ;                       ;                                ;
; Connections                                 ;                       ;                                ;
;     -- Input Connections                    ; 0                     ; 0                              ;
;     -- Registered Input Connections         ; 0                     ; 0                              ;
;     -- Output Connections                   ; 0                     ; 0                              ;
;     -- Registered Output Connections        ; 0                     ; 0                              ;
;                                             ;                       ;                                ;
; Internal Connections                        ;                       ;                                ;
;     -- Total Connections                    ; 2294                  ; 5                              ;
;     -- Registered Connections               ; 123                   ; 0                              ;
;                                             ;                       ;                                ;
; External Connections                        ;                       ;                                ;
;     -- Top                                  ; 0                     ; 0                              ;
;     -- hard_block:auto_generated_inst       ; 0                     ; 0                              ;
;                                             ;                       ;                                ;
; Partition Interface                         ;                       ;                                ;
;     -- Input Ports                          ; 277                   ; 0                              ;
;     -- Output Ports                         ; 2                     ; 0                              ;
;     -- Bidir Ports                          ; 0                     ; 0                              ;
;                                             ;                       ;                                ;
; Registered Ports                            ;                       ;                                ;
;     -- Registered Input Ports               ; 0                     ; 0                              ;
;     -- Registered Output Ports              ; 0                     ; 0                              ;
;                                             ;                       ;                                ;
; Port Connectivity                           ;                       ;                                ;
;     -- Input Ports driven by GND            ; 0                     ; 0                              ;
;     -- Output Ports driven by GND           ; 0                     ; 0                              ;
;     -- Input Ports driven by VCC            ; 0                     ; 0                              ;
;     -- Output Ports driven by VCC           ; 0                     ; 0                              ;
;     -- Input Ports with no Source           ; 0                     ; 0                              ;
;     -- Output Ports with no Source          ; 0                     ; 0                              ;
;     -- Input Ports with no Fanout           ; 0                     ; 0                              ;
;     -- Output Ports with no Fanout          ; 0                     ; 0                              ;
+---------------------------------------------+-----------------------+--------------------------------+


+-----------------------------------------------------------------------------------------------------------------------------------------------------------------------------------------------------------------------------------------------------------------------------------------------------------------------------+
; Input Pins                                                                                                                                                                                                                                                                                                                  ;
+------------------------------+-------+----------+--------------+--------------+--------------+-----------------------+--------------------+--------+----------------+---------------+-----------------+----------+--------------+--------------+-------------+---------------------------+----------------------+-----------+
; Name                         ; Pin # ; I/O Bank ; X coordinate ; Y coordinate ; Z coordinate ; Combinational Fan-Out ; Registered Fan-Out ; Global ; Input Register ; Power Up High ; PCI I/O Enabled ; Bus Hold ; Weak Pull Up ; I/O Standard ; Termination ; Termination Control Block ; Location assigned by ; Slew Rate ;
+------------------------------+-------+----------+--------------+--------------+--------------+-----------------------+--------------------+--------+----------------+---------------+-----------------+----------+--------------+--------------+-------------+---------------------------+----------------------+-----------+
; adc_p_drive_pin[0]           ; AD6   ; 3        ; 15           ; 0            ; 21           ; 1                     ; 0                  ; no     ; no             ; no            ; yes             ; no       ; Off          ; 2.5 V        ; Off         ; --                        ; Fitter               ; no        ;
; adc_p_drive_pin[10]          ; AC12  ; 3        ; 22           ; 0            ; 7            ; 1                     ; 0                  ; no     ; no             ; no            ; yes             ; no       ; Off          ; 2.5 V        ; Off         ; --                        ; Fitter               ; no        ;
; adc_p_drive_pin[11]          ; AD9   ; 3        ; 15           ; 0            ; 0            ; 1                     ; 0                  ; no     ; no             ; no            ; yes             ; no       ; Off          ; 2.5 V        ; Off         ; --                        ; Fitter               ; no        ;
; adc_p_drive_pin[12]          ; AD5   ; 3        ; 13           ; 0            ; 0            ; 1                     ; 0                  ; no     ; no             ; no            ; yes             ; no       ; Off          ; 2.5 V        ; Off         ; --                        ; Fitter               ; no        ;
; adc_p_drive_pin[13]          ; AB11  ; 3        ; 19           ; 0            ; 21           ; 1                     ; 0                  ; no     ; no             ; no            ; yes             ; no       ; Off          ; 2.5 V        ; Off         ; --                        ; Fitter               ; no        ;
; adc_p_drive_pin[14]          ; AF8   ; 3        ; 26           ; 0            ; 0            ; 1                     ; 0                  ; no     ; no             ; no            ; yes             ; no       ; Off          ; 2.5 V        ; Off         ; --                        ; Fitter               ; no        ;
; adc_p_drive_pin[15]          ; C22   ; 7        ; 65           ; 67           ; 0            ; 1                     ; 0                  ; no     ; no             ; no            ; yes             ; no       ; Off          ; 2.5 V        ; Off         ; --                        ; Fitter               ; no        ;
; adc_p_drive_pin[1]           ; D10   ; 8        ; 17           ; 67           ; 21           ; 1                     ; 0                  ; no     ; no             ; no            ; yes             ; no       ; Off          ; 2.5 V        ; Off         ; --                        ; Fitter               ; no        ;
; adc_p_drive_pin[2]           ; AE6   ; 3        ; 17           ; 0            ; 14           ; 1                     ; 0                  ; no     ; no             ; no            ; yes             ; no       ; Off          ; 2.5 V        ; Off         ; --                        ; Fitter               ; no        ;
; adc_p_drive_pin[3]           ; AB12  ; 3        ; 22           ; 0            ; 14           ; 1                     ; 0                  ; no     ; no             ; no            ; yes             ; no       ; Off          ; 2.5 V        ; Off         ; --                        ; Fitter               ; no        ;
; adc_p_drive_pin[4]           ; AD8   ; 3        ; 10           ; 0            ; 0            ; 1                     ; 0                  ; no     ; no             ; no            ; yes             ; no       ; Off          ; 2.5 V        ; Off         ; --                        ; Fitter               ; no        ;
; adc_p_drive_pin[5]           ; AE7   ; 3        ; 19           ; 0            ; 7            ; 1                     ; 0                  ; no     ; no             ; no            ; yes             ; no       ; Off          ; 2.5 V        ; Off         ; --                        ; Fitter               ; no        ;
; adc_p_drive_pin[6]           ; AE5   ; 3        ; 17           ; 0            ; 21           ; 1                     ; 0                  ; no     ; no             ; no            ; yes             ; no       ; Off          ; 2.5 V        ; Off         ; --                        ; Fitter               ; no        ;
; adc_p_drive_pin[7]           ; AF5   ; 3        ; 17           ; 0            ; 0            ; 1                     ; 0                  ; no     ; no             ; no            ; yes             ; no       ; Off          ; 2.5 V        ; Off         ; --                        ; Fitter               ; no        ;
; adc_p_drive_pin[8]           ; AF2   ; 3        ; 8            ; 0            ; 7            ; 1                     ; 0                  ; no     ; no             ; no            ; yes             ; no       ; Off          ; 2.5 V        ; Off         ; --                        ; Fitter               ; no        ;
; adc_p_drive_pin[9]           ; AC11  ; 3        ; 19           ; 0            ; 14           ; 1                     ; 0                  ; no     ; no             ; no            ; yes             ; no       ; Off          ; 2.5 V        ; Off         ; --                        ; Fitter               ; no        ;
; adc_p_refl_pin[0]            ; AE19  ; 4        ; 54           ; 0            ; 14           ; 2                     ; 0                  ; no     ; no             ; no            ; yes             ; no       ; Off          ; 2.5 V        ; Off         ; --                        ; Fitter               ; no        ;
; adc_p_refl_pin[10]           ; AB7   ; 3        ; 6            ; 0            ; 0            ; 2                     ; 0                  ; no     ; no             ; no            ; yes             ; no       ; Off          ; 2.5 V        ; Off         ; --                        ; Fitter               ; no        ;
; adc_p_refl_pin[11]           ; C18   ; 7        ; 52           ; 67           ; 0            ; 2                     ; 0                  ; no     ; no             ; no            ; yes             ; no       ; Off          ; 2.5 V        ; Off         ; --                        ; Fitter               ; no        ;
; adc_p_refl_pin[12]           ; E7    ; 8        ; 8            ; 67           ; 14           ; 2                     ; 0                  ; no     ; no             ; no            ; yes             ; no       ; Off          ; 2.5 V        ; Off         ; --                        ; Fitter               ; no        ;
; adc_p_refl_pin[13]           ; AD14  ; 4        ; 40           ; 0            ; 7            ; 2                     ; 0                  ; no     ; no             ; no            ; yes             ; no       ; Off          ; 2.5 V        ; Off         ; --                        ; Fitter               ; no        ;
; adc_p_refl_pin[14]           ; AC16  ; 4        ; 44           ; 0            ; 14           ; 2                     ; 0                  ; no     ; no             ; no            ; yes             ; no       ; Off          ; 2.5 V        ; Off         ; --                        ; Fitter               ; no        ;
; adc_p_refl_pin[15]           ; AC19  ; 4        ; 52           ; 0            ; 0            ; 2                     ; 0                  ; no     ; no             ; no            ; yes             ; no       ; Off          ; 2.5 V        ; Off         ; --                        ; Fitter               ; no        ;
; adc_p_refl_pin[1]            ; A25   ; 7        ; 61           ; 67           ; 0            ; 2                     ; 0                  ; no     ; no             ; no            ; yes             ; no       ; Off          ; 2.5 V        ; Off         ; --                        ; Fitter               ; no        ;
; adc_p_refl_pin[2]            ; C7    ; 8        ; 10           ; 67           ; 14           ; 2                     ; 0                  ; no     ; no             ; no            ; yes             ; no       ; Off          ; 2.5 V        ; Off         ; --                        ; Fitter               ; no        ;
; adc_p_refl_pin[3]            ; AD19  ; 4        ; 54           ; 0            ; 21           ; 2                     ; 0                  ; no     ; no             ; no            ; yes             ; no       ; Off          ; 2.5 V        ; Off         ; --                        ; Fitter               ; no        ;
; adc_p_refl_pin[4]            ; AF15  ; 4        ; 42           ; 0            ; 7            ; 2                     ; 0                  ; no     ; no             ; no            ; yes             ; no       ; Off          ; 2.5 V        ; Off         ; --                        ; Fitter               ; no        ;
; adc_p_refl_pin[5]            ; T22   ; 5        ; 81           ; 17           ; 7            ; 2                     ; 0                  ; no     ; no             ; no            ; yes             ; no       ; Off          ; 2.5 V        ; Off         ; --                        ; Fitter               ; no        ;
; adc_p_refl_pin[6]            ; AC18  ; 4        ; 49           ; 0            ; 0            ; 2                     ; 0                  ; no     ; no             ; no            ; yes             ; no       ; Off          ; 2.5 V        ; Off         ; --                        ; Fitter               ; no        ;
; adc_p_refl_pin[7]            ; AF10  ; 3        ; 33           ; 0            ; 14           ; 2                     ; 0                  ; no     ; no             ; no            ; yes             ; no       ; Off          ; 2.5 V        ; Off         ; --                        ; Fitter               ; no        ;
; adc_p_refl_pin[8]            ; AF19  ; 4        ; 54           ; 0            ; 7            ; 2                     ; 0                  ; no     ; no             ; no            ; yes             ; no       ; Off          ; 2.5 V        ; Off         ; --                        ; Fitter               ; no        ;
; adc_p_refl_pin[9]            ; AB14  ; 4        ; 44           ; 0            ; 21           ; 2                     ; 0                  ; no     ; no             ; no            ; yes             ; no       ; Off          ; 2.5 V        ; Off         ; --                        ; Fitter               ; no        ;
; clk_fast_pin                 ; T15   ; 3A       ; 38           ; 0            ; 14           ; 36                    ; 0                  ; yes    ; no             ; no            ; yes             ; no       ; Off          ; 2.5 V        ; Off         ; --                        ; Fitter               ; no        ;
; clk_sys_pin                  ; T14   ; 3A       ; 38           ; 0            ; 21           ; 27                    ; 0                  ; yes    ; no             ; no            ; yes             ; no       ; Off          ; 2.5 V        ; Off         ; --                        ; Fitter               ; no        ;
; clk_telemetry_pin            ; AF11  ; 3        ; 33           ; 0            ; 7            ; 1                     ; 0                  ; no     ; no             ; no            ; yes             ; no       ; Off          ; 2.5 V        ; Off         ; --                        ; Fitter               ; no        ;
; interlock_reset_pin          ; AF13  ; 4        ; 38           ; 0            ; 7            ; 52                    ; 0                  ; no     ; no             ; no            ; yes             ; no       ; Off          ; 2.5 V        ; Off         ; --                        ; Fitter               ; no        ;
; module_fault_vector_pin[0]   ; E24   ; 6        ; 81           ; 63           ; 14           ; 3                     ; 0                  ; no     ; no             ; no            ; yes             ; no       ; Off          ; 2.5 V        ; Off         ; --                        ; Fitter               ; no        ;
; module_fault_vector_pin[100] ; AE21  ; 4        ; 56           ; 0            ; 7            ; 3                     ; 0                  ; no     ; no             ; no            ; yes             ; no       ; Off          ; 2.5 V        ; Off         ; --                        ; Fitter               ; no        ;
; module_fault_vector_pin[101] ; AD20  ; 4        ; 56           ; 0            ; 14           ; 3                     ; 0                  ; no     ; no             ; no            ; yes             ; no       ; Off          ; 2.5 V        ; Off         ; --                        ; Fitter               ; no        ;
; module_fault_vector_pin[102] ; AF21  ; 4        ; 56           ; 0            ; 21           ; 3                     ; 0                  ; no     ; no             ; no            ; yes             ; no       ; Off          ; 2.5 V        ; Off         ; --                        ; Fitter               ; no        ;
; module_fault_vector_pin[103] ; AD22  ; 4        ; 65           ; 0            ; 14           ; 3                     ; 0                  ; no     ; no             ; no            ; yes             ; no       ; Off          ; 2.5 V        ; Off         ; --                        ; Fitter               ; no        ;
; module_fault_vector_pin[104] ; AD23  ; 4        ; 68           ; 0            ; 14           ; 3                     ; 0                  ; no     ; no             ; no            ; yes             ; no       ; Off          ; 2.5 V        ; Off         ; --                        ; Fitter               ; no        ;
; module_fault_vector_pin[105] ; AF22  ; 4        ; 58           ; 0            ; 21           ; 3                     ; 0                  ; no     ; no             ; no            ; yes             ; no       ; Off          ; 2.5 V        ; Off         ; --                        ; Fitter               ; no        ;
; module_fault_vector_pin[106] ; AC21  ; 4        ; 65           ; 0            ; 7            ; 3                     ; 0                  ; no     ; no             ; no            ; yes             ; no       ; Off          ; 2.5 V        ; Off         ; --                        ; Fitter               ; no        ;
; module_fault_vector_pin[107] ; AC20  ; 4        ; 63           ; 0            ; 7            ; 3                     ; 0                  ; no     ; no             ; no            ; yes             ; no       ; Off          ; 2.5 V        ; Off         ; --                        ; Fitter               ; no        ;
; module_fault_vector_pin[108] ; AC22  ; 4        ; 63           ; 0            ; 0            ; 3                     ; 0                  ; no     ; no             ; no            ; yes             ; no       ; Off          ; 2.5 V        ; Off         ; --                        ; Fitter               ; no        ;
; module_fault_vector_pin[109] ; AD21  ; 4        ; 65           ; 0            ; 0            ; 3                     ; 0                  ; no     ; no             ; no            ; yes             ; no       ; Off          ; 2.5 V        ; Off         ; --                        ; Fitter               ; no        ;
; module_fault_vector_pin[10]  ; D15   ; 7        ; 42           ; 67           ; 7            ; 3                     ; 0                  ; no     ; no             ; no            ; yes             ; no       ; Off          ; 2.5 V        ; Off         ; --                        ; Fitter               ; no        ;
; module_fault_vector_pin[110] ; AF23  ; 4        ; 58           ; 0            ; 7            ; 3                     ; 0                  ; no     ; no             ; no            ; yes             ; no       ; Off          ; 2.5 V        ; Off         ; --                        ; Fitter               ; no        ;
; module_fault_vector_pin[111] ; AF18  ; 4        ; 49           ; 0            ; 7            ; 3                     ; 0                  ; no     ; no             ; no            ; yes             ; no       ; Off          ; 2.5 V        ; Off         ; --                        ; Fitter               ; no        ;
; module_fault_vector_pin[112] ; AC17  ; 4        ; 44           ; 0            ; 0            ; 3                     ; 0                  ; no     ; no             ; no            ; yes             ; no       ; Off          ; 2.5 V        ; Off         ; --                        ; Fitter               ; no        ;
; module_fault_vector_pin[113] ; AF17  ; 4        ; 49           ; 0            ; 21           ; 3                     ; 0                  ; no     ; no             ; no            ; yes             ; no       ; Off          ; 2.5 V        ; Off         ; --                        ; Fitter               ; no        ;
; module_fault_vector_pin[114] ; AE18  ; 4        ; 49           ; 0            ; 14           ; 3                     ; 0                  ; no     ; no             ; no            ; yes             ; no       ; Off          ; 2.5 V        ; Off         ; --                        ; Fitter               ; no        ;
; module_fault_vector_pin[115] ; AB18  ; 4        ; 52           ; 0            ; 7            ; 3                     ; 0                  ; no     ; no             ; no            ; yes             ; no       ; Off          ; 2.5 V        ; Off         ; --                        ; Fitter               ; no        ;
; module_fault_vector_pin[116] ; AE17  ; 4        ; 47           ; 0            ; 0            ; 3                     ; 0                  ; no     ; no             ; no            ; yes             ; no       ; Off          ; 2.5 V        ; Off         ; --                        ; Fitter               ; no        ;
; module_fault_vector_pin[117] ; AF6   ; 3        ; 19           ; 0            ; 0            ; 3                     ; 0                  ; no     ; no             ; no            ; yes             ; no       ; Off          ; 2.5 V        ; Off         ; --                        ; Fitter               ; no        ;
; module_fault_vector_pin[118] ; AD18  ; 4        ; 52           ; 0            ; 14           ; 3                     ; 0                  ; no     ; no             ; no            ; yes             ; no       ; Off          ; 2.5 V        ; Off         ; --                        ; Fitter               ; no        ;
; module_fault_vector_pin[119] ; AF12  ; 3        ; 33           ; 0            ; 0            ; 3                     ; 0                  ; no     ; no             ; no            ; yes             ; no       ; Off          ; 2.5 V        ; Off         ; --                        ; Fitter               ; no        ;
; module_fault_vector_pin[11]  ; A8    ; 8        ; 29           ; 67           ; 7            ; 2                     ; 0                  ; no     ; no             ; no            ; yes             ; no       ; Off          ; 2.5 V        ; Off         ; --                        ; Fitter               ; no        ;
; module_fault_vector_pin[120] ; AE2   ; 3        ; 8            ; 0            ; 14           ; 3                     ; 0                  ; no     ; no             ; no            ; yes             ; no       ; Off          ; 2.5 V        ; Off         ; --                        ; Fitter               ; no        ;
; module_fault_vector_pin[121] ; AF16  ; 4        ; 42           ; 0            ; 0            ; 3                     ; 0                  ; no     ; no             ; no            ; yes             ; no       ; Off          ; 2.5 V        ; Off         ; --                        ; Fitter               ; no        ;
; module_fault_vector_pin[122] ; AF7   ; 3        ; 26           ; 0            ; 7            ; 3                     ; 0                  ; no     ; no             ; no            ; yes             ; no       ; Off          ; 2.5 V        ; Off         ; --                        ; Fitter               ; no        ;
; module_fault_vector_pin[123] ; AC14  ; 4        ; 40           ; 0            ; 14           ; 2                     ; 0                  ; no     ; no             ; no            ; yes             ; no       ; Off          ; 2.5 V        ; Off         ; --                        ; Fitter               ; no        ;
; module_fault_vector_pin[124] ; AF4   ; 3        ; 17           ; 0            ; 7            ; 2                     ; 0                  ; no     ; no             ; no            ; yes             ; no       ; Off          ; 2.5 V        ; Off         ; --                        ; Fitter               ; no        ;
; module_fault_vector_pin[125] ; C3    ; 8        ; 15           ; 67           ; 21           ; 2                     ; 0                  ; no     ; no             ; no            ; yes             ; no       ; Off          ; 2.5 V        ; Off         ; --                        ; Fitter               ; no        ;
; module_fault_vector_pin[126] ; D9    ; 8        ; 17           ; 67           ; 14           ; 2                     ; 0                  ; no     ; no             ; no            ; yes             ; no       ; Off          ; 2.5 V        ; Off         ; --                        ; Fitter               ; no        ;
; module_fault_vector_pin[127] ; U22   ; 5        ; 81           ; 10           ; 14           ; 3                     ; 0                  ; no     ; no             ; no            ; yes             ; no       ; Off          ; 2.5 V        ; Off         ; --                        ; Fitter               ; no        ;
; module_fault_vector_pin[128] ; V24   ; 5        ; 81           ; 7            ; 7            ; 3                     ; 0                  ; no     ; no             ; no            ; yes             ; no       ; Off          ; 2.5 V        ; Off         ; --                        ; Fitter               ; no        ;
; module_fault_vector_pin[129] ; AA24  ; 5        ; 81           ; 2            ; 7            ; 3                     ; 0                  ; no     ; no             ; no            ; yes             ; no       ; Off          ; 2.5 V        ; Off         ; --                        ; Fitter               ; no        ;
; module_fault_vector_pin[12]  ; A13   ; 8        ; 33           ; 67           ; 7            ; 2                     ; 0                  ; no     ; no             ; no            ; yes             ; no       ; Off          ; 2.5 V        ; Off         ; --                        ; Fitter               ; no        ;
; module_fault_vector_pin[130] ; V22   ; 5        ; 81           ; 7            ; 14           ; 3                     ; 0                  ; no     ; no             ; no            ; yes             ; no       ; Off          ; 2.5 V        ; Off         ; --                        ; Fitter               ; no        ;
; module_fault_vector_pin[131] ; Y25   ; 5        ; 81           ; 10           ; 0            ; 3                     ; 0                  ; no     ; no             ; no            ; yes             ; no       ; Off          ; 2.5 V        ; Off         ; --                        ; Fitter               ; no        ;
; module_fault_vector_pin[132] ; AB21  ; 4        ; 70           ; 0            ; 14           ; 3                     ; 0                  ; no     ; no             ; no            ; yes             ; no       ; Off          ; 2.5 V        ; Off         ; --                        ; Fitter               ; no        ;
; module_fault_vector_pin[133] ; W23   ; 5        ; 81           ; 3            ; 7            ; 3                     ; 0                  ; no     ; no             ; no            ; yes             ; no       ; Off          ; 2.5 V        ; Off         ; --                        ; Fitter               ; no        ;
; module_fault_vector_pin[134] ; AA22  ; 4        ; 70           ; 0            ; 0            ; 3                     ; 0                  ; no     ; no             ; no            ; yes             ; no       ; Off          ; 2.5 V        ; Off         ; --                        ; Fitter               ; no        ;
; module_fault_vector_pin[135] ; H22   ; 6        ; 81           ; 62           ; 14           ; 3                     ; 0                  ; no     ; no             ; no            ; yes             ; no       ; Off          ; 2.5 V        ; Off         ; --                        ; Fitter               ; no        ;
; module_fault_vector_pin[136] ; M22   ; 6        ; 81           ; 46           ; 0            ; 3                     ; 0                  ; no     ; no             ; no            ; yes             ; no       ; Off          ; 2.5 V        ; Off         ; --                        ; Fitter               ; no        ;
; module_fault_vector_pin[137] ; K23   ; 6        ; 81           ; 58           ; 7            ; 3                     ; 0                  ; no     ; no             ; no            ; yes             ; no       ; Off          ; 2.5 V        ; Off         ; --                        ; Fitter               ; no        ;
; module_fault_vector_pin[138] ; B25   ; 6        ; 81           ; 64           ; 0            ; 3                     ; 0                  ; no     ; no             ; no            ; yes             ; no       ; Off          ; 2.5 V        ; Off         ; --                        ; Fitter               ; no        ;
; module_fault_vector_pin[139] ; AC26  ; 5        ; 81           ; 8            ; 7            ; 3                     ; 0                  ; no     ; no             ; no            ; yes             ; no       ; Off          ; 2.5 V        ; Off         ; --                        ; Fitter               ; no        ;
; module_fault_vector_pin[13]  ; C15   ; 7        ; 40           ; 67           ; 0            ; 2                     ; 0                  ; no     ; no             ; no            ; yes             ; no       ; Off          ; 2.5 V        ; Off         ; --                        ; Fitter               ; no        ;
; module_fault_vector_pin[140] ; N22   ; 6        ; 81           ; 41           ; 7            ; 3                     ; 0                  ; no     ; no             ; no            ; yes             ; no       ; Off          ; 2.5 V        ; Off         ; --                        ; Fitter               ; no        ;
; module_fault_vector_pin[141] ; M26   ; 6        ; 81           ; 44           ; 0            ; 3                     ; 0                  ; no     ; no             ; no            ; yes             ; no       ; Off          ; 2.5 V        ; Off         ; --                        ; Fitter               ; no        ;
; module_fault_vector_pin[142] ; K26   ; 6        ; 81           ; 49           ; 0            ; 3                     ; 0                  ; no     ; no             ; no            ; yes             ; no       ; Off          ; 2.5 V        ; Off         ; --                        ; Fitter               ; no        ;
; module_fault_vector_pin[143] ; AC23  ; 5        ; 81           ; 4            ; 21           ; 3                     ; 0                  ; no     ; no             ; no            ; yes             ; no       ; Off          ; 2.5 V        ; Off         ; --                        ; Fitter               ; no        ;
; module_fault_vector_pin[144] ; U23   ; 5        ; 81           ; 6            ; 0            ; 3                     ; 0                  ; no     ; no             ; no            ; yes             ; no       ; Off          ; 2.5 V        ; Off         ; --                        ; Fitter               ; no        ;
; module_fault_vector_pin[145] ; P23   ; 5        ; 81           ; 26           ; 0            ; 3                     ; 0                  ; no     ; no             ; no            ; yes             ; no       ; Off          ; 2.5 V        ; Off         ; --                        ; Fitter               ; no        ;
; module_fault_vector_pin[146] ; R25   ; 5        ; 81           ; 23           ; 7            ; 3                     ; 0                  ; no     ; no             ; no            ; yes             ; no       ; Off          ; 2.5 V        ; Off         ; --                        ; Fitter               ; no        ;
; module_fault_vector_pin[147] ; P24   ; 5        ; 81           ; 26           ; 7            ; 3                     ; 0                  ; no     ; no             ; no            ; yes             ; no       ; Off          ; 2.5 V        ; Off         ; --                        ; Fitter               ; no        ;
; module_fault_vector_pin[148] ; T19   ; 5        ; 81           ; 12           ; 7            ; 3                     ; 0                  ; no     ; no             ; no            ; yes             ; no       ; Off          ; 2.5 V        ; Off         ; --                        ; Fitter               ; no        ;
; module_fault_vector_pin[149] ; W22   ; 5        ; 81           ; 6            ; 14           ; 3                     ; 0                  ; no     ; no             ; no            ; yes             ; no       ; Off          ; 2.5 V        ; Off         ; --                        ; Fitter               ; no        ;
; module_fault_vector_pin[14]  ; A15   ; 7        ; 44           ; 67           ; 21           ; 2                     ; 0                  ; no     ; no             ; no            ; yes             ; no       ; Off          ; 2.5 V        ; Off         ; --                        ; Fitter               ; no        ;
; module_fault_vector_pin[150] ; R23   ; 5        ; 81           ; 23           ; 0            ; 3                     ; 0                  ; no     ; no             ; no            ; yes             ; no       ; Off          ; 2.5 V        ; Off         ; --                        ; Fitter               ; no        ;
; module_fault_vector_pin[151] ; AD25  ; 5        ; 81           ; 5            ; 0            ; 3                     ; 0                  ; no     ; no             ; no            ; yes             ; no       ; Off          ; 2.5 V        ; Off         ; --                        ; Fitter               ; no        ;
; module_fault_vector_pin[152] ; J26   ; 6        ; 81           ; 50           ; 7            ; 3                     ; 0                  ; no     ; no             ; no            ; yes             ; no       ; Off          ; 2.5 V        ; Off         ; --                        ; Fitter               ; no        ;
; module_fault_vector_pin[153] ; M19   ; 6        ; 81           ; 44           ; 7            ; 3                     ; 0                  ; no     ; no             ; no            ; yes             ; no       ; Off          ; 2.5 V        ; Off         ; --                        ; Fitter               ; no        ;
; module_fault_vector_pin[154] ; L22   ; 6        ; 81           ; 46           ; 7            ; 3                     ; 0                  ; no     ; no             ; no            ; yes             ; no       ; Off          ; 2.5 V        ; Off         ; --                        ; Fitter               ; no        ;
; module_fault_vector_pin[155] ; J24   ; 6        ; 81           ; 55           ; 7            ; 3                     ; 0                  ; no     ; no             ; no            ; yes             ; no       ; Off          ; 2.5 V        ; Off         ; --                        ; Fitter               ; no        ;
; module_fault_vector_pin[156] ; M25   ; 6        ; 81           ; 46           ; 14           ; 3                     ; 0                  ; no     ; no             ; no            ; yes             ; no       ; Off          ; 2.5 V        ; Off         ; --                        ; Fitter               ; no        ;
; module_fault_vector_pin[157] ; D24   ; 6        ; 81           ; 65           ; 14           ; 3                     ; 0                  ; no     ; no             ; no            ; yes             ; no       ; Off          ; 2.5 V        ; Off         ; --                        ; Fitter               ; no        ;
; module_fault_vector_pin[158] ; L24   ; 6        ; 81           ; 49           ; 14           ; 3                     ; 0                  ; no     ; no             ; no            ; yes             ; no       ; Off          ; 2.5 V        ; Off         ; --                        ; Fitter               ; no        ;
; module_fault_vector_pin[159] ; AA26  ; 5        ; 81           ; 11           ; 7            ; 3                     ; 0                  ; no     ; no             ; no            ; yes             ; no       ; Off          ; 2.5 V        ; Off         ; --                        ; Fitter               ; no        ;
; module_fault_vector_pin[15]  ; B6    ; 8        ; 24           ; 67           ; 14           ; 3                     ; 0                  ; no     ; no             ; no            ; yes             ; no       ; Off          ; 2.5 V        ; Off         ; --                        ; Fitter               ; no        ;
; module_fault_vector_pin[160] ; AB26  ; 5        ; 81           ; 9            ; 7            ; 3                     ; 0                  ; no     ; no             ; no            ; yes             ; no       ; Off          ; 2.5 V        ; Off         ; --                        ; Fitter               ; no        ;
; module_fault_vector_pin[161] ; AB23  ; 5        ; 81           ; 3            ; 14           ; 3                     ; 0                  ; no     ; no             ; no            ; yes             ; no       ; Off          ; 2.5 V        ; Off         ; --                        ; Fitter               ; no        ;
; module_fault_vector_pin[162] ; AA25  ; 5        ; 81           ; 9            ; 0            ; 3                     ; 0                  ; no     ; no             ; no            ; yes             ; no       ; Off          ; 2.5 V        ; Off         ; --                        ; Fitter               ; no        ;
; module_fault_vector_pin[163] ; AC25  ; 5        ; 81           ; 8            ; 0            ; 3                     ; 0                  ; no     ; no             ; no            ; yes             ; no       ; Off          ; 2.5 V        ; Off         ; --                        ; Fitter               ; no        ;
; module_fault_vector_pin[164] ; Y24   ; 5        ; 81           ; 11           ; 21           ; 3                     ; 0                  ; no     ; no             ; no            ; yes             ; no       ; Off          ; 2.5 V        ; Off         ; --                        ; Fitter               ; no        ;
; module_fault_vector_pin[165] ; Y26   ; 5        ; 81           ; 11           ; 14           ; 3                     ; 0                  ; no     ; no             ; no            ; yes             ; no       ; Off          ; 2.5 V        ; Off         ; --                        ; Fitter               ; no        ;
; module_fault_vector_pin[166] ; AE26  ; 5        ; 81           ; 4            ; 14           ; 3                     ; 0                  ; no     ; no             ; no            ; yes             ; no       ; Off          ; 2.5 V        ; Off         ; --                        ; Fitter               ; no        ;
; module_fault_vector_pin[167] ; N25   ; 6        ; 81           ; 34           ; 0            ; 3                     ; 0                  ; no     ; no             ; no            ; yes             ; no       ; Off          ; 2.5 V        ; Off         ; --                        ; Fitter               ; no        ;
; module_fault_vector_pin[168] ; F24   ; 6        ; 81           ; 63           ; 7            ; 3                     ; 0                  ; no     ; no             ; no            ; yes             ; no       ; Off          ; 2.5 V        ; Off         ; --                        ; Fitter               ; no        ;
; module_fault_vector_pin[169] ; W24   ; 5        ; 81           ; 14           ; 7            ; 3                     ; 0                  ; no     ; no             ; no            ; yes             ; no       ; Off          ; 2.5 V        ; Off         ; --                        ; Fitter               ; no        ;
; module_fault_vector_pin[16]  ; C4    ; 8        ; 17           ; 67           ; 0            ; 3                     ; 0                  ; no     ; no             ; no            ; yes             ; no       ; Off          ; 2.5 V        ; Off         ; --                        ; Fitter               ; no        ;
; module_fault_vector_pin[170] ; C16   ; 7        ; 44           ; 67           ; 14           ; 3                     ; 0                  ; no     ; no             ; no            ; yes             ; no       ; Off          ; 2.5 V        ; Off         ; --                        ; Fitter               ; no        ;
; module_fault_vector_pin[171] ; W26   ; 5        ; 81           ; 16           ; 7            ; 3                     ; 0                  ; no     ; no             ; no            ; yes             ; no       ; Off          ; 2.5 V        ; Off         ; --                        ; Fitter               ; no        ;
; module_fault_vector_pin[172] ; T21   ; 5        ; 81           ; 10           ; 7            ; 3                     ; 0                  ; no     ; no             ; no            ; yes             ; no       ; Off          ; 2.5 V        ; Off         ; --                        ; Fitter               ; no        ;
; module_fault_vector_pin[173] ; W25   ; 5        ; 81           ; 14           ; 14           ; 3                     ; 0                  ; no     ; no             ; no            ; yes             ; no       ; Off          ; 2.5 V        ; Off         ; --                        ; Fitter               ; no        ;
; module_fault_vector_pin[174] ; U26   ; 5        ; 81           ; 17           ; 0            ; 3                     ; 0                  ; no     ; no             ; no            ; yes             ; no       ; Off          ; 2.5 V        ; Off         ; --                        ; Fitter               ; no        ;
; module_fault_vector_pin[175] ; D20   ; 7        ; 61           ; 67           ; 7            ; 3                     ; 0                  ; no     ; no             ; no            ; yes             ; no       ; Off          ; 2.5 V        ; Off         ; --                        ; Fitter               ; no        ;
; module_fault_vector_pin[176] ; AD7   ; 3        ; 10           ; 0            ; 7            ; 3                     ; 0                  ; no     ; no             ; no            ; yes             ; no       ; Off          ; 2.5 V        ; Off         ; --                        ; Fitter               ; no        ;
; module_fault_vector_pin[177] ; P26   ; 5        ; 81           ; 34           ; 21           ; 3                     ; 0                  ; no     ; no             ; no            ; yes             ; no       ; Off          ; 2.5 V        ; Off         ; --                        ; Fitter               ; no        ;
; module_fault_vector_pin[178] ; R26   ; 5        ; 81           ; 34           ; 14           ; 3                     ; 0                  ; no     ; no             ; no            ; yes             ; no       ; Off          ; 2.5 V        ; Off         ; --                        ; Fitter               ; no        ;
; module_fault_vector_pin[179] ; AE23  ; 4        ; 58           ; 0            ; 14           ; 3                     ; 0                  ; no     ; no             ; no            ; yes             ; no       ; Off          ; 2.5 V        ; Off         ; --                        ; Fitter               ; no        ;
; module_fault_vector_pin[17]  ; C11   ; 8        ; 26           ; 67           ; 7            ; 3                     ; 0                  ; no     ; no             ; no            ; yes             ; no       ; Off          ; 2.5 V        ; Off         ; --                        ; Fitter               ; no        ;
; module_fault_vector_pin[180] ; AB24  ; 5        ; 81           ; 3            ; 21           ; 3                     ; 0                  ; no     ; no             ; no            ; yes             ; no       ; Off          ; 2.5 V        ; Off         ; --                        ; Fitter               ; no        ;
; module_fault_vector_pin[181] ; AF25  ; 4        ; 61           ; 0            ; 0            ; 3                     ; 0                  ; no     ; no             ; no            ; yes             ; no       ; Off          ; 2.5 V        ; Off         ; --                        ; Fitter               ; no        ;
; module_fault_vector_pin[182] ; N26   ; 6        ; 81           ; 34           ; 7            ; 3                     ; 0                  ; no     ; no             ; no            ; yes             ; no       ; Off          ; 2.5 V        ; Off         ; --                        ; Fitter               ; no        ;
; module_fault_vector_pin[183] ; B5    ; 8        ; 24           ; 67           ; 0            ; 3                     ; 0                  ; no     ; no             ; no            ; yes             ; no       ; Off          ; 2.5 V        ; Off         ; --                        ; Fitter               ; no        ;
; module_fault_vector_pin[184] ; A3    ; 8        ; 19           ; 67           ; 21           ; 3                     ; 0                  ; no     ; no             ; no            ; yes             ; no       ; Off          ; 2.5 V        ; Off         ; --                        ; Fitter               ; no        ;
; module_fault_vector_pin[185] ; A7    ; 8        ; 26           ; 67           ; 0            ; 3                     ; 0                  ; no     ; no             ; no            ; yes             ; no       ; Off          ; 2.5 V        ; Off         ; --                        ; Fitter               ; no        ;
; module_fault_vector_pin[186] ; A5    ; 8        ; 26           ; 67           ; 21           ; 3                     ; 0                  ; no     ; no             ; no            ; yes             ; no       ; Off          ; 2.5 V        ; Off         ; --                        ; Fitter               ; no        ;
; module_fault_vector_pin[187] ; C12   ; 8        ; 26           ; 67           ; 14           ; 3                     ; 0                  ; no     ; no             ; no            ; yes             ; no       ; Off          ; 2.5 V        ; Off         ; --                        ; Fitter               ; no        ;
; module_fault_vector_pin[188] ; E1    ; 8        ; 6            ; 67           ; 7            ; 3                     ; 0                  ; no     ; no             ; no            ; yes             ; no       ; Off          ; 2.5 V        ; Off         ; --                        ; Fitter               ; no        ;
; module_fault_vector_pin[189] ; B9    ; 8        ; 19           ; 67           ; 0            ; 3                     ; 0                  ; no     ; no             ; no            ; yes             ; no       ; Off          ; 2.5 V        ; Off         ; --                        ; Fitter               ; no        ;
; module_fault_vector_pin[18]  ; B10   ; 8        ; 29           ; 67           ; 0            ; 3                     ; 0                  ; no     ; no             ; no            ; yes             ; no       ; Off          ; 2.5 V        ; Off         ; --                        ; Fitter               ; no        ;
; module_fault_vector_pin[190] ; D11   ; 8        ; 24           ; 67           ; 7            ; 3                     ; 0                  ; no     ; no             ; no            ; yes             ; no       ; Off          ; 2.5 V        ; Off         ; --                        ; Fitter               ; no        ;
; module_fault_vector_pin[191] ; V23   ; 5        ; 81           ; 7            ; 0            ; 3                     ; 0                  ; no     ; no             ; no            ; yes             ; no       ; Off          ; 2.5 V        ; Off         ; --                        ; Fitter               ; no        ;
; module_fault_vector_pin[192] ; AD26  ; 5        ; 81           ; 4            ; 0            ; 3                     ; 0                  ; no     ; no             ; no            ; yes             ; no       ; Off          ; 2.5 V        ; Off         ; --                        ; Fitter               ; no        ;
; module_fault_vector_pin[193] ; AA23  ; 5        ; 81           ; 2            ; 0            ; 3                     ; 0                  ; no     ; no             ; no            ; yes             ; no       ; Off          ; 2.5 V        ; Off         ; --                        ; Fitter               ; no        ;
; module_fault_vector_pin[194] ; Y21   ; 4        ; 70           ; 0            ; 7            ; 3                     ; 0                  ; no     ; no             ; no            ; yes             ; no       ; Off          ; 2.5 V        ; Off         ; --                        ; Fitter               ; no        ;
; module_fault_vector_pin[195] ; V21   ; 5        ; 81           ; 6            ; 7            ; 3                     ; 0                  ; no     ; no             ; no            ; yes             ; no       ; Off          ; 2.5 V        ; Off         ; --                        ; Fitter               ; no        ;
; module_fault_vector_pin[196] ; AD24  ; 4        ; 68           ; 0            ; 7            ; 3                     ; 0                  ; no     ; no             ; no            ; yes             ; no       ; Off          ; 2.5 V        ; Off         ; --                        ; Fitter               ; no        ;
; module_fault_vector_pin[197] ; C23   ; 7        ; 68           ; 67           ; 0            ; 3                     ; 0                  ; no     ; no             ; no            ; yes             ; no       ; Off          ; 2.5 V        ; Off         ; --                        ; Fitter               ; no        ;
; module_fault_vector_pin[198] ; AA21  ; 4        ; 68           ; 0            ; 0            ; 3                     ; 0                  ; no     ; no             ; no            ; yes             ; no       ; Off          ; 2.5 V        ; Off         ; --                        ; Fitter               ; no        ;
; module_fault_vector_pin[199] ; R22   ; 5        ; 81           ; 25           ; 21           ; 3                     ; 0                  ; no     ; no             ; no            ; yes             ; no       ; Off          ; 2.5 V        ; Off         ; --                        ; Fitter               ; no        ;
; module_fault_vector_pin[19]  ; B7    ; 8        ; 24           ; 67           ; 21           ; 3                     ; 0                  ; no     ; no             ; no            ; yes             ; no       ; Off          ; 2.5 V        ; Off         ; --                        ; Fitter               ; no        ;
; module_fault_vector_pin[1]   ; D21   ; 7        ; 58           ; 67           ; 0            ; 3                     ; 0                  ; no     ; no             ; no            ; yes             ; no       ; Off          ; 2.5 V        ; Off         ; --                        ; Fitter               ; no        ;
; module_fault_vector_pin[200] ; U24   ; 5        ; 81           ; 11           ; 0            ; 3                     ; 0                  ; no     ; no             ; no            ; yes             ; no       ; Off          ; 2.5 V        ; Off         ; --                        ; Fitter               ; no        ;
; module_fault_vector_pin[201] ; T26   ; 5        ; 81           ; 21           ; 0            ; 3                     ; 0                  ; no     ; no             ; no            ; yes             ; no       ; Off          ; 2.5 V        ; Off         ; --                        ; Fitter               ; no        ;
; module_fault_vector_pin[202] ; AC9   ; 3        ; 15           ; 0            ; 7            ; 3                     ; 0                  ; no     ; no             ; no            ; yes             ; no       ; Off          ; 2.5 V        ; Off         ; --                        ; Fitter               ; no        ;
; module_fault_vector_pin[203] ; R19   ; 5        ; 81           ; 21           ; 7            ; 3                     ; 0                  ; no     ; no             ; no            ; yes             ; no       ; Off          ; 2.5 V        ; Off         ; --                        ; Fitter               ; no        ;
; module_fault_vector_pin[204] ; T25   ; 5        ; 81           ; 19           ; 0            ; 3                     ; 0                  ; no     ; no             ; no            ; yes             ; no       ; Off          ; 2.5 V        ; Off         ; --                        ; Fitter               ; no        ;
; module_fault_vector_pin[205] ; T24   ; 5        ; 81           ; 20           ; 7            ; 3                     ; 0                  ; no     ; no             ; no            ; yes             ; no       ; Off          ; 2.5 V        ; Off         ; --                        ; Fitter               ; no        ;
; module_fault_vector_pin[206] ; U25   ; 5        ; 81           ; 19           ; 7            ; 3                     ; 0                  ; no     ; no             ; no            ; yes             ; no       ; Off          ; 2.5 V        ; Off         ; --                        ; Fitter               ; no        ;
; module_fault_vector_pin[207] ; N19   ; 6        ; 81           ; 39           ; 0            ; 3                     ; 0                  ; no     ; no             ; no            ; yes             ; no       ; Off          ; 2.5 V        ; Off         ; --                        ; Fitter               ; no        ;
; module_fault_vector_pin[208] ; AD17  ; 4        ; 47           ; 0            ; 7            ; 3                     ; 0                  ; no     ; no             ; no            ; yes             ; no       ; Off          ; 2.5 V        ; Off         ; --                        ; Fitter               ; no        ;
; module_fault_vector_pin[209] ; AC24  ; 5        ; 81           ; 3            ; 0            ; 3                     ; 0                  ; no     ; no             ; no            ; yes             ; no       ; Off          ; 2.5 V        ; Off         ; --                        ; Fitter               ; no        ;
; module_fault_vector_pin[20]  ; A4    ; 8        ; 22           ; 67           ; 0            ; 3                     ; 0                  ; no     ; no             ; no            ; yes             ; no       ; Off          ; 2.5 V        ; Off         ; --                        ; Fitter               ; no        ;
; module_fault_vector_pin[210] ; N20   ; 6        ; 81           ; 39           ; 7            ; 3                     ; 0                  ; no     ; no             ; no            ; yes             ; no       ; Off          ; 2.5 V        ; Off         ; --                        ; Fitter               ; no        ;
; module_fault_vector_pin[211] ; L23   ; 6        ; 81           ; 49           ; 7            ; 3                     ; 0                  ; no     ; no             ; no            ; yes             ; no       ; Off          ; 2.5 V        ; Off         ; --                        ; Fitter               ; no        ;
; module_fault_vector_pin[212] ; AD16  ; 4        ; 44           ; 0            ; 7            ; 3                     ; 0                  ; no     ; no             ; no            ; yes             ; no       ; Off          ; 2.5 V        ; Off         ; --                        ; Fitter               ; no        ;
; module_fault_vector_pin[213] ; E21   ; 7        ; 70           ; 67           ; 14           ; 3                     ; 0                  ; no     ; no             ; no            ; yes             ; no       ; Off          ; 2.5 V        ; Off         ; --                        ; Fitter               ; no        ;
; module_fault_vector_pin[214] ; K21   ; 6        ; 81           ; 54           ; 0            ; 3                     ; 0                  ; no     ; no             ; no            ; yes             ; no       ; Off          ; 2.5 V        ; Off         ; --                        ; Fitter               ; no        ;
; module_fault_vector_pin[215] ; V26   ; 5        ; 81           ; 14           ; 0            ; 3                     ; 0                  ; no     ; no             ; no            ; yes             ; no       ; Off          ; 2.5 V        ; Off         ; --                        ; Fitter               ; no        ;
; module_fault_vector_pin[216] ; L26   ; 6        ; 81           ; 47           ; 7            ; 3                     ; 0                  ; no     ; no             ; no            ; yes             ; no       ; Off          ; 2.5 V        ; Off         ; --                        ; Fitter               ; no        ;
; module_fault_vector_pin[217] ; U19   ; 5        ; 81           ; 12           ; 0            ; 3                     ; 0                  ; no     ; no             ; no            ; yes             ; no       ; Off          ; 2.5 V        ; Off         ; --                        ; Fitter               ; no        ;
; module_fault_vector_pin[218] ; P19   ; 5        ; 81           ; 25           ; 0            ; 3                     ; 0                  ; no     ; no             ; no            ; yes             ; no       ; Off          ; 2.5 V        ; Off         ; --                        ; Fitter               ; no        ;
; module_fault_vector_pin[219] ; M23   ; 6        ; 81           ; 41           ; 0            ; 3                     ; 0                  ; no     ; no             ; no            ; yes             ; no       ; Off          ; 2.5 V        ; Off         ; --                        ; Fitter               ; no        ;
; module_fault_vector_pin[21]  ; D3    ; 8        ; 13           ; 67           ; 0            ; 3                     ; 0                  ; no     ; no             ; no            ; yes             ; no       ; Off          ; 2.5 V        ; Off         ; --                        ; Fitter               ; no        ;
; module_fault_vector_pin[220] ; R20   ; 5        ; 81           ; 20           ; 0            ; 3                     ; 0                  ; no     ; no             ; no            ; yes             ; no       ; Off          ; 2.5 V        ; Off         ; --                        ; Fitter               ; no        ;
; module_fault_vector_pin[221] ; C26   ; 6        ; 81           ; 64           ; 21           ; 3                     ; 0                  ; no     ; no             ; no            ; yes             ; no       ; Off          ; 2.5 V        ; Off         ; --                        ; Fitter               ; no        ;
; module_fault_vector_pin[222] ; H25   ; 6        ; 81           ; 53           ; 0            ; 3                     ; 0                  ; no     ; no             ; no            ; yes             ; no       ; Off          ; 2.5 V        ; Off         ; --                        ; Fitter               ; no        ;
; module_fault_vector_pin[223] ; D22   ; 7        ; 65           ; 67           ; 7            ; 3                     ; 0                  ; no     ; no             ; no            ; yes             ; no       ; Off          ; 2.5 V        ; Off         ; --                        ; Fitter               ; no        ;
; module_fault_vector_pin[224] ; G23   ; 6        ; 81           ; 63           ; 0            ; 3                     ; 0                  ; no     ; no             ; no            ; yes             ; no       ; Off          ; 2.5 V        ; Off         ; --                        ; Fitter               ; no        ;
; module_fault_vector_pin[225] ; N24   ; 6        ; 81           ; 42           ; 0            ; 3                     ; 0                  ; no     ; no             ; no            ; yes             ; no       ; Off          ; 2.5 V        ; Off         ; --                        ; Fitter               ; no        ;
; module_fault_vector_pin[226] ; M24   ; 6        ; 81           ; 42           ; 7            ; 3                     ; 0                  ; no     ; no             ; no            ; yes             ; no       ; Off          ; 2.5 V        ; Off         ; --                        ; Fitter               ; no        ;
; module_fault_vector_pin[227] ; G25   ; 6        ; 81           ; 61           ; 14           ; 3                     ; 0                  ; no     ; no             ; no            ; yes             ; no       ; Off          ; 2.5 V        ; Off         ; --                        ; Fitter               ; no        ;
; module_fault_vector_pin[228] ; L21   ; 6        ; 81           ; 50           ; 0            ; 3                     ; 0                  ; no     ; no             ; no            ; yes             ; no       ; Off          ; 2.5 V        ; Off         ; --                        ; Fitter               ; no        ;
; module_fault_vector_pin[229] ; J25   ; 6        ; 81           ; 52           ; 7            ; 3                     ; 0                  ; no     ; no             ; no            ; yes             ; no       ; Off          ; 2.5 V        ; Off         ; --                        ; Fitter               ; no        ;
; module_fault_vector_pin[22]  ; D1    ; 8        ; 6            ; 67           ; 0            ; 3                     ; 0                  ; no     ; no             ; no            ; yes             ; no       ; Off          ; 2.5 V        ; Off         ; --                        ; Fitter               ; no        ;
; module_fault_vector_pin[230] ; K24   ; 6        ; 81           ; 52           ; 0            ; 3                     ; 0                  ; no     ; no             ; no            ; yes             ; no       ; Off          ; 2.5 V        ; Off         ; --                        ; Fitter               ; no        ;
; module_fault_vector_pin[231] ; A20   ; 7        ; 56           ; 67           ; 21           ; 3                     ; 0                  ; no     ; no             ; no            ; yes             ; no       ; Off          ; 2.5 V        ; Off         ; --                        ; Fitter               ; no        ;
; module_fault_vector_pin[232] ; E26   ; 6        ; 81           ; 58           ; 0            ; 3                     ; 0                  ; no     ; no             ; no            ; yes             ; no       ; Off          ; 2.5 V        ; Off         ; --                        ; Fitter               ; no        ;
; module_fault_vector_pin[233] ; A22   ; 7        ; 56           ; 67           ; 7            ; 3                     ; 0                  ; no     ; no             ; no            ; yes             ; no       ; Off          ; 2.5 V        ; Off         ; --                        ; Fitter               ; no        ;
; module_fault_vector_pin[234] ; C21   ; 7        ; 58           ; 67           ; 14           ; 3                     ; 0                  ; no     ; no             ; no            ; yes             ; no       ; Off          ; 2.5 V        ; Off         ; --                        ; Fitter               ; no        ;
; module_fault_vector_pin[235] ; H24   ; 6        ; 81           ; 61           ; 7            ; 2                     ; 0                  ; no     ; no             ; no            ; yes             ; no       ; Off          ; 2.5 V        ; Off         ; --                        ; Fitter               ; no        ;
; module_fault_vector_pin[236] ; H23   ; 6        ; 81           ; 61           ; 0            ; 2                     ; 0                  ; no     ; no             ; no            ; yes             ; no       ; Off          ; 2.5 V        ; Off         ; --                        ; Fitter               ; no        ;
; module_fault_vector_pin[237] ; A2    ; 8        ; 19           ; 67           ; 14           ; 2                     ; 0                  ; no     ; no             ; no            ; yes             ; no       ; Off          ; 2.5 V        ; Off         ; --                        ; Fitter               ; no        ;
; module_fault_vector_pin[238] ; AF9   ; 3        ; 31           ; 0            ; 21           ; 2                     ; 0                  ; no     ; no             ; no            ; yes             ; no       ; Off          ; 2.5 V        ; Off         ; --                        ; Fitter               ; no        ;
; module_fault_vector_pin[239] ; Y23   ; 5        ; 81           ; 2            ; 14           ; 1                     ; 0                  ; no     ; no             ; no            ; yes             ; no       ; Off          ; 2.5 V        ; Off         ; --                        ; Fitter               ; no        ;
; module_fault_vector_pin[23]  ; B2    ; 8        ; 15           ; 67           ; 14           ; 3                     ; 0                  ; no     ; no             ; no            ; yes             ; no       ; Off          ; 2.5 V        ; Off         ; --                        ; Fitter               ; no        ;
; module_fault_vector_pin[24]  ; C10   ; 8        ; 19           ; 67           ; 7            ; 3                     ; 0                  ; no     ; no             ; no            ; yes             ; no       ; Off          ; 2.5 V        ; Off         ; --                        ; Fitter               ; no        ;
; module_fault_vector_pin[25]  ; C2    ; 8        ; 13           ; 67           ; 7            ; 3                     ; 0                  ; no     ; no             ; no            ; yes             ; no       ; Off          ; 2.5 V        ; Off         ; --                        ; Fitter               ; no        ;
; module_fault_vector_pin[26]  ; E9    ; 8        ; 15           ; 67           ; 0            ; 3                     ; 0                  ; no     ; no             ; no            ; yes             ; no       ; Off          ; 2.5 V        ; Off         ; --                        ; Fitter               ; no        ;
; module_fault_vector_pin[27]  ; B1    ; 8        ; 15           ; 67           ; 7            ; 2                     ; 0                  ; no     ; no             ; no            ; yes             ; no       ; Off          ; 2.5 V        ; Off         ; --                        ; Fitter               ; no        ;
; module_fault_vector_pin[28]  ; B4    ; 8        ; 22           ; 67           ; 7            ; 2                     ; 0                  ; no     ; no             ; no            ; yes             ; no       ; Off          ; 2.5 V        ; Off         ; --                        ; Fitter               ; no        ;
; module_fault_vector_pin[29]  ; B14   ; 7        ; 38           ; 67           ; 7            ; 2                     ; 0                  ; no     ; no             ; no            ; yes             ; no       ; Off          ; 2.5 V        ; Off         ; --                        ; Fitter               ; no        ;
; module_fault_vector_pin[2]   ; B19   ; 7        ; 54           ; 67           ; 14           ; 3                     ; 0                  ; no     ; no             ; no            ; yes             ; no       ; Off          ; 2.5 V        ; Off         ; --                        ; Fitter               ; no        ;
; module_fault_vector_pin[30]  ; C13   ; 8        ; 33           ; 67           ; 21           ; 2                     ; 0                  ; no     ; no             ; no            ; yes             ; no       ; Off          ; 2.5 V        ; Off         ; --                        ; Fitter               ; no        ;
; module_fault_vector_pin[31]  ; AC10  ; 3        ; 24           ; 0            ; 0            ; 3                     ; 0                  ; no     ; no             ; no            ; yes             ; no       ; Off          ; 2.5 V        ; Off         ; --                        ; Fitter               ; no        ;
; module_fault_vector_pin[32]  ; AD11  ; 3        ; 22           ; 0            ; 0            ; 3                     ; 0                  ; no     ; no             ; no            ; yes             ; no       ; Off          ; 2.5 V        ; Off         ; --                        ; Fitter               ; no        ;
; module_fault_vector_pin[33]  ; AD10  ; 3        ; 26           ; 0            ; 14           ; 3                     ; 0                  ; no     ; no             ; no            ; yes             ; no       ; Off          ; 2.5 V        ; Off         ; --                        ; Fitter               ; no        ;
; module_fault_vector_pin[34]  ; AE11  ; 3        ; 29           ; 0            ; 7            ; 3                     ; 0                  ; no     ; no             ; no            ; yes             ; no       ; Off          ; 2.5 V        ; Off         ; --                        ; Fitter               ; no        ;
; module_fault_vector_pin[35]  ; A6    ; 8        ; 29           ; 67           ; 21           ; 3                     ; 0                  ; no     ; no             ; no            ; yes             ; no       ; Off          ; 2.5 V        ; Off         ; --                        ; Fitter               ; no        ;
; module_fault_vector_pin[36]  ; AD13  ; 3        ; 31           ; 0            ; 7            ; 3                     ; 0                  ; no     ; no             ; no            ; yes             ; no       ; Off          ; 2.5 V        ; Off         ; --                        ; Fitter               ; no        ;
; module_fault_vector_pin[37]  ; AE13  ; 3        ; 31           ; 0            ; 0            ; 3                     ; 0                  ; no     ; no             ; no            ; yes             ; no       ; Off          ; 2.5 V        ; Off         ; --                        ; Fitter               ; no        ;
; module_fault_vector_pin[38]  ; AC13  ; 3        ; 31           ; 0            ; 14           ; 3                     ; 0                  ; no     ; no             ; no            ; yes             ; no       ; Off          ; 2.5 V        ; Off         ; --                        ; Fitter               ; no        ;
; module_fault_vector_pin[39]  ; AE14  ; 4        ; 40           ; 0            ; 0            ; 3                     ; 0                  ; no     ; no             ; no            ; yes             ; no       ; Off          ; 2.5 V        ; Off         ; --                        ; Fitter               ; no        ;
; module_fault_vector_pin[3]   ; E17   ; 7        ; 54           ; 67           ; 7            ; 2                     ; 0                  ; no     ; no             ; no            ; yes             ; no       ; Off          ; 2.5 V        ; Off         ; --                        ; Fitter               ; no        ;
; module_fault_vector_pin[40]  ; E15   ; 7        ; 42           ; 67           ; 14           ; 3                     ; 0                  ; no     ; no             ; no            ; yes             ; no       ; Off          ; 2.5 V        ; Off         ; --                        ; Fitter               ; no        ;
; module_fault_vector_pin[41]  ; B18   ; 7        ; 49           ; 67           ; 14           ; 3                     ; 0                  ; no     ; no             ; no            ; yes             ; no       ; Off          ; 2.5 V        ; Off         ; --                        ; Fitter               ; no        ;
; module_fault_vector_pin[42]  ; C14   ; 7        ; 42           ; 67           ; 21           ; 3                     ; 0                  ; no     ; no             ; no            ; yes             ; no       ; Off          ; 2.5 V        ; Off         ; --                        ; Fitter               ; no        ;
; module_fault_vector_pin[43]  ; C5    ; 8        ; 17           ; 67           ; 7            ; 3                     ; 0                  ; no     ; no             ; no            ; yes             ; no       ; Off          ; 2.5 V        ; Off         ; --                        ; Fitter               ; no        ;
; module_fault_vector_pin[44]  ; B17   ; 7        ; 44           ; 67           ; 7            ; 3                     ; 0                  ; no     ; no             ; no            ; yes             ; no       ; Off          ; 2.5 V        ; Off         ; --                        ; Fitter               ; no        ;
; module_fault_vector_pin[45]  ; B15   ; 7        ; 42           ; 67           ; 0            ; 3                     ; 0                  ; no     ; no             ; no            ; yes             ; no       ; Off          ; 2.5 V        ; Off         ; --                        ; Fitter               ; no        ;
; module_fault_vector_pin[46]  ; D14   ; 8        ; 31           ; 67           ; 14           ; 3                     ; 0                  ; no     ; no             ; no            ; yes             ; no       ; Off          ; 2.5 V        ; Off         ; --                        ; Fitter               ; no        ;
; module_fault_vector_pin[47]  ; A11   ; 8        ; 31           ; 67           ; 0            ; 3                     ; 0                  ; no     ; no             ; no            ; yes             ; no       ; Off          ; 2.5 V        ; Off         ; --                        ; Fitter               ; no        ;
; module_fault_vector_pin[48]  ; AE9   ; 3        ; 29           ; 0            ; 0            ; 3                     ; 0                  ; no     ; no             ; no            ; yes             ; no       ; Off          ; 2.5 V        ; Off         ; --                        ; Fitter               ; no        ;
; module_fault_vector_pin[49]  ; K22   ; 6        ; 81           ; 54           ; 7            ; 3                     ; 0                  ; no     ; no             ; no            ; yes             ; no       ; Off          ; 2.5 V        ; Off         ; --                        ; Fitter               ; no        ;
; module_fault_vector_pin[4]   ; C19   ; 7        ; 54           ; 67           ; 21           ; 2                     ; 0                  ; no     ; no             ; no            ; yes             ; no       ; Off          ; 2.5 V        ; Off         ; --                        ; Fitter               ; no        ;
; module_fault_vector_pin[50]  ; AD12  ; 3        ; 29           ; 0            ; 14           ; 3                     ; 0                  ; no     ; no             ; no            ; yes             ; no       ; Off          ; 2.5 V        ; Off         ; --                        ; Fitter               ; no        ;
; module_fault_vector_pin[51]  ; AD4   ; 3        ; 6            ; 0            ; 21           ; 3                     ; 0                  ; no     ; no             ; no            ; yes             ; no       ; Off          ; 2.5 V        ; Off         ; --                        ; Fitter               ; no        ;
; module_fault_vector_pin[52]  ; D16   ; 7        ; 44           ; 67           ; 0            ; 3                     ; 0                  ; no     ; no             ; no            ; yes             ; no       ; Off          ; 2.5 V        ; Off         ; --                        ; Fitter               ; no        ;
; module_fault_vector_pin[53]  ; AE10  ; 3        ; 33           ; 0            ; 21           ; 3                     ; 0                  ; no     ; no             ; no            ; yes             ; no       ; Off          ; 2.5 V        ; Off         ; --                        ; Fitter               ; no        ;
; module_fault_vector_pin[54]  ; A14   ; 7        ; 38           ; 67           ; 0            ; 3                     ; 0                  ; no     ; no             ; no            ; yes             ; no       ; Off          ; 2.5 V        ; Off         ; --                        ; Fitter               ; no        ;
; module_fault_vector_pin[55]  ; D26   ; 6        ; 81           ; 59           ; 7            ; 3                     ; 0                  ; no     ; no             ; no            ; yes             ; no       ; Off          ; 2.5 V        ; Off         ; --                        ; Fitter               ; no        ;
; module_fault_vector_pin[56]  ; L19   ; 6        ; 81           ; 43           ; 0            ; 3                     ; 0                  ; no     ; no             ; no            ; yes             ; no       ; Off          ; 2.5 V        ; Off         ; --                        ; Fitter               ; no        ;
; module_fault_vector_pin[57]  ; A16   ; 7        ; 47           ; 67           ; 0            ; 3                     ; 0                  ; no     ; no             ; no            ; yes             ; no       ; Off          ; 2.5 V        ; Off         ; --                        ; Fitter               ; no        ;
; module_fault_vector_pin[58]  ; N23   ; 6        ; 81           ; 41           ; 14           ; 3                     ; 0                  ; no     ; no             ; no            ; yes             ; no       ; Off          ; 2.5 V        ; Off         ; --                        ; Fitter               ; no        ;
; module_fault_vector_pin[59]  ; D17   ; 7        ; 49           ; 67           ; 0            ; 2                     ; 0                  ; no     ; no             ; no            ; yes             ; no       ; Off          ; 2.5 V        ; Off         ; --                        ; Fitter               ; no        ;
; module_fault_vector_pin[5]   ; D19   ; 7        ; 56           ; 67           ; 0            ; 2                     ; 0                  ; no     ; no             ; no            ; yes             ; no       ; Off          ; 2.5 V        ; Off         ; --                        ; Fitter               ; no        ;
; module_fault_vector_pin[60]  ; AE15  ; 4        ; 42           ; 0            ; 14           ; 2                     ; 0                  ; no     ; no             ; no            ; yes             ; no       ; Off          ; 2.5 V        ; Off         ; --                        ; Fitter               ; no        ;
; module_fault_vector_pin[61]  ; A12   ; 8        ; 33           ; 67           ; 0            ; 2                     ; 0                  ; no     ; no             ; no            ; yes             ; no       ; Off          ; 2.5 V        ; Off         ; --                        ; Fitter               ; no        ;
; module_fault_vector_pin[62]  ; B26   ; 6        ; 81           ; 64           ; 7            ; 2                     ; 0                  ; no     ; no             ; no            ; yes             ; no       ; Off          ; 2.5 V        ; Off         ; --                        ; Fitter               ; no        ;
; module_fault_vector_pin[63]  ; G24   ; 6        ; 81           ; 62           ; 7            ; 3                     ; 0                  ; no     ; no             ; no            ; yes             ; no       ; Off          ; 2.5 V        ; Off         ; --                        ; Fitter               ; no        ;
; module_fault_vector_pin[64]  ; E25   ; 6        ; 81           ; 59           ; 14           ; 3                     ; 0                  ; no     ; no             ; no            ; yes             ; no       ; Off          ; 2.5 V        ; Off         ; --                        ; Fitter               ; no        ;
; module_fault_vector_pin[65]  ; D25   ; 6        ; 81           ; 59           ; 0            ; 3                     ; 0                  ; no     ; no             ; no            ; yes             ; no       ; Off          ; 2.5 V        ; Off         ; --                        ; Fitter               ; no        ;
; module_fault_vector_pin[66]  ; F21   ; 6        ; 81           ; 65           ; 0            ; 3                     ; 0                  ; no     ; no             ; no            ; yes             ; no       ; Off          ; 2.5 V        ; Off         ; --                        ; Fitter               ; no        ;
; module_fault_vector_pin[67]  ; B23   ; 7        ; 63           ; 67           ; 0            ; 3                     ; 0                  ; no     ; no             ; no            ; yes             ; no       ; Off          ; 2.5 V        ; Off         ; --                        ; Fitter               ; no        ;
; module_fault_vector_pin[68]  ; A23   ; 7        ; 65           ; 67           ; 14           ; 3                     ; 0                  ; no     ; no             ; no            ; yes             ; no       ; Off          ; 2.5 V        ; Off         ; --                        ; Fitter               ; no        ;
; module_fault_vector_pin[69]  ; E20   ; 7        ; 63           ; 67           ; 7            ; 3                     ; 0                  ; no     ; no             ; no            ; yes             ; no       ; Off          ; 2.5 V        ; Off         ; --                        ; Fitter               ; no        ;
; module_fault_vector_pin[6]   ; A18   ; 7        ; 52           ; 67           ; 14           ; 2                     ; 0                  ; no     ; no             ; no            ; yes             ; no       ; Off          ; 2.5 V        ; Off         ; --                        ; Fitter               ; no        ;
; module_fault_vector_pin[70]  ; A24   ; 7        ; 63           ; 67           ; 14           ; 3                     ; 0                  ; no     ; no             ; no            ; yes             ; no       ; Off          ; 2.5 V        ; Off         ; --                        ; Fitter               ; no        ;
; module_fault_vector_pin[71]  ; E23   ; 7        ; 70           ; 67           ; 0            ; 3                     ; 0                  ; no     ; no             ; no            ; yes             ; no       ; Off          ; 2.5 V        ; Off         ; --                        ; Fitter               ; no        ;
; module_fault_vector_pin[72]  ; D23   ; 7        ; 70           ; 67           ; 7            ; 3                     ; 0                  ; no     ; no             ; no            ; yes             ; no       ; Off          ; 2.5 V        ; Off         ; --                        ; Fitter               ; no        ;
; module_fault_vector_pin[73]  ; E22   ; 7        ; 70           ; 67           ; 21           ; 3                     ; 0                  ; no     ; no             ; no            ; yes             ; no       ; Off          ; 2.5 V        ; Off         ; --                        ; Fitter               ; no        ;
; module_fault_vector_pin[74]  ; G22   ; 6        ; 81           ; 65           ; 7            ; 3                     ; 0                  ; no     ; no             ; no            ; yes             ; no       ; Off          ; 2.5 V        ; Off         ; --                        ; Fitter               ; no        ;
; module_fault_vector_pin[75]  ; B21   ; 7        ; 56           ; 67           ; 14           ; 3                     ; 0                  ; no     ; no             ; no            ; yes             ; no       ; Off          ; 2.5 V        ; Off         ; --                        ; Fitter               ; no        ;
; module_fault_vector_pin[76]  ; C17   ; 7        ; 49           ; 67           ; 21           ; 3                     ; 0                  ; no     ; no             ; no            ; yes             ; no       ; Off          ; 2.5 V        ; Off         ; --                        ; Fitter               ; no        ;
; module_fault_vector_pin[77]  ; D18   ; 7        ; 52           ; 67           ; 7            ; 3                     ; 0                  ; no     ; no             ; no            ; yes             ; no       ; Off          ; 2.5 V        ; Off         ; --                        ; Fitter               ; no        ;
; module_fault_vector_pin[78]  ; B22   ; 7        ; 58           ; 67           ; 7            ; 3                     ; 0                  ; no     ; no             ; no            ; yes             ; no       ; Off          ; 2.5 V        ; Off         ; --                        ; Fitter               ; no        ;
; module_fault_vector_pin[79]  ; T23   ; 5        ; 81           ; 16           ; 0            ; 3                     ; 0                  ; no     ; no             ; no            ; yes             ; no       ; Off          ; 2.5 V        ; Off         ; --                        ; Fitter               ; no        ;
; module_fault_vector_pin[7]   ; B13   ; 8        ; 33           ; 67           ; 14           ; 3                     ; 0                  ; no     ; no             ; no            ; yes             ; no       ; Off          ; 2.5 V        ; Off         ; --                        ; Fitter               ; no        ;
; module_fault_vector_pin[80]  ; P20   ; 5        ; 81           ; 25           ; 7            ; 3                     ; 0                  ; no     ; no             ; no            ; yes             ; no       ; Off          ; 2.5 V        ; Off         ; --                        ; Fitter               ; no        ;
; module_fault_vector_pin[81]  ; L25   ; 6        ; 81           ; 47           ; 0            ; 3                     ; 0                  ; no     ; no             ; no            ; yes             ; no       ; Off          ; 2.5 V        ; Off         ; --                        ; Fitter               ; no        ;
; module_fault_vector_pin[82]  ; R24   ; 5        ; 81           ; 25           ; 14           ; 3                     ; 0                  ; no     ; no             ; no            ; yes             ; no       ; Off          ; 2.5 V        ; Off         ; --                        ; Fitter               ; no        ;
; module_fault_vector_pin[83]  ; AF20  ; 4        ; 54           ; 0            ; 0            ; 3                     ; 0                  ; no     ; no             ; no            ; yes             ; no       ; Off          ; 2.5 V        ; Off         ; --                        ; Fitter               ; no        ;
; module_fault_vector_pin[84]  ; K20   ; 6        ; 81           ; 52           ; 14           ; 3                     ; 0                  ; no     ; no             ; no            ; yes             ; no       ; Off          ; 2.5 V        ; Off         ; --                        ; Fitter               ; no        ;
; module_fault_vector_pin[85]  ; H26   ; 6        ; 81           ; 53           ; 7            ; 3                     ; 0                  ; no     ; no             ; no            ; yes             ; no       ; Off          ; 2.5 V        ; Off         ; --                        ; Fitter               ; no        ;
; module_fault_vector_pin[86]  ; A9    ; 8        ; 29           ; 67           ; 14           ; 3                     ; 0                  ; no     ; no             ; no            ; yes             ; no       ; Off          ; 2.5 V        ; Off         ; --                        ; Fitter               ; no        ;
; module_fault_vector_pin[87]  ; C25   ; 6        ; 81           ; 64           ; 14           ; 3                     ; 0                  ; no     ; no             ; no            ; yes             ; no       ; Off          ; 2.5 V        ; Off         ; --                        ; Fitter               ; no        ;
; module_fault_vector_pin[88]  ; A19   ; 7        ; 52           ; 67           ; 21           ; 3                     ; 0                  ; no     ; no             ; no            ; yes             ; no       ; Off          ; 2.5 V        ; Off         ; --                        ; Fitter               ; no        ;
; module_fault_vector_pin[89]  ; A21   ; 7        ; 54           ; 67           ; 0            ; 3                     ; 0                  ; no     ; no             ; no            ; yes             ; no       ; Off          ; 2.5 V        ; Off         ; --                        ; Fitter               ; no        ;
; module_fault_vector_pin[8]   ; B11   ; 8        ; 31           ; 67           ; 7            ; 3                     ; 0                  ; no     ; no             ; no            ; yes             ; no       ; Off          ; 2.5 V        ; Off         ; --                        ; Fitter               ; no        ;
; module_fault_vector_pin[90]  ; E16   ; 7        ; 49           ; 67           ; 7            ; 3                     ; 0                  ; no     ; no             ; no            ; yes             ; no       ; Off          ; 2.5 V        ; Off         ; --                        ; Fitter               ; no        ;
; module_fault_vector_pin[91]  ; J23   ; 6        ; 81           ; 56           ; 0            ; 3                     ; 0                  ; no     ; no             ; no            ; yes             ; no       ; Off          ; 2.5 V        ; Off         ; --                        ; Fitter               ; no        ;
; module_fault_vector_pin[92]  ; F26   ; 6        ; 81           ; 55           ; 0            ; 3                     ; 0                  ; no     ; no             ; no            ; yes             ; no       ; Off          ; 2.5 V        ; Off         ; --                        ; Fitter               ; no        ;
; module_fault_vector_pin[93]  ; C20   ; 7        ; 58           ; 67           ; 21           ; 3                     ; 0                  ; no     ; no             ; no            ; yes             ; no       ; Off          ; 2.5 V        ; Off         ; --                        ; Fitter               ; no        ;
; module_fault_vector_pin[94]  ; G26   ; 6        ; 81           ; 56           ; 7            ; 3                     ; 0                  ; no     ; no             ; no            ; yes             ; no       ; Off          ; 2.5 V        ; Off         ; --                        ; Fitter               ; no        ;
; module_fault_vector_pin[95]  ; AE22  ; 4        ; 56           ; 0            ; 0            ; 3                     ; 0                  ; no     ; no             ; no            ; yes             ; no       ; Off          ; 2.5 V        ; Off         ; --                        ; Fitter               ; no        ;
; module_fault_vector_pin[96]  ; F23   ; 6        ; 81           ; 62           ; 0            ; 3                     ; 0                  ; no     ; no             ; no            ; yes             ; no       ; Off          ; 2.5 V        ; Off         ; --                        ; Fitter               ; no        ;
; module_fault_vector_pin[97]  ; AF24  ; 4        ; 58           ; 0            ; 0            ; 3                     ; 0                  ; no     ; no             ; no            ; yes             ; no       ; Off          ; 2.5 V        ; Off         ; --                        ; Fitter               ; no        ;
; module_fault_vector_pin[98]  ; Y22   ; 5        ; 81           ; 2            ; 21           ; 3                     ; 0                  ; no     ; no             ; no            ; yes             ; no       ; Off          ; 2.5 V        ; Off         ; --                        ; Fitter               ; no        ;
; module_fault_vector_pin[99]  ; AE25  ; 5        ; 81           ; 4            ; 7            ; 3                     ; 0                  ; no     ; no             ; no            ; yes             ; no       ; Off          ; 2.5 V        ; Off         ; --                        ; Fitter               ; no        ;
; module_fault_vector_pin[9]   ; A10   ; 8        ; 31           ; 67           ; 21           ; 3                     ; 0                  ; no     ; no             ; no            ; yes             ; no       ; Off          ; 2.5 V        ; Off         ; --                        ; Fitter               ; no        ;
; rst_n_pin                    ; AF14  ; 4        ; 38           ; 0            ; 0            ; 64                    ; 0                  ; yes    ; no             ; no            ; yes             ; no       ; Off          ; 2.5 V        ; Off         ; --                        ; Fitter               ; no        ;
+------------------------------+-------+----------+--------------+--------------+--------------+-----------------------+--------------------+--------+----------------+---------------+-----------------+----------+--------------+--------------+-------------+---------------------------+----------------------+-----------+


+----------------------------------------------------------------------------------------------------------------------------------------------------------------------------------------------------------------------------------------------------------------------------------------------------------------------------------------------------------------------------------------------------------------------------------------------------------------------+
; Output Pins                                                                                                                                                                                                                                                                                                                                                                                                                                                          ;
+---------------------+-------+----------+--------------+--------------+--------------+-----------------+------------------------+---------------+-----------+-----------------+------------+---------------+----------+--------------+--------------+------------------+-----------------------------------+---------------------------+----------------------------+-----------------------------+----------------------+----------------------+---------------------+
; Name                ; Pin # ; I/O Bank ; X coordinate ; Y coordinate ; Z coordinate ; Output Register ; Output Enable Register ; Power Up High ; Slew Rate ; PCI I/O Enabled ; Open Drain ; TRI Primitive ; Bus Hold ; Weak Pull Up ; I/O Standard ; Current Strength ; Termination                       ; Termination Control Block ; Output Buffer Pre-emphasis ; Voltage Output Differential ; Location assigned by ; Output Enable Source ; Output Enable Group ;
+---------------------+-------+----------+--------------+--------------+--------------+-----------------+------------------------+---------------+-----------+-----------------+------------+---------------+----------+--------------+--------------+------------------+-----------------------------------+---------------------------+----------------------------+-----------------------------+----------------------+----------------------+---------------------+
; psu_contactor_pin   ; A17   ; 7        ; 47           ; 67           ; 7            ; no              ; no                     ; no            ; 2         ; no              ; no         ; no            ; no       ; Off          ; 2.5 V        ; Default          ; Series 50 Ohm without Calibration ; --                        ; no                         ; no                          ; Fitter               ; -                    ; -                   ;
; rf_gate_disable_pin ; AC6   ; 3        ; 10           ; 0            ; 21           ; no              ; no                     ; no            ; 2         ; no              ; no         ; no            ; no       ; Off          ; 2.5 V        ; Default          ; Series 50 Ohm without Calibration ; --                        ; no                         ; no                          ; Fitter               ; -                    ; -                   ;
+---------------------+-------+----------+--------------+--------------+--------------+-----------------+------------------------+---------------+-----------+-----------------+------------+---------------+----------+--------------+--------------+------------------+-----------------------------------+---------------------------+----------------------------+-----------------------------+----------------------+----------------------+---------------------+


+------------------------------------------------------------------------------------------------------------------------+
; Dual Purpose and Dedicated Pins                                                                                        ;
+----------+-----------------------+--------------------------+------------------------------+---------------------------+
; Location ; Pin Name              ; Reserved As              ; User Signal Name             ; Pin Type                  ;
+----------+-----------------------+--------------------------+------------------------------+---------------------------+
; W7       ; MSEL3                 ; -                        ; -                            ; Dedicated Programming Pin ;
; Y6       ; MSEL2                 ; -                        ; -                            ; Dedicated Programming Pin ;
; Y7       ; MSEL1                 ; -                        ; -                            ; Dedicated Programming Pin ;
; AA6      ; MSEL0                 ; -                        ; -                            ; Dedicated Programming Pin ;
; AB6      ; CONF_DONE             ; -                        ; -                            ; Dedicated Programming Pin ;
; AA5      ; nSTATUS               ; -                        ; -                            ; Dedicated Programming Pin ;
; AB7      ; INIT_DONE             ; Use as regular IO        ; adc_p_refl_pin[10]           ; Dual Purpose Pin          ;
; AE2      ; DIFFIO_B1n, DATA6     ; Use as regular IO        ; module_fault_vector_pin[120] ; Dual Purpose Pin          ;
; AF2      ; DIFFIO_B2p, DATA7     ; Use as regular IO        ; adc_p_drive_pin[8]           ; Dual Purpose Pin          ;
; AC6      ; DIFFIO_B3p, CRC_ERROR ; Use as regular IO        ; rf_gate_disable_pin          ; Dual Purpose Pin          ;
; AC7      ; DIFFIO_B3n, NCEO      ; Use as programming pin   ; ~ALTERA_NCEO~                ; Dual Purpose Pin          ;
; W22      ; DIFFIO_R44n, DEV_OE   ; Use as regular IO        ; module_fault_vector_pin[149] ; Dual Purpose Pin          ;
; V21      ; DIFFIO_R44p, DEV_CLRn ; Use as regular IO        ; module_fault_vector_pin[195] ; Dual Purpose Pin          ;
; C7       ; DIFFIO_T2p, DATA3     ; Use as regular IO        ; adc_p_refl_pin[2]            ; Dual Purpose Pin          ;
; D6       ; DATA0                 ; As input tri-stated      ; ~ALTERA_DATA0~               ; Dual Purpose Pin          ;
; E6       ; DATA1, ASDO           ; As input tri-stated      ; ~ALTERA_ASDO_DATA1~          ; Dual Purpose Pin          ;
; D5       ; NCSO                  ; As input tri-stated      ; ~ALTERA_NCSO~                ; Dual Purpose Pin          ;
; F6       ; DCLK                  ; As output driving ground ; ~ALTERA_DCLK~                ; Dual Purpose Pin          ;
; E5       ; nCONFIG               ; -                        ; -                            ; Dedicated Programming Pin ;
; H7       ; nCE                   ; -                        ; -                            ; Dedicated Programming Pin ;
+----------+-----------------------+--------------------------+------------------------------+---------------------------+


+--------------------------------------------------------------------------------+
; I/O Bank Usage                                                                 ;
+----------+-------------------+---------------+--------------+------------------+
; I/O Bank ; Usage             ; VCCIO Voltage ; VREF Voltage ; VCCCLKIN Voltage ;
+----------+-------------------+---------------+--------------+------------------+
; QL1      ; 0 / 16 ( 0 % )    ; --            ; --           ; --               ;
; QL0      ; 0 / 16 ( 0 % )    ; --            ; --           ; --               ;
; 3        ; 38 / 46 ( 83 % )  ; 2.5V          ; --           ; --               ;
; 3B       ; 0 / 4 ( 0 % )     ; --            ; --           ; 2.5V             ;
; 3A       ; 2 / 2 ( 100 % )   ; --            ; --           ; 2.5V             ;
; 4        ; 45 / 45 ( 100 % ) ; 2.5V          ; --           ; --               ;
; 5        ; 55 / 55 ( 100 % ) ; 2.5V          ; --           ; --               ;
; 6        ; 54 / 55 ( 98 % )  ; 2.5V          ; --           ; --               ;
; 7        ; 46 / 46 ( 100 % ) ; 2.5V          ; --           ; --               ;
; 8A       ; 0 / 2 ( 0 % )     ; --            ; --           ; 2.5V             ;
; 8        ; 40 / 48 ( 83 % )  ; 2.5V          ; --           ; --               ;
; 8B       ; 0 / 4 ( 0 % )     ; --            ; --           ; 2.5V             ;
; 9        ; 4 / 4 ( 100 % )   ; 2.5V          ; --           ; --               ;
+----------+-------------------+---------------+--------------+------------------+


+-------------------------------------------------------------------------------------------------------------------------------------------------------------------------------------+
; All Package Pins                                                                                                                                                                    ;
+----------+------------+----------+-------------------------------------------------------+--------+--------------+---------+------------+-----------------+----------+--------------+
; Location ; Pad Number ; I/O Bank ; Pin Name/Usage                                        ; Dir.   ; I/O Standard ; Voltage ; I/O Type   ; User Assignment ; Bus Hold ; Weak Pull Up ;
+----------+------------+----------+-------------------------------------------------------+--------+--------------+---------+------------+-----------------+----------+--------------+
; A2       ; 317        ; 8        ; module_fault_vector_pin[237]                          ; input  ; 2.5 V        ;         ; Column I/O ; N               ; no       ; Off          ;
; A3       ; 318        ; 8        ; module_fault_vector_pin[184]                          ; input  ; 2.5 V        ;         ; Column I/O ; N               ; no       ; Off          ;
; A4       ; 313        ; 8        ; module_fault_vector_pin[20]                           ; input  ; 2.5 V        ;         ; Column I/O ; N               ; no       ; Off          ;
; A5       ; 308        ; 8        ; module_fault_vector_pin[186]                          ; input  ; 2.5 V        ;         ; Column I/O ; N               ; no       ; Off          ;
; A6       ; 304        ; 8        ; module_fault_vector_pin[35]                           ; input  ; 2.5 V        ;         ; Column I/O ; N               ; no       ; Off          ;
; A7       ; 305        ; 8        ; module_fault_vector_pin[185]                          ; input  ; 2.5 V        ;         ; Column I/O ; N               ; no       ; Off          ;
; A8       ; 302        ; 8        ; module_fault_vector_pin[11]                           ; input  ; 2.5 V        ;         ; Column I/O ; N               ; no       ; Off          ;
; A9       ; 303        ; 8        ; module_fault_vector_pin[86]                           ; input  ; 2.5 V        ;         ; Column I/O ; N               ; no       ; Off          ;
; A10      ; 300        ; 8        ; module_fault_vector_pin[9]                            ; input  ; 2.5 V        ;         ; Column I/O ; N               ; no       ; Off          ;
; A11      ; 297        ; 8        ; module_fault_vector_pin[47]                           ; input  ; 2.5 V        ;         ; Column I/O ; N               ; no       ; Off          ;
; A12      ; 293        ; 8        ; module_fault_vector_pin[61]                           ; input  ; 2.5 V        ;         ; Column I/O ; N               ; no       ; Off          ;
; A13      ; 294        ; 8        ; module_fault_vector_pin[12]                           ; input  ; 2.5 V        ;         ; Column I/O ; N               ; no       ; Off          ;
; A14      ; 289        ; 7        ; module_fault_vector_pin[54]                           ; input  ; 2.5 V        ;         ; Column I/O ; N               ; no       ; Off          ;
; A15      ; 283        ; 7        ; module_fault_vector_pin[14]                           ; input  ; 2.5 V        ;         ; Column I/O ; N               ; no       ; Off          ;
; A16      ; 278        ; 7        ; module_fault_vector_pin[57]                           ; input  ; 2.5 V        ;         ; Column I/O ; N               ; no       ; Off          ;
; A17      ; 279        ; 7        ; psu_contactor_pin                                     ; output ; 2.5 V        ;         ; Column I/O ; N               ; no       ; Off          ;
; A18      ; 272        ; 7        ; module_fault_vector_pin[6]                            ; input  ; 2.5 V        ;         ; Column I/O ; N               ; no       ; Off          ;
; A19      ; 273        ; 7        ; module_fault_vector_pin[88]                           ; input  ; 2.5 V        ;         ; Column I/O ; N               ; no       ; Off          ;
; A20      ; 265        ; 7        ; module_fault_vector_pin[231]                          ; input  ; 2.5 V        ;         ; Column I/O ; N               ; no       ; Off          ;
; A21      ; 266        ; 7        ; module_fault_vector_pin[89]                           ; input  ; 2.5 V        ;         ; Column I/O ; N               ; no       ; Off          ;
; A22      ; 263        ; 7        ; module_fault_vector_pin[233]                          ; input  ; 2.5 V        ;         ; Column I/O ; N               ; no       ; Off          ;
; A23      ; 252        ; 7        ; module_fault_vector_pin[68]                           ; input  ; 2.5 V        ;         ; Column I/O ; N               ; no       ; Off          ;
; A24      ; 255        ; 7        ; module_fault_vector_pin[70]                           ; input  ; 2.5 V        ;         ; Column I/O ; N               ; no       ; Off          ;
; A25      ; 256        ; 7        ; adc_p_refl_pin[1]                                     ; input  ; 2.5 V        ;         ; Column I/O ; N               ; no       ; Off          ;
; AA1      ; 31         ; QL0      ; GXB_GND*                                              ;        ;              ;         ; --         ;                 ; --       ; --           ;
; AA2      ; 30         ; QL0      ; GXB_GND*                                              ;        ;              ;         ; --         ;                 ; --       ; --           ;
; AA3      ;            ; --       ; VCCL_GXB                                              ; power  ;              ; 1.2V    ; --         ;                 ; --       ; --           ;
; AA4      ;            ; --       ; VCCL_GXB                                              ; power  ;              ; 1.2V    ; --         ;                 ; --       ; --           ;
; AA5      ; 37         ; 3        ; ^nSTATUS                                              ;        ;              ;         ; --         ;                 ; --       ; --           ;
; AA6      ; 35         ; 3        ; ^MSEL0                                                ;        ;              ;         ; --         ;                 ; --       ; --           ;
; AA7      ;            ;          ; NC                                                    ;        ;              ;         ; --         ;                 ; --       ; --           ;
; AA8      ;            ;          ; NC                                                    ;        ;              ;         ; --         ;                 ; --       ; --           ;
; AA9      ;            ;          ; NC                                                    ;        ;              ;         ; --         ;                 ; --       ; --           ;
; AA10     ;            ; 3        ; VCCIO3                                                ; power  ;              ; 2.5V    ; --         ;                 ; --       ; --           ;
; AA11     ;            ; 3        ; VCCIO3                                                ; power  ;              ; 2.5V    ; --         ;                 ; --       ; --           ;
; AA12     ;            ; 3        ; VCCIO3                                                ; power  ;              ; 2.5V    ; --         ;                 ; --       ; --           ;
; AA13     ;            ; 3        ; VCCIO3                                                ; power  ;              ; 2.5V    ; --         ;                 ; --       ; --           ;
; AA14     ;            ; 3        ; VCCIO3                                                ; power  ;              ; 2.5V    ; --         ;                 ; --       ; --           ;
; AA15     ;            ;          ; GND                                                   ; gnd    ;              ;         ; --         ;                 ; --       ; --           ;
; AA16     ;            ; 4        ; VCCIO4                                                ; power  ;              ; 2.5V    ; --         ;                 ; --       ; --           ;
; AA17     ;            ;          ; GND                                                   ; gnd    ;              ;         ; --         ;                 ; --       ; --           ;
; AA18     ;            ; 4        ; VCCIO4                                                ; power  ;              ; 2.5V    ; --         ;                 ; --       ; --           ;
; AA19     ;            ; 4        ; VCCIO4                                                ; power  ;              ; 2.5V    ; --         ;                 ; --       ; --           ;
; AA20     ;            ;          ; GND                                                   ; gnd    ;              ;         ; --         ;                 ; --       ; --           ;
; AA21     ; 131        ; 4        ; module_fault_vector_pin[198]                          ; input  ; 2.5 V        ;         ; Column I/O ; N               ; no       ; Off          ;
; AA22     ; 134        ; 4        ; module_fault_vector_pin[134]                          ; input  ; 2.5 V        ;         ; Column I/O ; N               ; no       ; Off          ;
; AA23     ; 138        ; 5        ; module_fault_vector_pin[193]                          ; input  ; 2.5 V        ;         ; Row I/O    ; N               ; no       ; Off          ;
; AA24     ; 137        ; 5        ; module_fault_vector_pin[129]                          ; input  ; 2.5 V        ;         ; Row I/O    ; N               ; no       ; Off          ;
; AA25     ; 157        ; 5        ; module_fault_vector_pin[162]                          ; input  ; 2.5 V        ;         ; Row I/O    ; N               ; no       ; Off          ;
; AA26     ; 163        ; 5        ; module_fault_vector_pin[159]                          ; input  ; 2.5 V        ;         ; Row I/O    ; N               ; no       ; Off          ;
; AB1      ;            ;          ; GND                                                   ; gnd    ;              ;         ; --         ;                 ; --       ; --           ;
; AB2      ;            ;          ; GND                                                   ; gnd    ;              ;         ; --         ;                 ; --       ; --           ;
; AB3      ;            ;          ; NC                                                    ;        ;              ;         ; --         ;                 ; --       ; --           ;
; AB4      ;            ;          ; NC                                                    ;        ;              ;         ; --         ;                 ; --       ; --           ;
; AB5      ; 42         ; 3        ; RESERVED_INPUT_WITH_WEAK_PULLUP                       ;        ;              ;         ; Column I/O ;                 ; no       ; On           ;
; AB6      ; 36         ; 3        ; ^CONF_DONE                                            ;        ;              ;         ; --         ;                 ; --       ; --           ;
; AB7      ; 48         ; 3        ; adc_p_refl_pin[10]                                    ; input  ; 2.5 V        ;         ; Column I/O ; N               ; no       ; Off          ;
; AB8      ;            ;          ; NC                                                    ;        ;              ;         ; --         ;                 ; --       ; --           ;
; AB9      ; 59         ; 3        ; RESERVED_INPUT_WITH_WEAK_PULLUP                       ;        ;              ;         ; Column I/O ;                 ; --       ; --           ;
; AB10     ;            ;          ; GND                                                   ; gnd    ;              ;         ; --         ;                 ; --       ; --           ;
; AB11     ; 66         ; 3        ; adc_p_drive_pin[13]                                   ; input  ; 2.5 V        ;         ; Column I/O ; N               ; no       ; Off          ;
; AB12     ; 70         ; 3        ; adc_p_drive_pin[3]                                    ; input  ; 2.5 V        ;         ; Column I/O ; N               ; no       ; Off          ;
; AB13     ;            ;          ; GND                                                   ; gnd    ;              ;         ; --         ;                 ; --       ; --           ;
; AB14     ; 98         ; 4        ; adc_p_refl_pin[9]                                     ; input  ; 2.5 V        ;         ; Column I/O ; N               ; no       ; Off          ;
; AB15     ;            ;          ; NC                                                    ;        ;              ;         ; --         ;                 ; --       ; --           ;
; AB16     ;            ;          ; GND                                                   ; gnd    ;              ;         ; --         ;                 ; --       ; --           ;
; AB17     ;            ; 4        ; VCCIO4                                                ; power  ;              ; 2.5V    ; --         ;                 ; --       ; --           ;
; AB18     ; 109        ; 4        ; module_fault_vector_pin[115]                          ; input  ; 2.5 V        ;         ; Column I/O ; N               ; no       ; Off          ;
; AB19     ;            ;          ; GND                                                   ; gnd    ;              ;         ; --         ;                 ; --       ; --           ;
; AB20     ;            ;          ; NC                                                    ;        ;              ;         ; --         ;                 ; --       ; --           ;
; AB21     ; 132        ; 4        ; module_fault_vector_pin[132]                          ; input  ; 2.5 V        ;         ; Column I/O ; N               ; no       ; Off          ;
; AB22     ;            ;          ; GND                                                   ; gnd    ;              ;         ; --         ;                 ; --       ; --           ;
; AB23     ; 140        ; 5        ; module_fault_vector_pin[161]                          ; input  ; 2.5 V        ;         ; Row I/O    ; N               ; no       ; Off          ;
; AB24     ; 139        ; 5        ; module_fault_vector_pin[180]                          ; input  ; 2.5 V        ;         ; Row I/O    ; N               ; no       ; Off          ;
; AB25     ;            ;          ; GND                                                   ; gnd    ;              ;         ; --         ;                 ; --       ; --           ;
; AB26     ; 156        ; 5        ; module_fault_vector_pin[160]                          ; input  ; 2.5 V        ;         ; Row I/O    ; N               ; no       ; Off          ;
; AC1      ;            ;          ; RREF                                                  ;        ;              ;         ; --         ;                 ; --       ; --           ;
; AC2      ;            ;          ; GND                                                   ; gnd    ;              ;         ; --         ;                 ; --       ; --           ;
; AC3      ;            ; --       ; VCCA_GXB                                              ; power  ;              ; 2.5V    ; --         ;                 ; --       ; --           ;
; AC4      ; 44         ; 3        ; RESERVED_INPUT_WITH_WEAK_PULLUP                       ;        ;              ;         ; Column I/O ;                 ; no       ; On           ;
; AC5      ; 43         ; 3        ; RESERVED_INPUT_WITH_WEAK_PULLUP                       ;        ;              ;         ; Column I/O ;                 ; no       ; On           ;
; AC6      ; 53         ; 3        ; rf_gate_disable_pin                                   ; output ; 2.5 V        ;         ; Column I/O ; N               ; no       ; Off          ;
; AC7      ; 54         ; 3        ; ~ALTERA_NCEO~ / RESERVED_OUTPUT_OPEN_DRAIN            ; output ; 2.5 V        ;         ; Column I/O ; N               ; no       ; Off          ;
; AC8      ;            ;          ; GND                                                   ; gnd    ;              ;         ; --         ;                 ; --       ; --           ;
; AC9      ; 60         ; 3        ; module_fault_vector_pin[202]                          ; input  ; 2.5 V        ;         ; Column I/O ; N               ; no       ; Off          ;
; AC10     ; 73         ; 3        ; module_fault_vector_pin[31]                           ; input  ; 2.5 V        ;         ; Column I/O ; N               ; no       ; Off          ;
; AC11     ; 67         ; 3        ; adc_p_drive_pin[9]                                    ; input  ; 2.5 V        ;         ; Column I/O ; N               ; no       ; Off          ;
; AC12     ; 71         ; 3        ; adc_p_drive_pin[10]                                   ; input  ; 2.5 V        ;         ; Column I/O ; N               ; no       ; Off          ;
; AC13     ; 81         ; 3        ; module_fault_vector_pin[38]                           ; input  ; 2.5 V        ;         ; Column I/O ; N               ; no       ; Off          ;
; AC14     ; 92         ; 4        ; module_fault_vector_pin[123]                          ; input  ; 2.5 V        ;         ; Column I/O ; N               ; no       ; Off          ;
; AC15     ;            ;          ; NC                                                    ;        ;              ;         ; --         ;                 ; --       ; --           ;
; AC16     ; 99         ; 4        ; adc_p_refl_pin[14]                                    ; input  ; 2.5 V        ;         ; Column I/O ; N               ; no       ; Off          ;
; AC17     ; 101        ; 4        ; module_fault_vector_pin[112]                          ; input  ; 2.5 V        ;         ; Column I/O ; N               ; no       ; Off          ;
; AC18     ; 107        ; 4        ; adc_p_refl_pin[6]                                     ; input  ; 2.5 V        ;         ; Column I/O ; N               ; no       ; Off          ;
; AC19     ; 110        ; 4        ; adc_p_refl_pin[15]                                    ; input  ; 2.5 V        ;         ; Column I/O ; N               ; no       ; Off          ;
; AC20     ; 124        ; 4        ; module_fault_vector_pin[107]                          ; input  ; 2.5 V        ;         ; Column I/O ; N               ; no       ; Off          ;
; AC21     ; 127        ; 4        ; module_fault_vector_pin[106]                          ; input  ; 2.5 V        ;         ; Column I/O ; N               ; no       ; Off          ;
; AC22     ; 125        ; 4        ; module_fault_vector_pin[108]                          ; input  ; 2.5 V        ;         ; Column I/O ; N               ; no       ; Off          ;
; AC23     ; 143        ; 5        ; module_fault_vector_pin[143]                          ; input  ; 2.5 V        ;         ; Row I/O    ; N               ; no       ; Off          ;
; AC24     ; 142        ; 5        ; module_fault_vector_pin[209]                          ; input  ; 2.5 V        ;         ; Row I/O    ; N               ; no       ; Off          ;
; AC25     ; 155        ; 5        ; module_fault_vector_pin[163]                          ; input  ; 2.5 V        ;         ; Row I/O    ; N               ; no       ; Off          ;
; AC26     ; 154        ; 5        ; module_fault_vector_pin[139]                          ; input  ; 2.5 V        ;         ; Row I/O    ; N               ; no       ; Off          ;
; AD1      ;            ;          ; GND                                                   ; gnd    ;              ;         ; --         ;                 ; --       ; --           ;
; AD2      ;            ; --       ; VCCL_GXB                                              ; power  ;              ; 1.2V    ; --         ;                 ; --       ; --           ;
; AD3      ; 46         ; 3        ; RESERVED_INPUT_WITH_WEAK_PULLUP                       ;        ;              ;         ; Column I/O ;                 ; no       ; On           ;
; AD4      ; 45         ; 3        ; module_fault_vector_pin[51]                           ; input  ; 2.5 V        ;         ; Column I/O ; N               ; no       ; Off          ;
; AD5      ; 57         ; 3        ; adc_p_drive_pin[12]                                   ; input  ; 2.5 V        ;         ; Column I/O ; N               ; no       ; Off          ;
; AD6      ; 58         ; 3        ; adc_p_drive_pin[0]                                    ; input  ; 2.5 V        ;         ; Column I/O ; N               ; no       ; Off          ;
; AD7      ; 55         ; 3        ; module_fault_vector_pin[176]                          ; input  ; 2.5 V        ;         ; Column I/O ; N               ; no       ; Off          ;
; AD8      ; 56         ; 3        ; adc_p_drive_pin[4]                                    ; input  ; 2.5 V        ;         ; Column I/O ; N               ; no       ; Off          ;
; AD9      ; 61         ; 3        ; adc_p_drive_pin[11]                                   ; input  ; 2.5 V        ;         ; Column I/O ; N               ; no       ; Off          ;
; AD10     ; 74         ; 3        ; module_fault_vector_pin[33]                           ; input  ; 2.5 V        ;         ; Column I/O ; N               ; no       ; Off          ;
; AD11     ; 72         ; 3        ; module_fault_vector_pin[32]                           ; input  ; 2.5 V        ;         ; Column I/O ; N               ; no       ; Off          ;
; AD12     ; 77         ; 3        ; module_fault_vector_pin[50]                           ; input  ; 2.5 V        ;         ; Column I/O ; N               ; no       ; Off          ;
; AD13     ; 82         ; 3        ; module_fault_vector_pin[36]                           ; input  ; 2.5 V        ;         ; Column I/O ; N               ; no       ; Off          ;
; AD14     ; 93         ; 4        ; adc_p_refl_pin[13]                                    ; input  ; 2.5 V        ;         ; Column I/O ; N               ; no       ; Off          ;
; AD15     ;            ;          ; NC                                                    ;        ;              ;         ; --         ;                 ; --       ; --           ;
; AD16     ; 100        ; 4        ; module_fault_vector_pin[212]                          ; input  ; 2.5 V        ;         ; Column I/O ; N               ; no       ; Off          ;
; AD17     ; 102        ; 4        ; module_fault_vector_pin[208]                          ; input  ; 2.5 V        ;         ; Column I/O ; N               ; no       ; Off          ;
; AD18     ; 108        ; 4        ; module_fault_vector_pin[118]                          ; input  ; 2.5 V        ;         ; Column I/O ; N               ; no       ; Off          ;
; AD19     ; 111        ; 4        ; adc_p_refl_pin[3]                                     ; input  ; 2.5 V        ;         ; Column I/O ; N               ; no       ; Off          ;
; AD20     ; 116        ; 4        ; module_fault_vector_pin[101]                          ; input  ; 2.5 V        ;         ; Column I/O ; N               ; no       ; Off          ;
; AD21     ; 128        ; 4        ; module_fault_vector_pin[109]                          ; input  ; 2.5 V        ;         ; Column I/O ; N               ; no       ; Off          ;
; AD22     ; 126        ; 4        ; module_fault_vector_pin[103]                          ; input  ; 2.5 V        ;         ; Column I/O ; N               ; no       ; Off          ;
; AD23     ; 129        ; 4        ; module_fault_vector_pin[104]                          ; input  ; 2.5 V        ;         ; Column I/O ; N               ; no       ; Off          ;
; AD24     ; 130        ; 4        ; module_fault_vector_pin[196]                          ; input  ; 2.5 V        ;         ; Column I/O ; N               ; no       ; Off          ;
; AD25     ; 147        ; 5        ; module_fault_vector_pin[151]                          ; input  ; 2.5 V        ;         ; Row I/O    ; N               ; no       ; Off          ;
; AD26     ; 146        ; 5        ; module_fault_vector_pin[192]                          ; input  ; 2.5 V        ;         ; Row I/O    ; N               ; no       ; Off          ;
; AE1      ; 49         ; 3        ; RESERVED_INPUT_WITH_WEAK_PULLUP                       ;        ;              ;         ; Column I/O ;                 ; no       ; On           ;
; AE2      ; 50         ; 3        ; module_fault_vector_pin[120]                          ; input  ; 2.5 V        ;         ; Column I/O ; N               ; no       ; Off          ;
; AE3      ; 47         ; 3        ; RESERVED_INPUT_WITH_WEAK_PULLUP                       ;        ;              ;         ; Column I/O ;                 ; no       ; On           ;
; AE4      ;            ;          ; GND                                                   ; gnd    ;              ;         ; --         ;                 ; --       ; --           ;
; AE5      ; 62         ; 3        ; adc_p_drive_pin[6]                                    ; input  ; 2.5 V        ;         ; Column I/O ; N               ; no       ; Off          ;
; AE6      ; 63         ; 3        ; adc_p_drive_pin[2]                                    ; input  ; 2.5 V        ;         ; Column I/O ; N               ; no       ; Off          ;
; AE7      ; 68         ; 3        ; adc_p_drive_pin[5]                                    ; input  ; 2.5 V        ;         ; Column I/O ; N               ; no       ; Off          ;
; AE8      ;            ;          ; GND                                                   ; gnd    ;              ;         ; --         ;                 ; --       ; --           ;
; AE9      ; 79         ; 3        ; module_fault_vector_pin[48]                           ; input  ; 2.5 V        ;         ; Column I/O ; N               ; no       ; Off          ;
; AE10     ; 84         ; 3        ; module_fault_vector_pin[53]                           ; input  ; 2.5 V        ;         ; Column I/O ; N               ; no       ; Off          ;
; AE11     ; 78         ; 3        ; module_fault_vector_pin[34]                           ; input  ; 2.5 V        ;         ; Column I/O ; N               ; no       ; Off          ;
; AE12     ;            ;          ; GND                                                   ; gnd    ;              ;         ; --         ;                 ; --       ; --           ;
; AE13     ; 83         ; 3        ; module_fault_vector_pin[37]                           ; input  ; 2.5 V        ;         ; Column I/O ; N               ; no       ; Off          ;
; AE14     ; 94         ; 4        ; module_fault_vector_pin[39]                           ; input  ; 2.5 V        ;         ; Column I/O ; N               ; no       ; Off          ;
; AE15     ; 95         ; 4        ; module_fault_vector_pin[60]                           ; input  ; 2.5 V        ;         ; Column I/O ; N               ; no       ; Off          ;
; AE16     ;            ;          ; GND                                                   ; gnd    ;              ;         ; --         ;                 ; --       ; --           ;
; AE17     ; 103        ; 4        ; module_fault_vector_pin[116]                          ; input  ; 2.5 V        ;         ; Column I/O ; N               ; no       ; Off          ;
; AE18     ; 105        ; 4        ; module_fault_vector_pin[114]                          ; input  ; 2.5 V        ;         ; Column I/O ; N               ; no       ; Off          ;
; AE19     ; 112        ; 4        ; adc_p_refl_pin[0]                                     ; input  ; 2.5 V        ;         ; Column I/O ; N               ; no       ; Off          ;
; AE20     ;            ;          ; GND                                                   ; gnd    ;              ;         ; --         ;                 ; --       ; --           ;
; AE21     ; 117        ; 4        ; module_fault_vector_pin[100]                          ; input  ; 2.5 V        ;         ; Column I/O ; N               ; no       ; Off          ;
; AE22     ; 118        ; 4        ; module_fault_vector_pin[95]                           ; input  ; 2.5 V        ;         ; Column I/O ; N               ; no       ; Off          ;
; AE23     ; 120        ; 4        ; module_fault_vector_pin[179]                          ; input  ; 2.5 V        ;         ; Column I/O ; N               ; no       ; Off          ;
; AE24     ;            ;          ; GND                                                   ; gnd    ;              ;         ; --         ;                 ; --       ; --           ;
; AE25     ; 145        ; 5        ; module_fault_vector_pin[99]                           ; input  ; 2.5 V        ;         ; Row I/O    ; N               ; no       ; Off          ;
; AE26     ; 144        ; 5        ; module_fault_vector_pin[166]                          ; input  ; 2.5 V        ;         ; Row I/O    ; N               ; no       ; Off          ;
; AF2      ; 51         ; 3        ; adc_p_drive_pin[8]                                    ; input  ; 2.5 V        ;         ; Column I/O ; N               ; no       ; Off          ;
; AF3      ; 52         ; 3        ; RESERVED_INPUT_WITH_WEAK_PULLUP                       ;        ;              ;         ; Column I/O ;                 ; no       ; On           ;
; AF4      ; 64         ; 3        ; module_fault_vector_pin[124]                          ; input  ; 2.5 V        ;         ; Column I/O ; N               ; no       ; Off          ;
; AF5      ; 65         ; 3        ; adc_p_drive_pin[7]                                    ; input  ; 2.5 V        ;         ; Column I/O ; N               ; no       ; Off          ;
; AF6      ; 69         ; 3        ; module_fault_vector_pin[117]                          ; input  ; 2.5 V        ;         ; Column I/O ; N               ; no       ; Off          ;
; AF7      ; 75         ; 3        ; module_fault_vector_pin[122]                          ; input  ; 2.5 V        ;         ; Column I/O ; N               ; no       ; Off          ;
; AF8      ; 76         ; 3        ; adc_p_drive_pin[14]                                   ; input  ; 2.5 V        ;         ; Column I/O ; N               ; no       ; Off          ;
; AF9      ; 80         ; 3        ; module_fault_vector_pin[238]                          ; input  ; 2.5 V        ;         ; Column I/O ; N               ; no       ; Off          ;
; AF10     ; 85         ; 3        ; adc_p_refl_pin[7]                                     ; input  ; 2.5 V        ;         ; Column I/O ; N               ; no       ; Off          ;
; AF11     ; 86         ; 3        ; clk_telemetry_pin                                     ; input  ; 2.5 V        ;         ; Column I/O ; N               ; no       ; Off          ;
; AF12     ; 87         ; 3        ; module_fault_vector_pin[119]                          ; input  ; 2.5 V        ;         ; Column I/O ; N               ; no       ; Off          ;
; AF13     ; 90         ; 4        ; interlock_reset_pin                                   ; input  ; 2.5 V        ;         ; Column I/O ; N               ; no       ; Off          ;
; AF14     ; 91         ; 4        ; rst_n_pin                                             ; input  ; 2.5 V        ;         ; Column I/O ; N               ; no       ; Off          ;
; AF15     ; 96         ; 4        ; adc_p_refl_pin[4]                                     ; input  ; 2.5 V        ;         ; Column I/O ; N               ; no       ; Off          ;
; AF16     ; 97         ; 4        ; module_fault_vector_pin[121]                          ; input  ; 2.5 V        ;         ; Column I/O ; N               ; no       ; Off          ;
; AF17     ; 104        ; 4        ; module_fault_vector_pin[113]                          ; input  ; 2.5 V        ;         ; Column I/O ; N               ; no       ; Off          ;
; AF18     ; 106        ; 4        ; module_fault_vector_pin[111]                          ; input  ; 2.5 V        ;         ; Column I/O ; N               ; no       ; Off          ;
; AF19     ; 113        ; 4        ; adc_p_refl_pin[8]                                     ; input  ; 2.5 V        ;         ; Column I/O ; N               ; no       ; Off          ;
; AF20     ; 114        ; 4        ; module_fault_vector_pin[83]                           ; input  ; 2.5 V        ;         ; Column I/O ; N               ; no       ; Off          ;
; AF21     ; 115        ; 4        ; module_fault_vector_pin[102]                          ; input  ; 2.5 V        ;         ; Column I/O ; N               ; no       ; Off          ;
; AF22     ; 119        ; 4        ; module_fault_vector_pin[105]                          ; input  ; 2.5 V        ;         ; Column I/O ; N               ; no       ; Off          ;
; AF23     ; 121        ; 4        ; module_fault_vector_pin[110]                          ; input  ; 2.5 V        ;         ; Column I/O ; N               ; no       ; Off          ;
; AF24     ; 122        ; 4        ; module_fault_vector_pin[97]                           ; input  ; 2.5 V        ;         ; Column I/O ; N               ; no       ; Off          ;
; AF25     ; 123        ; 4        ; module_fault_vector_pin[181]                          ; input  ; 2.5 V        ;         ; Column I/O ; N               ; no       ; Off          ;
; B1       ; 324        ; 8        ; module_fault_vector_pin[27]                           ; input  ; 2.5 V        ;         ; Column I/O ; N               ; no       ; Off          ;
; B2       ; 325        ; 8        ; module_fault_vector_pin[23]                           ; input  ; 2.5 V        ;         ; Column I/O ; N               ; no       ; Off          ;
; B3       ;            ;          ; GND                                                   ; gnd    ;              ;         ; --         ;                 ; --       ; --           ;
; B4       ; 314        ; 8        ; module_fault_vector_pin[28]                           ; input  ; 2.5 V        ;         ; Column I/O ; N               ; no       ; Off          ;
; B5       ; 309        ; 8        ; module_fault_vector_pin[183]                          ; input  ; 2.5 V        ;         ; Column I/O ; N               ; no       ; Off          ;
; B6       ; 311        ; 8        ; module_fault_vector_pin[15]                           ; input  ; 2.5 V        ;         ; Column I/O ; N               ; no       ; Off          ;
; B7       ; 312        ; 8        ; module_fault_vector_pin[19]                           ; input  ; 2.5 V        ;         ; Column I/O ; N               ; no       ; Off          ;
; B8       ;            ;          ; GND                                                   ; gnd    ;              ;         ; --         ;                 ; --       ; --           ;
; B9       ; 315        ; 8        ; module_fault_vector_pin[189]                          ; input  ; 2.5 V        ;         ; Column I/O ; N               ; no       ; Off          ;
; B10      ; 301        ; 8        ; module_fault_vector_pin[18]                           ; input  ; 2.5 V        ;         ; Column I/O ; N               ; no       ; Off          ;
; B11      ; 298        ; 8        ; module_fault_vector_pin[8]                            ; input  ; 2.5 V        ;         ; Column I/O ; N               ; no       ; Off          ;
; B12      ;            ;          ; GND                                                   ; gnd    ;              ;         ; --         ;                 ; --       ; --           ;
; B13      ; 295        ; 8        ; module_fault_vector_pin[7]                            ; input  ; 2.5 V        ;         ; Column I/O ; N               ; no       ; Off          ;
; B14      ; 290        ; 7        ; module_fault_vector_pin[29]                           ; input  ; 2.5 V        ;         ; Column I/O ; N               ; no       ; Off          ;
; B15      ; 284        ; 7        ; module_fault_vector_pin[45]                           ; input  ; 2.5 V        ;         ; Column I/O ; N               ; no       ; Off          ;
; B16      ;            ;          ; GND                                                   ; gnd    ;              ;         ; --         ;                 ; --       ; --           ;
; B17      ; 281        ; 7        ; module_fault_vector_pin[44]                           ; input  ; 2.5 V        ;         ; Column I/O ; N               ; no       ; Off          ;
; B18      ; 276        ; 7        ; module_fault_vector_pin[41]                           ; input  ; 2.5 V        ;         ; Column I/O ; N               ; no       ; Off          ;
; B19      ; 268        ; 7        ; module_fault_vector_pin[2]                            ; input  ; 2.5 V        ;         ; Column I/O ; N               ; no       ; Off          ;
; B20      ;            ;          ; GND                                                   ; gnd    ;              ;         ; --         ;                 ; --       ; --           ;
; B21      ; 264        ; 7        ; module_fault_vector_pin[75]                           ; input  ; 2.5 V        ;         ; Column I/O ; N               ; no       ; Off          ;
; B22      ; 259        ; 7        ; module_fault_vector_pin[78]                           ; input  ; 2.5 V        ;         ; Column I/O ; N               ; no       ; Off          ;
; B23      ; 253        ; 7        ; module_fault_vector_pin[67]                           ; input  ; 2.5 V        ;         ; Column I/O ; N               ; no       ; Off          ;
; B24      ;            ;          ; GND                                                   ; gnd    ;              ;         ; --         ;                 ; --       ; --           ;
; B25      ; 240        ; 6        ; module_fault_vector_pin[138]                          ; input  ; 2.5 V        ;         ; Row I/O    ; N               ; no       ; Off          ;
; B26      ; 239        ; 6        ; module_fault_vector_pin[62]                           ; input  ; 2.5 V        ;         ; Row I/O    ; N               ; no       ; Off          ;
; C1       ; 336        ; 8        ; RESERVED_INPUT_WITH_WEAK_PULLUP                       ;        ;              ;         ; Column I/O ;                 ; no       ; On           ;
; C2       ; 328        ; 8        ; module_fault_vector_pin[25]                           ; input  ; 2.5 V        ;         ; Column I/O ; N               ; no       ; Off          ;
; C3       ; 326        ; 8        ; module_fault_vector_pin[125]                          ; input  ; 2.5 V        ;         ; Column I/O ; N               ; no       ; Off          ;
; C4       ; 319        ; 8        ; module_fault_vector_pin[16]                           ; input  ; 2.5 V        ;         ; Column I/O ; N               ; no       ; Off          ;
; C5       ; 320        ; 8        ; module_fault_vector_pin[43]                           ; input  ; 2.5 V        ;         ; Column I/O ; N               ; no       ; Off          ;
; C6       ; 330        ; 8        ; RESERVED_INPUT_WITH_WEAK_PULLUP                       ;        ;              ;         ; Column I/O ;                 ; no       ; On           ;
; C7       ; 331        ; 8        ; adc_p_refl_pin[2]                                     ; input  ; 2.5 V        ;         ; Column I/O ; N               ; no       ; Off          ;
; C8       ; 332        ; 8        ; RESERVED_INPUT_WITH_WEAK_PULLUP                       ;        ;              ;         ; Column I/O ;                 ; no       ; On           ;
; C9       ; 333        ; 8        ; RESERVED_INPUT_WITH_WEAK_PULLUP                       ;        ;              ;         ; Column I/O ;                 ; no       ; On           ;
; C10      ; 316        ; 8        ; module_fault_vector_pin[24]                           ; input  ; 2.5 V        ;         ; Column I/O ; N               ; no       ; Off          ;
; C11      ; 306        ; 8        ; module_fault_vector_pin[17]                           ; input  ; 2.5 V        ;         ; Column I/O ; N               ; no       ; Off          ;
; C12      ; 307        ; 8        ; module_fault_vector_pin[187]                          ; input  ; 2.5 V        ;         ; Column I/O ; N               ; no       ; Off          ;
; C13      ; 296        ; 8        ; module_fault_vector_pin[30]                           ; input  ; 2.5 V        ;         ; Column I/O ; N               ; no       ; Off          ;
; C14      ; 287        ; 7        ; module_fault_vector_pin[42]                           ; input  ; 2.5 V        ;         ; Column I/O ; N               ; no       ; Off          ;
; C15      ; 288        ; 7        ; module_fault_vector_pin[13]                           ; input  ; 2.5 V        ;         ; Column I/O ; N               ; no       ; Off          ;
; C16      ; 282        ; 7        ; module_fault_vector_pin[170]                          ; input  ; 2.5 V        ;         ; Column I/O ; N               ; no       ; Off          ;
; C17      ; 277        ; 7        ; module_fault_vector_pin[76]                           ; input  ; 2.5 V        ;         ; Column I/O ; N               ; no       ; Off          ;
; C18      ; 270        ; 7        ; adc_p_refl_pin[11]                                    ; input  ; 2.5 V        ;         ; Column I/O ; N               ; no       ; Off          ;
; C19      ; 269        ; 7        ; module_fault_vector_pin[4]                            ; input  ; 2.5 V        ;         ; Column I/O ; N               ; no       ; Off          ;
; C20      ; 261        ; 7        ; module_fault_vector_pin[93]                           ; input  ; 2.5 V        ;         ; Column I/O ; N               ; no       ; Off          ;
; C21      ; 260        ; 7        ; module_fault_vector_pin[234]                          ; input  ; 2.5 V        ;         ; Column I/O ; N               ; no       ; Off          ;
; C22      ; 250        ; 7        ; adc_p_drive_pin[15]                                   ; input  ; 2.5 V        ;         ; Column I/O ; N               ; no       ; Off          ;
; C23      ; 249        ; 7        ; module_fault_vector_pin[197]                          ; input  ; 2.5 V        ;         ; Column I/O ; N               ; no       ; Off          ;
; C24      ; 241        ; 6        ; RESERVED_INPUT_WITH_WEAK_PULLUP                       ;        ;              ;         ; Row I/O    ;                 ; no       ; On           ;
; C25      ; 238        ; 6        ; module_fault_vector_pin[87]                           ; input  ; 2.5 V        ;         ; Row I/O    ; N               ; no       ; Off          ;
; C26      ; 237        ; 6        ; module_fault_vector_pin[221]                          ; input  ; 2.5 V        ;         ; Row I/O    ; N               ; no       ; Off          ;
; D1       ; 337        ; 8        ; module_fault_vector_pin[22]                           ; input  ; 2.5 V        ;         ; Column I/O ; N               ; no       ; Off          ;
; D2       ; 329        ; 8        ; RESERVED_INPUT_WITH_WEAK_PULLUP                       ;        ;              ;         ; Column I/O ;                 ; no       ; On           ;
; D3       ; 327        ; 8        ; module_fault_vector_pin[21]                           ; input  ; 2.5 V        ;         ; Column I/O ; N               ; no       ; Off          ;
; D4       ; 340        ; 8        ; RESERVED_INPUT_WITH_WEAK_PULLUP                       ;        ;              ;         ; Column I/O ;                 ; no       ; On           ;
; D5       ; 347        ; 9        ; ~ALTERA_NCSO~ / RESERVED_INPUT_WITH_WEAK_PULLUP       ; input  ; 2.5 V        ;         ; Column I/O ; N               ; no       ; On           ;
; D6       ; 345        ; 9        ; ~ALTERA_DATA0~ / RESERVED_INPUT_WITH_WEAK_PULLUP      ; input  ; 2.5 V        ;         ; Column I/O ; N               ; no       ; On           ;
; D7       ; 334        ; 8        ; RESERVED_INPUT_WITH_WEAK_PULLUP                       ;        ;              ;         ; Column I/O ;                 ; no       ; On           ;
; D8       ;            ;          ; GND                                                   ; gnd    ;              ;         ; --         ;                 ; --       ; --           ;
; D9       ; 321        ; 8        ; module_fault_vector_pin[126]                          ; input  ; 2.5 V        ;         ; Column I/O ; N               ; no       ; Off          ;
; D10      ; 322        ; 8        ; adc_p_drive_pin[1]                                    ; input  ; 2.5 V        ;         ; Column I/O ; N               ; no       ; Off          ;
; D11      ; 310        ; 8        ; module_fault_vector_pin[190]                          ; input  ; 2.5 V        ;         ; Column I/O ; N               ; no       ; Off          ;
; D12      ;            ;          ; NC                                                    ;        ;              ;         ; --         ;                 ; --       ; --           ;
; D13      ;            ;          ; NC                                                    ;        ;              ;         ; --         ;                 ; --       ; --           ;
; D14      ; 299        ; 8        ; module_fault_vector_pin[46]                           ; input  ; 2.5 V        ;         ; Column I/O ; N               ; no       ; Off          ;
; D15      ; 285        ; 7        ; module_fault_vector_pin[10]                           ; input  ; 2.5 V        ;         ; Column I/O ; N               ; no       ; Off          ;
; D16      ; 280        ; 7        ; module_fault_vector_pin[52]                           ; input  ; 2.5 V        ;         ; Column I/O ; N               ; no       ; Off          ;
; D17      ; 274        ; 7        ; module_fault_vector_pin[59]                           ; input  ; 2.5 V        ;         ; Column I/O ; N               ; no       ; Off          ;
; D18      ; 271        ; 7        ; module_fault_vector_pin[77]                           ; input  ; 2.5 V        ;         ; Column I/O ; N               ; no       ; Off          ;
; D19      ; 262        ; 7        ; module_fault_vector_pin[5]                            ; input  ; 2.5 V        ;         ; Column I/O ; N               ; no       ; Off          ;
; D20      ; 257        ; 7        ; module_fault_vector_pin[175]                          ; input  ; 2.5 V        ;         ; Column I/O ; N               ; no       ; Off          ;
; D21      ; 258        ; 7        ; module_fault_vector_pin[1]                            ; input  ; 2.5 V        ;         ; Column I/O ; N               ; no       ; Off          ;
; D22      ; 251        ; 7        ; module_fault_vector_pin[223]                          ; input  ; 2.5 V        ;         ; Column I/O ; N               ; no       ; Off          ;
; D23      ; 246        ; 7        ; module_fault_vector_pin[72]                           ; input  ; 2.5 V        ;         ; Column I/O ; N               ; no       ; Off          ;
; D24      ; 242        ; 6        ; module_fault_vector_pin[157]                          ; input  ; 2.5 V        ;         ; Row I/O    ; N               ; no       ; Off          ;
; D25      ; 227        ; 6        ; module_fault_vector_pin[65]                           ; input  ; 2.5 V        ;         ; Row I/O    ; N               ; no       ; Off          ;
; D26      ; 226        ; 6        ; module_fault_vector_pin[55]                           ; input  ; 2.5 V        ;         ; Row I/O    ; N               ; no       ; Off          ;
; E1       ; 338        ; 8        ; module_fault_vector_pin[188]                          ; input  ; 2.5 V        ;         ; Column I/O ; N               ; no       ; Off          ;
; E2       ; 339        ; 8        ; RESERVED_INPUT_WITH_WEAK_PULLUP                       ;        ;              ;         ; Column I/O ;                 ; no       ; On           ;
; E3       ;            ;          ; GND                                                   ; gnd    ;              ;         ; --         ;                 ; --       ; --           ;
; E4       ;            ;          ; GND                                                   ; gnd    ;              ;         ; --         ;                 ; --       ; --           ;
; E5       ; 349        ; 9        ; ^nCONFIG                                              ;        ;              ;         ; --         ;                 ; --       ; --           ;
; E6       ; 346        ; 9        ; ~ALTERA_ASDO_DATA1~ / RESERVED_INPUT_WITH_WEAK_PULLUP ; input  ; 2.5 V        ;         ; Column I/O ; N               ; no       ; On           ;
; E7       ; 335        ; 8        ; adc_p_refl_pin[12]                                    ; input  ; 2.5 V        ;         ; Column I/O ; N               ; no       ; Off          ;
; E8       ;            ;          ; GND                                                   ; gnd    ;              ;         ; --         ;                 ; --       ; --           ;
; E9       ; 323        ; 8        ; module_fault_vector_pin[26]                           ; input  ; 2.5 V        ;         ; Column I/O ; N               ; no       ; Off          ;
; E10      ;            ; 8        ; VCCIO8                                                ; power  ;              ; 2.5V    ; --         ;                 ; --       ; --           ;
; E11      ;            ;          ; NC                                                    ;        ;              ;         ; --         ;                 ; --       ; --           ;
; E12      ;            ;          ; NC                                                    ;        ;              ;         ; --         ;                 ; --       ; --           ;
; E13      ;            ;          ; GND                                                   ; gnd    ;              ;         ; --         ;                 ; --       ; --           ;
; E14      ;            ;          ; GND                                                   ; gnd    ;              ;         ; --         ;                 ; --       ; --           ;
; E15      ; 286        ; 7        ; module_fault_vector_pin[40]                           ; input  ; 2.5 V        ;         ; Column I/O ; N               ; no       ; Off          ;
; E16      ; 275        ; 7        ; module_fault_vector_pin[90]                           ; input  ; 2.5 V        ;         ; Column I/O ; N               ; no       ; Off          ;
; E17      ; 267        ; 7        ; module_fault_vector_pin[3]                            ; input  ; 2.5 V        ;         ; Column I/O ; N               ; no       ; Off          ;
; E18      ;            ;          ; GND                                                   ; gnd    ;              ;         ; --         ;                 ; --       ; --           ;
; E19      ;            ;          ; NC                                                    ;        ;              ;         ; --         ;                 ; --       ; --           ;
; E20      ; 254        ; 7        ; module_fault_vector_pin[69]                           ; input  ; 2.5 V        ;         ; Column I/O ; N               ; no       ; Off          ;
; E21      ; 247        ; 7        ; module_fault_vector_pin[213]                          ; input  ; 2.5 V        ;         ; Column I/O ; N               ; no       ; Off          ;
; E22      ; 248        ; 7        ; module_fault_vector_pin[73]                           ; input  ; 2.5 V        ;         ; Column I/O ; N               ; no       ; Off          ;
; E23      ; 245        ; 7        ; module_fault_vector_pin[71]                           ; input  ; 2.5 V        ;         ; Column I/O ; N               ; no       ; Off          ;
; E24      ; 234        ; 6        ; module_fault_vector_pin[0]                            ; input  ; 2.5 V        ;         ; Row I/O    ; N               ; no       ; Off          ;
; E25      ; 225        ; 6        ; module_fault_vector_pin[64]                           ; input  ; 2.5 V        ;         ; Row I/O    ; N               ; no       ; Off          ;
; E26      ; 224        ; 6        ; module_fault_vector_pin[232]                          ; input  ; 2.5 V        ;         ; Row I/O    ; N               ; no       ; Off          ;
; F1       ;            ;          ; GND                                                   ; gnd    ;              ;         ; --         ;                 ; --       ; --           ;
; F2       ;            ;          ; GND                                                   ; gnd    ;              ;         ; --         ;                 ; --       ; --           ;
; F3       ; 1          ; QL1      ; GXB_NC                                                ;        ;              ;         ; --         ;                 ; --       ; --           ;
; F4       ; 0          ; QL1      ; GXB_NC                                                ;        ;              ;         ; --         ;                 ; --       ; --           ;
; F5       ; 353        ; 9        ; #TMS                                                  ; input  ;              ;         ; --         ;                 ; --       ; --           ;
; F6       ; 348        ; 9        ; ~ALTERA_DCLK~                                         ; output ; 2.5 V        ;         ; Column I/O ; N               ; no       ; On           ;
; F7       ;            ;          ; GND                                                   ; gnd    ;              ;         ; --         ;                 ; --       ; --           ;
; F8       ;            ;          ; VCCINT                                                ; power  ;              ; 1.2V    ; --         ;                 ; --       ; --           ;
; F9       ;            ; 8        ; VCCIO8                                                ; power  ;              ; 2.5V    ; --         ;                 ; --       ; --           ;
; F10      ;            ;          ; GND                                                   ; gnd    ;              ;         ; --         ;                 ; --       ; --           ;
; F11      ;            ; 8        ; VCCIO8                                                ; power  ;              ; 2.5V    ; --         ;                 ; --       ; --           ;
; F12      ;            ;          ; GND                                                   ; gnd    ;              ;         ; --         ;                 ; --       ; --           ;
; F13      ;            ; 8        ; VCCIO8                                                ; power  ;              ; 2.5V    ; --         ;                 ; --       ; --           ;
; F14      ;            ; 8        ; VCCIO8                                                ; power  ;              ; 2.5V    ; --         ;                 ; --       ; --           ;
; F15      ;            ;          ; NC                                                    ;        ;              ;         ; --         ;                 ; --       ; --           ;
; F16      ;            ; 7        ; VCCIO7                                                ; power  ;              ; 2.5V    ; --         ;                 ; --       ; --           ;
; F17      ;            ;          ; GND                                                   ; gnd    ;              ;         ; --         ;                 ; --       ; --           ;
; F18      ;            ; 7        ; VCCIO7                                                ; power  ;              ; 2.5V    ; --         ;                 ; --       ; --           ;
; F19      ;            ;          ; GND                                                   ; gnd    ;              ;         ; --         ;                 ; --       ; --           ;
; F20      ;            ; 7        ; VCCIO7                                                ; power  ;              ; 2.5V    ; --         ;                 ; --       ; --           ;
; F21      ; 244        ; 6        ; module_fault_vector_pin[66]                           ; input  ; 2.5 V        ;         ; Row I/O    ; N               ; no       ; Off          ;
; F22      ;            ;          ; GND                                                   ; gnd    ;              ;         ; --         ;                 ; --       ; --           ;
; F23      ; 233        ; 6        ; module_fault_vector_pin[96]                           ; input  ; 2.5 V        ;         ; Row I/O    ; N               ; no       ; Off          ;
; F24      ; 235        ; 6        ; module_fault_vector_pin[168]                          ; input  ; 2.5 V        ;         ; Row I/O    ; N               ; no       ; Off          ;
; F25      ;            ;          ; GND                                                   ; gnd    ;              ;         ; --         ;                 ; --       ; --           ;
; F26      ; 220        ; 6        ; module_fault_vector_pin[92]                           ; input  ; 2.5 V        ;         ; Row I/O    ; N               ; no       ; Off          ;
; G1       ; 3          ; QL1      ; GXB_GND*                                              ;        ;              ;         ; --         ;                 ; --       ; --           ;
; G2       ; 2          ; QL1      ; GXB_GND*                                              ;        ;              ;         ; --         ;                 ; --       ; --           ;
; G3       ;            ;          ; GND                                                   ; gnd    ;              ;         ; --         ;                 ; --       ; --           ;
; G4       ;            ;          ; GND                                                   ; gnd    ;              ;         ; --         ;                 ; --       ; --           ;
; G5       ;            ; --       ; VCCL_GXB                                              ; power  ;              ; 1.2V    ; --         ;                 ; --       ; --           ;
; G6       ; 351        ; 9        ; #TDI                                                  ; input  ;              ;         ; --         ;                 ; --       ; --           ;
; G7       ;            ; 9        ; VCCIO9                                                ; power  ;              ; 2.5V    ; --         ;                 ; --       ; --           ;
; G8       ; 352        ; 9        ; #TCK                                                  ; input  ;              ;         ; --         ;                 ; --       ; --           ;
; G9       ;            ;          ; VCCINT                                                ; power  ;              ; 1.2V    ; --         ;                 ; --       ; --           ;
; G10      ;            ;          ; VCCINT                                                ; power  ;              ; 1.2V    ; --         ;                 ; --       ; --           ;
; G11      ;            ;          ; VCCINT                                                ; power  ;              ; 1.2V    ; --         ;                 ; --       ; --           ;
; G12      ;            ; 8        ; VCCIO8                                                ; power  ;              ; 2.5V    ; --         ;                 ; --       ; --           ;
; G13      ;            ;          ; GND                                                   ; gnd    ;              ;         ; --         ;                 ; --       ; --           ;
; G14      ;            ;          ; GND                                                   ; gnd    ;              ;         ; --         ;                 ; --       ; --           ;
; G15      ;            ;          ; VCCINT                                                ; power  ;              ; 1.2V    ; --         ;                 ; --       ; --           ;
; G16      ;            ; 7        ; VCCIO7                                                ; power  ;              ; 2.5V    ; --         ;                 ; --       ; --           ;
; G17      ;            ;          ; VCCINT                                                ; power  ;              ; 1.2V    ; --         ;                 ; --       ; --           ;
; G18      ;            ; 7        ; VCCIO7                                                ; power  ;              ; 2.5V    ; --         ;                 ; --       ; --           ;
; G19      ;            ; 7        ; VCCIO7                                                ; power  ;              ; 2.5V    ; --         ;                 ; --       ; --           ;
; G20      ;            ;          ; GND                                                   ; gnd    ;              ;         ; --         ;                 ; --       ; --           ;
; G21      ;            ;          ; VCCD_PLL                                              ; power  ;              ; 1.2V    ; --         ;                 ; --       ; --           ;
; G22      ; 243        ; 6        ; module_fault_vector_pin[74]                           ; input  ; 2.5 V        ;         ; Row I/O    ; N               ; no       ; Off          ;
; G23      ; 236        ; 6        ; module_fault_vector_pin[224]                          ; input  ; 2.5 V        ;         ; Row I/O    ; N               ; no       ; Off          ;
; G24      ; 232        ; 6        ; module_fault_vector_pin[63]                           ; input  ; 2.5 V        ;         ; Row I/O    ; N               ; no       ; Off          ;
; G25      ; 228        ; 6        ; module_fault_vector_pin[227]                          ; input  ; 2.5 V        ;         ; Row I/O    ; N               ; no       ; Off          ;
; G26      ; 221        ; 6        ; module_fault_vector_pin[94]                           ; input  ; 2.5 V        ;         ; Row I/O    ; N               ; no       ; Off          ;
; H1       ;            ;          ; GND                                                   ; gnd    ;              ;         ; --         ;                 ; --       ; --           ;
; H2       ;            ;          ; GND                                                   ; gnd    ;              ;         ; --         ;                 ; --       ; --           ;
; H3       ; 5          ; QL1      ; GXB_NC                                                ;        ;              ;         ; --         ;                 ; --       ; --           ;
; H4       ; 4          ; QL1      ; GXB_NC                                                ;        ;              ;         ; --         ;                 ; --       ; --           ;
; H5       ;            ; --       ; VCCL_GXB                                              ; power  ;              ; 1.2V    ; --         ;                 ; --       ; --           ;
; H6       ;            ; --       ; VCCA                                                  ; power  ;              ; 2.5V    ; --         ;                 ; --       ; --           ;
; H7       ; 350        ; 9        ; ^nCE                                                  ;        ;              ;         ; --         ;                 ; --       ; --           ;
; H8       ; 354        ; 9        ; #TDO                                                  ; output ;              ;         ; --         ;                 ; --       ; --           ;
; H9       ;            ;          ; GND                                                   ; gnd    ;              ;         ; --         ;                 ; --       ; --           ;
; H10      ;            ;          ; GND                                                   ; gnd    ;              ;         ; --         ;                 ; --       ; --           ;
; H11      ;            ;          ; GND                                                   ; gnd    ;              ;         ; --         ;                 ; --       ; --           ;
; H12      ;            ;          ; VCCINT                                                ; power  ;              ; 1.2V    ; --         ;                 ; --       ; --           ;
; H13      ;            ;          ; GND                                                   ; gnd    ;              ;         ; --         ;                 ; --       ; --           ;
; H14      ;            ;          ; VCCINT                                                ; power  ;              ; 1.2V    ; --         ;                 ; --       ; --           ;
; H15      ;            ;          ; GND                                                   ; gnd    ;              ;         ; --         ;                 ; --       ; --           ;
; H16      ;            ;          ; VCCINT                                                ; power  ;              ; 1.2V    ; --         ;                 ; --       ; --           ;
; H17      ;            ;          ; GND                                                   ; gnd    ;              ;         ; --         ;                 ; --       ; --           ;
; H18      ;            ;          ; VCCINT                                                ; power  ;              ; 1.2V    ; --         ;                 ; --       ; --           ;
; H19      ;            ;          ; GND                                                   ; gnd    ;              ;         ; --         ;                 ; --       ; --           ;
; H20      ;            ; --       ; VCCA                                                  ; power  ;              ; 2.5V    ; --         ;                 ; --       ; --           ;
; H21      ;            ; 6        ; VCCIO6                                                ; power  ;              ; 2.5V    ; --         ;                 ; --       ; --           ;
; H22      ; 231        ; 6        ; module_fault_vector_pin[135]                          ; input  ; 2.5 V        ;         ; Row I/O    ; N               ; no       ; Off          ;
; H23      ; 230        ; 6        ; module_fault_vector_pin[236]                          ; input  ; 2.5 V        ;         ; Row I/O    ; N               ; no       ; Off          ;
; H24      ; 229        ; 6        ; module_fault_vector_pin[235]                          ; input  ; 2.5 V        ;         ; Row I/O    ; N               ; no       ; Off          ;
; H25      ; 216        ; 6        ; module_fault_vector_pin[222]                          ; input  ; 2.5 V        ;         ; Row I/O    ; N               ; no       ; Off          ;
; H26      ; 215        ; 6        ; module_fault_vector_pin[85]                           ; input  ; 2.5 V        ;         ; Row I/O    ; N               ; no       ; Off          ;
; J1       ; 7          ; QL1      ; GXB_GND*                                              ;        ;              ;         ; --         ;                 ; --       ; --           ;
; J2       ; 6          ; QL1      ; GXB_GND*                                              ;        ;              ;         ; --         ;                 ; --       ; --           ;
; J3       ;            ;          ; GND                                                   ; gnd    ;              ;         ; --         ;                 ; --       ; --           ;
; J4       ;            ;          ; GND                                                   ; gnd    ;              ;         ; --         ;                 ; --       ; --           ;
; J5       ;            ; --       ; VCCH_GXB                                              ; power  ;              ; 2.5V    ; --         ;                 ; --       ; --           ;
; J6       ;            ;          ; VCCD_PLL                                              ; power  ;              ; 1.2V    ; --         ;                 ; --       ; --           ;
; J7       ;            ;          ; GND                                                   ; gnd    ;              ;         ; --         ;                 ; --       ; --           ;
; J8       ;            ;          ; GND                                                   ; gnd    ;              ;         ; --         ;                 ; --       ; --           ;
; J9       ;            ; 8B       ; VCC_CLKIN8B                                           ; power  ;              ; 2.5V    ; --         ;                 ; --       ; --           ;
; J10      ;            ;          ; VCCINT                                                ; power  ;              ; 1.2V    ; --         ;                 ; --       ; --           ;
; J11      ;            ;          ; VCCINT                                                ; power  ;              ; 1.2V    ; --         ;                 ; --       ; --           ;
; J12      ;            ;          ; GND                                                   ; gnd    ;              ;         ; --         ;                 ; --       ; --           ;
; J13      ;            ;          ; VCCINT                                                ; power  ;              ; 1.2V    ; --         ;                 ; --       ; --           ;
; J14      ;            ;          ; GND                                                   ; gnd    ;              ;         ; --         ;                 ; --       ; --           ;
; J15      ;            ;          ; VCCINT                                                ; power  ;              ; 1.2V    ; --         ;                 ; --       ; --           ;
; J16      ;            ;          ; GND                                                   ; gnd    ;              ;         ; --         ;                 ; --       ; --           ;
; J17      ;            ;          ; VCCINT                                                ; power  ;              ; 1.2V    ; --         ;                 ; --       ; --           ;
; J18      ;            ;          ; GND                                                   ; gnd    ;              ;         ; --         ;                 ; --       ; --           ;
; J19      ;            ;          ; VCCINT                                                ; power  ;              ; 1.2V    ; --         ;                 ; --       ; --           ;
; J20      ;            ;          ; GND                                                   ; gnd    ;              ;         ; --         ;                 ; --       ; --           ;
; J21      ;            ; 6        ; VCCIO6                                                ; power  ;              ; 2.5V    ; --         ;                 ; --       ; --           ;
; J22      ;            ;          ; GND                                                   ; gnd    ;              ;         ; --         ;                 ; --       ; --           ;
; J23      ; 222        ; 6        ; module_fault_vector_pin[91]                           ; input  ; 2.5 V        ;         ; Row I/O    ; N               ; no       ; Off          ;
; J24      ; 219        ; 6        ; module_fault_vector_pin[155]                          ; input  ; 2.5 V        ;         ; Row I/O    ; N               ; no       ; Off          ;
; J25      ; 213        ; 6        ; module_fault_vector_pin[229]                          ; input  ; 2.5 V        ;         ; Row I/O    ; N               ; no       ; Off          ;
; J26      ; 210        ; 6        ; module_fault_vector_pin[152]                          ; input  ; 2.5 V        ;         ; Row I/O    ; N               ; no       ; Off          ;
; K1       ;            ;          ; GND                                                   ; gnd    ;              ;         ; --         ;                 ; --       ; --           ;
; K2       ;            ;          ; GND                                                   ; gnd    ;              ;         ; --         ;                 ; --       ; --           ;
; K3       ; 9          ; QL1      ; GXB_NC                                                ;        ;              ;         ; --         ;                 ; --       ; --           ;
; K4       ; 8          ; QL1      ; GXB_NC                                                ;        ;              ;         ; --         ;                 ; --       ; --           ;
; K5       ;            ; --       ; VCCA_GXB                                              ; power  ;              ; 2.5V    ; --         ;                 ; --       ; --           ;
; K6       ;            ;          ; GND                                                   ; gnd    ;              ;         ; --         ;                 ; --       ; --           ;
; K7       ;            ; --       ; VCCA                                                  ; power  ;              ; 2.5V    ; --         ;                 ; --       ; --           ;
; K8       ;            ;          ; VCCINT                                                ; power  ;              ; 1.2V    ; --         ;                 ; --       ; --           ;
; K9       ; 343        ; 8B       ; GXB_GND*                                              ;        ;              ;         ; Column I/O ;                 ; --       ; --           ;
; K10      ; 341        ; 8B       ; GXB_GND*                                              ;        ;              ;         ; Column I/O ;                 ; --       ; --           ;
; K11      ;            ;          ; GND                                                   ; gnd    ;              ;         ; --         ;                 ; --       ; --           ;
; K12      ;            ;          ; VCCINT                                                ; power  ;              ; 1.2V    ; --         ;                 ; --       ; --           ;
; K13      ;            ;          ; GND                                                   ; gnd    ;              ;         ; --         ;                 ; --       ; --           ;
; K14      ;            ; 8A       ; VCC_CLKIN8A                                           ; power  ;              ; 2.5V    ; --         ;                 ; --       ; --           ;
; K15      ;            ;          ; GND                                                   ; gnd    ;              ;         ; --         ;                 ; --       ; --           ;
; K16      ;            ;          ; VCCINT                                                ; power  ;              ; 1.2V    ; --         ;                 ; --       ; --           ;
; K17      ;            ;          ; GND                                                   ; gnd    ;              ;         ; --         ;                 ; --       ; --           ;
; K18      ;            ;          ; VCCINT                                                ; power  ;              ; 1.2V    ; --         ;                 ; --       ; --           ;
; K19      ;            ;          ; GND                                                   ; gnd    ;              ;         ; --         ;                 ; --       ; --           ;
; K20      ; 212        ; 6        ; module_fault_vector_pin[84]                           ; input  ; 2.5 V        ;         ; Row I/O    ; N               ; no       ; Off          ;
; K21      ; 218        ; 6        ; module_fault_vector_pin[214]                          ; input  ; 2.5 V        ;         ; Row I/O    ; N               ; no       ; Off          ;
; K22      ; 217        ; 6        ; module_fault_vector_pin[49]                           ; input  ; 2.5 V        ;         ; Row I/O    ; N               ; no       ; Off          ;
; K23      ; 223        ; 6        ; module_fault_vector_pin[137]                          ; input  ; 2.5 V        ;         ; Row I/O    ; N               ; no       ; Off          ;
; K24      ; 214        ; 6        ; module_fault_vector_pin[230]                          ; input  ; 2.5 V        ;         ; Row I/O    ; N               ; no       ; Off          ;
; K25      ;            ;          ; GND                                                   ; gnd    ;              ;         ; --         ;                 ; --       ; --           ;
; K26      ; 209        ; 6        ; module_fault_vector_pin[142]                          ; input  ; 2.5 V        ;         ; Row I/O    ; N               ; no       ; Off          ;
; L1       ; 11         ; QL1      ; GXB_GND*                                              ;        ;              ;         ; --         ;                 ; --       ; --           ;
; L2       ; 10         ; QL1      ; GXB_GND*                                              ;        ;              ;         ; --         ;                 ; --       ; --           ;
; L3       ;            ;          ; GND                                                   ; gnd    ;              ;         ; --         ;                 ; --       ; --           ;
; L4       ;            ;          ; GND                                                   ; gnd    ;              ;         ; --         ;                 ; --       ; --           ;
; L5       ;            ; --       ; VCCL_GXB                                              ; power  ;              ; 1.2V    ; --         ;                 ; --       ; --           ;
; L6       ;            ;          ; VCCD_PLL                                              ; power  ;              ; 1.2V    ; --         ;                 ; --       ; --           ;
; L7       ;            ;          ; VCCINT                                                ; power  ;              ; 1.2V    ; --         ;                 ; --       ; --           ;
; L8       ;            ;          ; GND                                                   ; gnd    ;              ;         ; --         ;                 ; --       ; --           ;
; L9       ; 344        ; 8B       ; GXB_GND*                                              ;        ;              ;         ; Column I/O ;                 ; --       ; --           ;
; L10      ; 342        ; 8B       ; GXB_GND*                                              ;        ;              ;         ; Column I/O ;                 ; --       ; --           ;
; L11      ;            ;          ; VCCINT                                                ; power  ;              ; 1.2V    ; --         ;                 ; --       ; --           ;
; L12      ;            ;          ; GND                                                   ; gnd    ;              ;         ; --         ;                 ; --       ; --           ;
; L13      ;            ;          ; VCCINT                                                ; power  ;              ; 1.2V    ; --         ;                 ; --       ; --           ;
; L14      ; 291        ; 8A       ; GXB_GND*                                              ;        ;              ;         ; Column I/O ;                 ; --       ; --           ;
; L15      ; 292        ; 8A       ; GXB_GND*                                              ;        ;              ;         ; Column I/O ;                 ; --       ; --           ;
; L16      ;            ;          ; GND                                                   ; gnd    ;              ;         ; --         ;                 ; --       ; --           ;
; L17      ;            ;          ; VCCINT                                                ; power  ;              ; 1.2V    ; --         ;                 ; --       ; --           ;
; L18      ;            ;          ; GND                                                   ; gnd    ;              ;         ; --         ;                 ; --       ; --           ;
; L19      ; 199        ; 6        ; module_fault_vector_pin[56]                           ; input  ; 2.5 V        ;         ; Row I/O    ; N               ; no       ; Off          ;
; L20      ;            ; 6        ; VCCIO6                                                ; power  ;              ; 2.5V    ; --         ;                 ; --       ; --           ;
; L21      ; 211        ; 6        ; module_fault_vector_pin[228]                          ; input  ; 2.5 V        ;         ; Row I/O    ; N               ; no       ; Off          ;
; L22      ; 203        ; 6        ; module_fault_vector_pin[154]                          ; input  ; 2.5 V        ;         ; Row I/O    ; N               ; no       ; Off          ;
; L23      ; 208        ; 6        ; module_fault_vector_pin[211]                          ; input  ; 2.5 V        ;         ; Row I/O    ; N               ; no       ; Off          ;
; L24      ; 207        ; 6        ; module_fault_vector_pin[158]                          ; input  ; 2.5 V        ;         ; Row I/O    ; N               ; no       ; Off          ;
; L25      ; 206        ; 6        ; module_fault_vector_pin[81]                           ; input  ; 2.5 V        ;         ; Row I/O    ; N               ; no       ; Off          ;
; L26      ; 205        ; 6        ; module_fault_vector_pin[216]                          ; input  ; 2.5 V        ;         ; Row I/O    ; N               ; no       ; Off          ;
; M1       ;            ;          ; GND                                                   ; gnd    ;              ;         ; --         ;                 ; --       ; --           ;
; M2       ;            ;          ; GND                                                   ; gnd    ;              ;         ; --         ;                 ; --       ; --           ;
; M3       ; 13         ; QL1      ; GXB_NC                                                ;        ;              ;         ; --         ;                 ; --       ; --           ;
; M4       ; 12         ; QL1      ; GXB_NC                                                ;        ;              ;         ; --         ;                 ; --       ; --           ;
; M5       ;            ; --       ; VCCH_GXB                                              ; power  ;              ; 2.5V    ; --         ;                 ; --       ; --           ;
; M6       ;            ;          ; VCCD_PLL                                              ; power  ;              ; 1.2V    ; --         ;                 ; --       ; --           ;
; M7       ;            ;          ; GND                                                   ; gnd    ;              ;         ; --         ;                 ; --       ; --           ;
; M8       ;            ;          ; VCCINT                                                ; power  ;              ; 1.2V    ; --         ;                 ; --       ; --           ;
; M9       ;            ;          ; GND                                                   ; gnd    ;              ;         ; --         ;                 ; --       ; --           ;
; M10      ;            ;          ; VCCINT                                                ; power  ;              ; 1.2V    ; --         ;                 ; --       ; --           ;
; M11      ;            ;          ; GND                                                   ; gnd    ;              ;         ; --         ;                 ; --       ; --           ;
; M12      ;            ;          ; VCCINT                                                ; power  ;              ; 1.2V    ; --         ;                 ; --       ; --           ;
; M13      ;            ;          ; GND                                                   ; gnd    ;              ;         ; --         ;                 ; --       ; --           ;
; M14      ;            ;          ; VCCINT                                                ; power  ;              ; 1.2V    ; --         ;                 ; --       ; --           ;
; M15      ;            ;          ; GND                                                   ; gnd    ;              ;         ; --         ;                 ; --       ; --           ;
; M16      ;            ;          ; VCCINT                                                ; power  ;              ; 1.2V    ; --         ;                 ; --       ; --           ;
; M17      ;            ;          ; GND                                                   ; gnd    ;              ;         ; --         ;                 ; --       ; --           ;
; M18      ;            ;          ; VCCINT                                                ; power  ;              ; 1.2V    ; --         ;                 ; --       ; --           ;
; M19      ; 200        ; 6        ; module_fault_vector_pin[153]                          ; input  ; 2.5 V        ;         ; Row I/O    ; N               ; no       ; Off          ;
; M20      ;            ; 6        ; VCCIO6                                                ; power  ;              ; 2.5V    ; --         ;                 ; --       ; --           ;
; M21      ;            ;          ; GND                                                   ; gnd    ;              ;         ; --         ;                 ; --       ; --           ;
; M22      ; 204        ; 6        ; module_fault_vector_pin[136]                          ; input  ; 2.5 V        ;         ; Row I/O    ; N               ; no       ; Off          ;
; M23      ; 196        ; 6        ; module_fault_vector_pin[219]                          ; input  ; 2.5 V        ;         ; Row I/O    ; N               ; no       ; Off          ;
; M24      ; 197        ; 6        ; module_fault_vector_pin[226]                          ; input  ; 2.5 V        ;         ; Row I/O    ; N               ; no       ; Off          ;
; M25      ; 202        ; 6        ; module_fault_vector_pin[156]                          ; input  ; 2.5 V        ;         ; Row I/O    ; N               ; no       ; Off          ;
; M26      ; 201        ; 6        ; module_fault_vector_pin[141]                          ; input  ; 2.5 V        ;         ; Row I/O    ; N               ; no       ; Off          ;
; N1       ; 15         ; QL1      ; GXB_GND*                                              ;        ;              ;         ; --         ;                 ; --       ; --           ;
; N2       ; 14         ; QL1      ; GXB_GND*                                              ;        ;              ;         ; --         ;                 ; --       ; --           ;
; N3       ;            ;          ; GND                                                   ; gnd    ;              ;         ; --         ;                 ; --       ; --           ;
; N4       ;            ;          ; GND                                                   ; gnd    ;              ;         ; --         ;                 ; --       ; --           ;
; N5       ;            ; --       ; VCCA_GXB                                              ; power  ;              ; 2.5V    ; --         ;                 ; --       ; --           ;
; N6       ;            ;          ; GND                                                   ; gnd    ;              ;         ; --         ;                 ; --       ; --           ;
; N7       ;            ; --       ; VCCA                                                  ; power  ;              ; 2.5V    ; --         ;                 ; --       ; --           ;
; N8       ;            ;          ; GND                                                   ; gnd    ;              ;         ; --         ;                 ; --       ; --           ;
; N9       ;            ;          ; VCCINT                                                ; power  ;              ; 1.2V    ; --         ;                 ; --       ; --           ;
; N10      ;            ;          ; GND                                                   ; gnd    ;              ;         ; --         ;                 ; --       ; --           ;
; N11      ;            ;          ; VCCINT                                                ; power  ;              ; 1.2V    ; --         ;                 ; --       ; --           ;
; N12      ;            ;          ; GND                                                   ; gnd    ;              ;         ; --         ;                 ; --       ; --           ;
; N13      ;            ;          ; VCCINT                                                ; power  ;              ; 1.2V    ; --         ;                 ; --       ; --           ;
; N14      ;            ;          ; GND                                                   ; gnd    ;              ;         ; --         ;                 ; --       ; --           ;
; N15      ;            ;          ; VCCINT                                                ; power  ;              ; 1.2V    ; --         ;                 ; --       ; --           ;
; N16      ;            ;          ; GND                                                   ; gnd    ;              ;         ; --         ;                 ; --       ; --           ;
; N17      ;            ;          ; VCCINT                                                ; power  ;              ; 1.2V    ; --         ;                 ; --       ; --           ;
; N18      ;            ;          ; GND                                                   ; gnd    ;              ;         ; --         ;                 ; --       ; --           ;
; N19      ; 193        ; 6        ; module_fault_vector_pin[207]                          ; input  ; 2.5 V        ;         ; Row I/O    ; N               ; no       ; Off          ;
; N20      ; 192        ; 6        ; module_fault_vector_pin[210]                          ; input  ; 2.5 V        ;         ; Row I/O    ; N               ; no       ; Off          ;
; N21      ;            ; 6        ; VCCIO6                                                ; power  ;              ; 2.5V    ; --         ;                 ; --       ; --           ;
; N22      ; 195        ; 6        ; module_fault_vector_pin[140]                          ; input  ; 2.5 V        ;         ; Row I/O    ; N               ; no       ; Off          ;
; N23      ; 194        ; 6        ; module_fault_vector_pin[58]                           ; input  ; 2.5 V        ;         ; Row I/O    ; N               ; no       ; Off          ;
; N24      ; 198        ; 6        ; module_fault_vector_pin[225]                          ; input  ; 2.5 V        ;         ; Row I/O    ; N               ; no       ; Off          ;
; N25      ; 191        ; 6        ; module_fault_vector_pin[167]                          ; input  ; 2.5 V        ;         ; Row I/O    ; N               ; no       ; Off          ;
; N26      ; 190        ; 6        ; module_fault_vector_pin[182]                          ; input  ; 2.5 V        ;         ; Row I/O    ; N               ; no       ; Off          ;
; P1       ;            ;          ; GND                                                   ; gnd    ;              ;         ; --         ;                 ; --       ; --           ;
; P2       ;            ;          ; GND                                                   ; gnd    ;              ;         ; --         ;                 ; --       ; --           ;
; P3       ; 17         ; QL0      ; GXB_NC                                                ;        ;              ;         ; --         ;                 ; --       ; --           ;
; P4       ; 16         ; QL0      ; GXB_NC                                                ;        ;              ;         ; --         ;                 ; --       ; --           ;
; P5       ;            ; --       ; VCCL_GXB                                              ; power  ;              ; 1.2V    ; --         ;                 ; --       ; --           ;
; P6       ;            ;          ; GND                                                   ; gnd    ;              ;         ; --         ;                 ; --       ; --           ;
; P7       ;            ; --       ; VCCA                                                  ; power  ;              ; 2.5V    ; --         ;                 ; --       ; --           ;
; P8       ;            ;          ; VCCINT                                                ; power  ;              ; 1.2V    ; --         ;                 ; --       ; --           ;
; P9       ;            ;          ; GND                                                   ; gnd    ;              ;         ; --         ;                 ; --       ; --           ;
; P10      ;            ;          ; VCCINT                                                ; power  ;              ; 1.2V    ; --         ;                 ; --       ; --           ;
; P11      ;            ;          ; GND                                                   ; gnd    ;              ;         ; --         ;                 ; --       ; --           ;
; P12      ;            ;          ; VCCINT                                                ; power  ;              ; 1.2V    ; --         ;                 ; --       ; --           ;
; P13      ;            ;          ; GND                                                   ; gnd    ;              ;         ; --         ;                 ; --       ; --           ;
; P14      ;            ;          ; VCCINT                                                ; power  ;              ; 1.2V    ; --         ;                 ; --       ; --           ;
; P15      ;            ;          ; GND                                                   ; gnd    ;              ;         ; --         ;                 ; --       ; --           ;
; P16      ;            ;          ; VCCINT                                                ; power  ;              ; 1.2V    ; --         ;                 ; --       ; --           ;
; P17      ;            ;          ; GND                                                   ; gnd    ;              ;         ; --         ;                 ; --       ; --           ;
; P18      ;            ;          ; VCCINT                                                ; power  ;              ; 1.2V    ; --         ;                 ; --       ; --           ;
; P19      ; 185        ; 5        ; module_fault_vector_pin[218]                          ; input  ; 2.5 V        ;         ; Row I/O    ; N               ; no       ; Off          ;
; P20      ; 184        ; 5        ; module_fault_vector_pin[80]                           ; input  ; 2.5 V        ;         ; Row I/O    ; N               ; no       ; Off          ;
; P21      ;            ; 5        ; VCCIO5                                                ; power  ;              ; 2.5V    ; --         ;                 ; --       ; --           ;
; P22      ;            ;          ; GND                                                   ; gnd    ;              ;         ; --         ;                 ; --       ; --           ;
; P23      ; 187        ; 5        ; module_fault_vector_pin[145]                          ; input  ; 2.5 V        ;         ; Row I/O    ; N               ; no       ; Off          ;
; P24      ; 186        ; 5        ; module_fault_vector_pin[147]                          ; input  ; 2.5 V        ;         ; Row I/O    ; N               ; no       ; Off          ;
; P25      ;            ;          ; GND                                                   ; gnd    ;              ;         ; --         ;                 ; --       ; --           ;
; P26      ; 188        ; 5        ; module_fault_vector_pin[177]                          ; input  ; 2.5 V        ;         ; Row I/O    ; N               ; no       ; Off          ;
; R1       ; 19         ; QL0      ; GXB_GND*                                              ;        ;              ;         ; --         ;                 ; --       ; --           ;
; R2       ; 18         ; QL0      ; GXB_GND*                                              ;        ;              ;         ; --         ;                 ; --       ; --           ;
; R3       ;            ;          ; GND                                                   ; gnd    ;              ;         ; --         ;                 ; --       ; --           ;
; R4       ;            ;          ; GND                                                   ; gnd    ;              ;         ; --         ;                 ; --       ; --           ;
; R5       ;            ; --       ; VCCH_GXB                                              ; power  ;              ; 2.5V    ; --         ;                 ; --       ; --           ;
; R6       ;            ;          ; VCCD_PLL                                              ; power  ;              ; 1.2V    ; --         ;                 ; --       ; --           ;
; R7       ;            ;          ; VCCINT                                                ; power  ;              ; 1.2V    ; --         ;                 ; --       ; --           ;
; R8       ;            ;          ; GND                                                   ; gnd    ;              ;         ; --         ;                 ; --       ; --           ;
; R9       ;            ;          ; VCCINT                                                ; power  ;              ; 1.2V    ; --         ;                 ; --       ; --           ;
; R10      ;            ;          ; GND                                                   ; gnd    ;              ;         ; --         ;                 ; --       ; --           ;
; R11      ;            ;          ; VCCINT                                                ; power  ;              ; 1.2V    ; --         ;                 ; --       ; --           ;
; R12      ;            ;          ; GND                                                   ; gnd    ;              ;         ; --         ;                 ; --       ; --           ;
; R13      ;            ;          ; VCCINT                                                ; power  ;              ; 1.2V    ; --         ;                 ; --       ; --           ;
; R14      ;            ;          ; GND                                                   ; gnd    ;              ;         ; --         ;                 ; --       ; --           ;
; R15      ;            ;          ; VCCINT                                                ; power  ;              ; 1.2V    ; --         ;                 ; --       ; --           ;
; R16      ;            ;          ; GND                                                   ; gnd    ;              ;         ; --         ;                 ; --       ; --           ;
; R17      ;            ;          ; VCCINT                                                ; power  ;              ; 1.2V    ; --         ;                 ; --       ; --           ;
; R18      ;            ;          ; GND                                                   ; gnd    ;              ;         ; --         ;                 ; --       ; --           ;
; R19      ; 178        ; 5        ; module_fault_vector_pin[203]                          ; input  ; 2.5 V        ;         ; Row I/O    ; N               ; no       ; Off          ;
; R20      ; 177        ; 5        ; module_fault_vector_pin[220]                          ; input  ; 2.5 V        ;         ; Row I/O    ; N               ; no       ; Off          ;
; R21      ;            ; 5        ; VCCIO5                                                ; power  ;              ; 2.5V    ; --         ;                 ; --       ; --           ;
; R22      ; 182        ; 5        ; module_fault_vector_pin[199]                          ; input  ; 2.5 V        ;         ; Row I/O    ; N               ; no       ; Off          ;
; R23      ; 181        ; 5        ; module_fault_vector_pin[150]                          ; input  ; 2.5 V        ;         ; Row I/O    ; N               ; no       ; Off          ;
; R24      ; 183        ; 5        ; module_fault_vector_pin[82]                           ; input  ; 2.5 V        ;         ; Row I/O    ; N               ; no       ; Off          ;
; R25      ; 180        ; 5        ; module_fault_vector_pin[146]                          ; input  ; 2.5 V        ;         ; Row I/O    ; N               ; no       ; Off          ;
; R26      ; 189        ; 5        ; module_fault_vector_pin[178]                          ; input  ; 2.5 V        ;         ; Row I/O    ; N               ; no       ; Off          ;
; T1       ;            ;          ; GND                                                   ; gnd    ;              ;         ; --         ;                 ; --       ; --           ;
; T2       ;            ;          ; GND                                                   ; gnd    ;              ;         ; --         ;                 ; --       ; --           ;
; T3       ; 21         ; QL0      ; GXB_NC                                                ;        ;              ;         ; --         ;                 ; --       ; --           ;
; T4       ; 20         ; QL0      ; GXB_NC                                                ;        ;              ;         ; --         ;                 ; --       ; --           ;
; T5       ;            ; --       ; VCCA_GXB                                              ; power  ;              ; 2.5V    ; --         ;                 ; --       ; --           ;
; T6       ;            ;          ; VCCD_PLL                                              ; power  ;              ; 1.2V    ; --         ;                 ; --       ; --           ;
; T7       ;            ;          ; GND                                                   ; gnd    ;              ;         ; --         ;                 ; --       ; --           ;
; T8       ;            ;          ; VCCINT                                                ; power  ;              ; 1.2V    ; --         ;                 ; --       ; --           ;
; T9       ; 38         ; 3B       ; GXB_GND*                                              ;        ;              ;         ; Column I/O ;                 ; --       ; --           ;
; T10      ; 40         ; 3B       ; GXB_GND*                                              ;        ;              ;         ; Column I/O ;                 ; --       ; --           ;
; T11      ;            ;          ; GND                                                   ; gnd    ;              ;         ; --         ;                 ; --       ; --           ;
; T12      ;            ;          ; VCCINT                                                ; power  ;              ; 1.2V    ; --         ;                 ; --       ; --           ;
; T13      ;            ;          ; GND                                                   ; gnd    ;              ;         ; --         ;                 ; --       ; --           ;
; T14      ; 88         ; 3A       ; clk_sys_pin                                           ; input  ; 2.5 V        ;         ; Column I/O ; N               ; no       ; Off          ;
; T15      ; 89         ; 3A       ; clk_fast_pin                                          ; input  ; 2.5 V        ;         ; Column I/O ; N               ; no       ; Off          ;
; T16      ;            ;          ; VCCINT                                                ; power  ;              ; 1.2V    ; --         ;                 ; --       ; --           ;
; T17      ;            ;          ; GND                                                   ; gnd    ;              ;         ; --         ;                 ; --       ; --           ;
; T18      ;            ;          ; VCCINT                                                ; power  ;              ; 1.2V    ; --         ;                 ; --       ; --           ;
; T19      ; 165        ; 5        ; module_fault_vector_pin[148]                          ; input  ; 2.5 V        ;         ; Row I/O    ; N               ; no       ; Off          ;
; T20      ;            ; 5        ; VCCIO5                                                ; power  ;              ; 2.5V    ; --         ;                 ; --       ; --           ;
; T21      ; 159        ; 5        ; module_fault_vector_pin[172]                          ; input  ; 2.5 V        ;         ; Row I/O    ; N               ; no       ; Off          ;
; T22      ; 172        ; 5        ; adc_p_refl_pin[5]                                     ; input  ; 2.5 V        ;         ; Row I/O    ; N               ; no       ; Off          ;
; T23      ; 171        ; 5        ; module_fault_vector_pin[79]                           ; input  ; 2.5 V        ;         ; Row I/O    ; N               ; no       ; Off          ;
; T24      ; 176        ; 5        ; module_fault_vector_pin[205]                          ; input  ; 2.5 V        ;         ; Row I/O    ; N               ; no       ; Off          ;
; T25      ; 175        ; 5        ; module_fault_vector_pin[204]                          ; input  ; 2.5 V        ;         ; Row I/O    ; N               ; no       ; Off          ;
; T26      ; 179        ; 5        ; module_fault_vector_pin[201]                          ; input  ; 2.5 V        ;         ; Row I/O    ; N               ; no       ; Off          ;
; U1       ; 23         ; QL0      ; GXB_GND*                                              ;        ;              ;         ; --         ;                 ; --       ; --           ;
; U2       ; 22         ; QL0      ; GXB_GND*                                              ;        ;              ;         ; --         ;                 ; --       ; --           ;
; U3       ;            ;          ; GND                                                   ; gnd    ;              ;         ; --         ;                 ; --       ; --           ;
; U4       ;            ;          ; GND                                                   ; gnd    ;              ;         ; --         ;                 ; --       ; --           ;
; U5       ;            ; --       ; VCCL_GXB                                              ; power  ;              ; 1.2V    ; --         ;                 ; --       ; --           ;
; U6       ;            ;          ; GND                                                   ; gnd    ;              ;         ; --         ;                 ; --       ; --           ;
; U7       ;            ; --       ; VCCA                                                  ; power  ;              ; 2.5V    ; --         ;                 ; --       ; --           ;
; U8       ;            ;          ; GND                                                   ; gnd    ;              ;         ; --         ;                 ; --       ; --           ;
; U9       ; 39         ; 3B       ; GXB_GND*                                              ;        ;              ;         ; Column I/O ;                 ; --       ; --           ;
; U10      ; 41         ; 3B       ; GXB_GND*                                              ;        ;              ;         ; Column I/O ;                 ; --       ; --           ;
; U11      ;            ;          ; VCCINT                                                ; power  ;              ; 1.2V    ; --         ;                 ; --       ; --           ;
; U12      ;            ;          ; GND                                                   ; gnd    ;              ;         ; --         ;                 ; --       ; --           ;
; U13      ;            ;          ; VCCINT                                                ; power  ;              ; 1.2V    ; --         ;                 ; --       ; --           ;
; U14      ;            ; 3A       ; VCC_CLKIN3A                                           ; power  ;              ; 2.5V    ; --         ;                 ; --       ; --           ;
; U15      ;            ;          ; VCCINT                                                ; power  ;              ; 1.2V    ; --         ;                 ; --       ; --           ;
; U16      ;            ;          ; GND                                                   ; gnd    ;              ;         ; --         ;                 ; --       ; --           ;
; U17      ;            ;          ; VCCINT                                                ; power  ;              ; 1.2V    ; --         ;                 ; --       ; --           ;
; U18      ;            ;          ; GND                                                   ; gnd    ;              ;         ; --         ;                 ; --       ; --           ;
; U19      ; 166        ; 5        ; module_fault_vector_pin[217]                          ; input  ; 2.5 V        ;         ; Row I/O    ; N               ; no       ; Off          ;
; U20      ;            ; 5        ; VCCIO5                                                ; power  ;              ; 2.5V    ; --         ;                 ; --       ; --           ;
; U21      ;            ;          ; GND                                                   ; gnd    ;              ;         ; --         ;                 ; --       ; --           ;
; U22      ; 158        ; 5        ; module_fault_vector_pin[127]                          ; input  ; 2.5 V        ;         ; Row I/O    ; N               ; no       ; Off          ;
; U23      ; 150        ; 5        ; module_fault_vector_pin[144]                          ; input  ; 2.5 V        ;         ; Row I/O    ; N               ; no       ; Off          ;
; U24      ; 164        ; 5        ; module_fault_vector_pin[200]                          ; input  ; 2.5 V        ;         ; Row I/O    ; N               ; no       ; Off          ;
; U25      ; 174        ; 5        ; module_fault_vector_pin[206]                          ; input  ; 2.5 V        ;         ; Row I/O    ; N               ; no       ; Off          ;
; U26      ; 173        ; 5        ; module_fault_vector_pin[174]                          ; input  ; 2.5 V        ;         ; Row I/O    ; N               ; no       ; Off          ;
; V1       ;            ;          ; GND                                                   ; gnd    ;              ;         ; --         ;                 ; --       ; --           ;
; V2       ;            ;          ; GND                                                   ; gnd    ;              ;         ; --         ;                 ; --       ; --           ;
; V3       ; 25         ; QL0      ; GXB_NC                                                ;        ;              ;         ; --         ;                 ; --       ; --           ;
; V4       ; 24         ; QL0      ; GXB_NC                                                ;        ;              ;         ; --         ;                 ; --       ; --           ;
; V5       ;            ; --       ; VCCH_GXB                                              ; power  ;              ; 2.5V    ; --         ;                 ; --       ; --           ;
; V6       ;            ;          ; VCCD_PLL                                              ; power  ;              ; 1.2V    ; --         ;                 ; --       ; --           ;
; V7       ;            ;          ; GND                                                   ; gnd    ;              ;         ; --         ;                 ; --       ; --           ;
; V8       ;            ;          ; VCCINT                                                ; power  ;              ; 1.2V    ; --         ;                 ; --       ; --           ;
; V9       ;            ; 3B       ; VCC_CLKIN3B                                           ; power  ;              ; 2.5V    ; --         ;                 ; --       ; --           ;
; V10      ;            ;          ; VCCINT                                                ; power  ;              ; 1.2V    ; --         ;                 ; --       ; --           ;
; V11      ;            ;          ; GND                                                   ; gnd    ;              ;         ; --         ;                 ; --       ; --           ;
; V12      ;            ;          ; VCCINT                                                ; power  ;              ; 1.2V    ; --         ;                 ; --       ; --           ;
; V13      ;            ;          ; GND                                                   ; gnd    ;              ;         ; --         ;                 ; --       ; --           ;
; V14      ;            ;          ; VCCINT                                                ; power  ;              ; 1.2V    ; --         ;                 ; --       ; --           ;
; V15      ;            ;          ; GND                                                   ; gnd    ;              ;         ; --         ;                 ; --       ; --           ;
; V16      ;            ;          ; VCCINT                                                ; power  ;              ; 1.2V    ; --         ;                 ; --       ; --           ;
; V17      ;            ;          ; GND                                                   ; gnd    ;              ;         ; --         ;                 ; --       ; --           ;
; V18      ;            ;          ; VCCINT                                                ; power  ;              ; 1.2V    ; --         ;                 ; --       ; --           ;
; V19      ;            ;          ; GND                                                   ; gnd    ;              ;         ; --         ;                 ; --       ; --           ;
; V20      ;            ; 5        ; VCCIO5                                                ; power  ;              ; 2.5V    ; --         ;                 ; --       ; --           ;
; V21      ; 149        ; 5        ; module_fault_vector_pin[195]                          ; input  ; 2.5 V        ;         ; Row I/O    ; N               ; no       ; Off          ;
; V22      ; 151        ; 5        ; module_fault_vector_pin[130]                          ; input  ; 2.5 V        ;         ; Row I/O    ; N               ; no       ; Off          ;
; V23      ; 153        ; 5        ; module_fault_vector_pin[191]                          ; input  ; 2.5 V        ;         ; Row I/O    ; N               ; no       ; Off          ;
; V24      ; 152        ; 5        ; module_fault_vector_pin[128]                          ; input  ; 2.5 V        ;         ; Row I/O    ; N               ; no       ; Off          ;
; V25      ;            ;          ; GND                                                   ; gnd    ;              ;         ; --         ;                 ; --       ; --           ;
; V26      ; 169        ; 5        ; module_fault_vector_pin[215]                          ; input  ; 2.5 V        ;         ; Row I/O    ; N               ; no       ; Off          ;
; W1       ; 27         ; QL0      ; GXB_GND*                                              ;        ;              ;         ; --         ;                 ; --       ; --           ;
; W2       ; 26         ; QL0      ; GXB_GND*                                              ;        ;              ;         ; --         ;                 ; --       ; --           ;
; W3       ;            ;          ; GND                                                   ; gnd    ;              ;         ; --         ;                 ; --       ; --           ;
; W4       ;            ;          ; GND                                                   ; gnd    ;              ;         ; --         ;                 ; --       ; --           ;
; W5       ;            ; --       ; VCCA_GXB                                              ; power  ;              ; 2.5V    ; --         ;                 ; --       ; --           ;
; W6       ;            ; --       ; VCCA                                                  ; power  ;              ; 2.5V    ; --         ;                 ; --       ; --           ;
; W7       ; 32         ; 3        ; ^MSEL3                                                ;        ;              ;         ; --         ;                 ; --       ; --           ;
; W8       ;            ; 3        ; VCCIO3                                                ; power  ;              ; 2.5V    ; --         ;                 ; --       ; --           ;
; W9       ;            ;          ; VCCINT                                                ; power  ;              ; 1.2V    ; --         ;                 ; --       ; --           ;
; W10      ;            ;          ; GND                                                   ; gnd    ;              ;         ; --         ;                 ; --       ; --           ;
; W11      ;            ;          ; VCCINT                                                ; power  ;              ; 1.2V    ; --         ;                 ; --       ; --           ;
; W12      ;            ;          ; GND                                                   ; gnd    ;              ;         ; --         ;                 ; --       ; --           ;
; W13      ;            ;          ; VCCINT                                                ; power  ;              ; 1.2V    ; --         ;                 ; --       ; --           ;
; W14      ;            ;          ; GND                                                   ; gnd    ;              ;         ; --         ;                 ; --       ; --           ;
; W15      ;            ;          ; VCCINT                                                ; power  ;              ; 1.2V    ; --         ;                 ; --       ; --           ;
; W16      ;            ;          ; GND                                                   ; gnd    ;              ;         ; --         ;                 ; --       ; --           ;
; W17      ;            ;          ; VCCINT                                                ; power  ;              ; 1.2V    ; --         ;                 ; --       ; --           ;
; W18      ;            ;          ; GND                                                   ; gnd    ;              ;         ; --         ;                 ; --       ; --           ;
; W19      ;            ;          ; VCCINT                                                ; power  ;              ; 1.2V    ; --         ;                 ; --       ; --           ;
; W20      ;            ;          ; GND                                                   ; gnd    ;              ;         ; --         ;                 ; --       ; --           ;
; W21      ;            ; --       ; VCCA                                                  ; power  ;              ; 2.5V    ; --         ;                 ; --       ; --           ;
; W22      ; 148        ; 5        ; module_fault_vector_pin[149]                          ; input  ; 2.5 V        ;         ; Row I/O    ; N               ; no       ; Off          ;
; W23      ; 141        ; 5        ; module_fault_vector_pin[133]                          ; input  ; 2.5 V        ;         ; Row I/O    ; N               ; no       ; Off          ;
; W24      ; 168        ; 5        ; module_fault_vector_pin[169]                          ; input  ; 2.5 V        ;         ; Row I/O    ; N               ; no       ; Off          ;
; W25      ; 167        ; 5        ; module_fault_vector_pin[173]                          ; input  ; 2.5 V        ;         ; Row I/O    ; N               ; no       ; Off          ;
; W26      ; 170        ; 5        ; module_fault_vector_pin[171]                          ; input  ; 2.5 V        ;         ; Row I/O    ; N               ; no       ; Off          ;
; Y1       ;            ;          ; GND                                                   ; gnd    ;              ;         ; --         ;                 ; --       ; --           ;
; Y2       ;            ;          ; GND                                                   ; gnd    ;              ;         ; --         ;                 ; --       ; --           ;
; Y3       ; 29         ; QL0      ; GXB_NC                                                ;        ;              ;         ; --         ;                 ; --       ; --           ;
; Y4       ; 28         ; QL0      ; GXB_NC                                                ;        ;              ;         ; --         ;                 ; --       ; --           ;
; Y5       ;            ; --       ; VCCL_GXB                                              ; power  ;              ; 1.2V    ; --         ;                 ; --       ; --           ;
; Y6       ; 33         ; 3        ; ^MSEL2                                                ;        ;              ;         ; --         ;                 ; --       ; --           ;
; Y7       ; 34         ; 3        ; ^MSEL1                                                ;        ;              ;         ; --         ;                 ; --       ; --           ;
; Y8       ;            ;          ; GND                                                   ; gnd    ;              ;         ; --         ;                 ; --       ; --           ;
; Y9       ;            ;          ; GND                                                   ; gnd    ;              ;         ; --         ;                 ; --       ; --           ;
; Y10      ;            ;          ; VCCINT                                                ; power  ;              ; 1.2V    ; --         ;                 ; --       ; --           ;
; Y11      ;            ;          ; GND                                                   ; gnd    ;              ;         ; --         ;                 ; --       ; --           ;
; Y12      ;            ;          ; VCCINT                                                ; power  ;              ; 1.2V    ; --         ;                 ; --       ; --           ;
; Y13      ;            ;          ; GND                                                   ; gnd    ;              ;         ; --         ;                 ; --       ; --           ;
; Y14      ;            ;          ; VCCINT                                                ; power  ;              ; 1.2V    ; --         ;                 ; --       ; --           ;
; Y15      ;            ; 4        ; VCCIO4                                                ; power  ;              ; 2.5V    ; --         ;                 ; --       ; --           ;
; Y16      ;            ;          ; GND                                                   ; gnd    ;              ;         ; --         ;                 ; --       ; --           ;
; Y17      ;            ;          ; GND                                                   ; gnd    ;              ;         ; --         ;                 ; --       ; --           ;
; Y18      ;            ;          ; GND                                                   ; gnd    ;              ;         ; --         ;                 ; --       ; --           ;
; Y19      ;            ; 4        ; VCCIO4                                                ; power  ;              ; 2.5V    ; --         ;                 ; --       ; --           ;
; Y20      ;            ;          ; VCCD_PLL                                              ; power  ;              ; 1.2V    ; --         ;                 ; --       ; --           ;
; Y21      ; 133        ; 4        ; module_fault_vector_pin[194]                          ; input  ; 2.5 V        ;         ; Column I/O ; N               ; no       ; Off          ;
; Y22      ; 135        ; 5        ; module_fault_vector_pin[98]                           ; input  ; 2.5 V        ;         ; Row I/O    ; N               ; no       ; Off          ;
; Y23      ; 136        ; 5        ; module_fault_vector_pin[239]                          ; input  ; 2.5 V        ;         ; Row I/O    ; N               ; no       ; Off          ;
; Y24      ; 161        ; 5        ; module_fault_vector_pin[164]                          ; input  ; 2.5 V        ;         ; Row I/O    ; N               ; no       ; Off          ;
; Y25      ; 160        ; 5        ; module_fault_vector_pin[131]                          ; input  ; 2.5 V        ;         ; Row I/O    ; N               ; no       ; Off          ;
; Y26      ; 162        ; 5        ; module_fault_vector_pin[165]                          ; input  ; 2.5 V        ;         ; Row I/O    ; N               ; no       ; Off          ;
+----------+------------+----------+-------------------------------------------------------+--------+--------------+---------+------------+-----------------+----------+--------------+
Note: Pin directions (input, output or bidir) are based on device operating in user mode.


+--------------------------------------------------------------+
; I/O Assignment Warnings                                      ;
+------------------------------+-------------------------------+
; Pin Name                     ; Reason                        ;
+------------------------------+-------------------------------+
; rf_gate_disable_pin          ; Incomplete set of assignments ;
; psu_contactor_pin            ; Incomplete set of assignments ;
; clk_fast_pin                 ; Incomplete set of assignments ;
; rst_n_pin                    ; Incomplete set of assignments ;
; clk_sys_pin                  ; Incomplete set of assignments ;
; interlock_reset_pin          ; Incomplete set of assignments ;
; adc_p_refl_pin[14]           ; Incomplete set of assignments ;
; adc_p_refl_pin[15]           ; Incomplete set of assignments ;
; adc_p_refl_pin[13]           ; Incomplete set of assignments ;
; adc_p_refl_pin[12]           ; Incomplete set of assignments ;
; adc_p_refl_pin[0]            ; Incomplete set of assignments ;
; adc_p_refl_pin[1]            ; Incomplete set of assignments ;
; adc_p_refl_pin[2]            ; Incomplete set of assignments ;
; adc_p_refl_pin[3]            ; Incomplete set of assignments ;
; adc_p_refl_pin[4]            ; Incomplete set of assignments ;
; adc_p_refl_pin[5]            ; Incomplete set of assignments ;
; adc_p_refl_pin[6]            ; Incomplete set of assignments ;
; adc_p_refl_pin[7]            ; Incomplete set of assignments ;
; adc_p_refl_pin[8]            ; Incomplete set of assignments ;
; adc_p_refl_pin[9]            ; Incomplete set of assignments ;
; adc_p_refl_pin[10]           ; Incomplete set of assignments ;
; adc_p_refl_pin[11]           ; Incomplete set of assignments ;
; adc_p_drive_pin[15]          ; Incomplete set of assignments ;
; adc_p_drive_pin[14]          ; Incomplete set of assignments ;
; adc_p_drive_pin[0]           ; Incomplete set of assignments ;
; adc_p_drive_pin[1]           ; Incomplete set of assignments ;
; adc_p_drive_pin[2]           ; Incomplete set of assignments ;
; adc_p_drive_pin[3]           ; Incomplete set of assignments ;
; adc_p_drive_pin[4]           ; Incomplete set of assignments ;
; adc_p_drive_pin[5]           ; Incomplete set of assignments ;
; adc_p_drive_pin[6]           ; Incomplete set of assignments ;
; adc_p_drive_pin[7]           ; Incomplete set of assignments ;
; adc_p_drive_pin[8]           ; Incomplete set of assignments ;
; adc_p_drive_pin[9]           ; Incomplete set of assignments ;
; adc_p_drive_pin[10]          ; Incomplete set of assignments ;
; adc_p_drive_pin[11]          ; Incomplete set of assignments ;
; adc_p_drive_pin[12]          ; Incomplete set of assignments ;
; adc_p_drive_pin[13]          ; Incomplete set of assignments ;
; clk_telemetry_pin            ; Incomplete set of assignments ;
; module_fault_vector_pin[237] ; Incomplete set of assignments ;
; module_fault_vector_pin[238] ; Incomplete set of assignments ;
; module_fault_vector_pin[215] ; Incomplete set of assignments ;
; module_fault_vector_pin[216] ; Incomplete set of assignments ;
; module_fault_vector_pin[217] ; Incomplete set of assignments ;
; module_fault_vector_pin[218] ; Incomplete set of assignments ;
; module_fault_vector_pin[219] ; Incomplete set of assignments ;
; module_fault_vector_pin[220] ; Incomplete set of assignments ;
; module_fault_vector_pin[221] ; Incomplete set of assignments ;
; module_fault_vector_pin[222] ; Incomplete set of assignments ;
; module_fault_vector_pin[207] ; Incomplete set of assignments ;
; module_fault_vector_pin[208] ; Incomplete set of assignments ;
; module_fault_vector_pin[209] ; Incomplete set of assignments ;
; module_fault_vector_pin[210] ; Incomplete set of assignments ;
; module_fault_vector_pin[211] ; Incomplete set of assignments ;
; module_fault_vector_pin[212] ; Incomplete set of assignments ;
; module_fault_vector_pin[213] ; Incomplete set of assignments ;
; module_fault_vector_pin[214] ; Incomplete set of assignments ;
; module_fault_vector_pin[199] ; Incomplete set of assignments ;
; module_fault_vector_pin[200] ; Incomplete set of assignments ;
; module_fault_vector_pin[201] ; Incomplete set of assignments ;
; module_fault_vector_pin[202] ; Incomplete set of assignments ;
; module_fault_vector_pin[203] ; Incomplete set of assignments ;
; module_fault_vector_pin[204] ; Incomplete set of assignments ;
; module_fault_vector_pin[205] ; Incomplete set of assignments ;
; module_fault_vector_pin[206] ; Incomplete set of assignments ;
; module_fault_vector_pin[191] ; Incomplete set of assignments ;
; module_fault_vector_pin[192] ; Incomplete set of assignments ;
; module_fault_vector_pin[193] ; Incomplete set of assignments ;
; module_fault_vector_pin[194] ; Incomplete set of assignments ;
; module_fault_vector_pin[195] ; Incomplete set of assignments ;
; module_fault_vector_pin[196] ; Incomplete set of assignments ;
; module_fault_vector_pin[197] ; Incomplete set of assignments ;
; module_fault_vector_pin[198] ; Incomplete set of assignments ;
; module_fault_vector_pin[231] ; Incomplete set of assignments ;
; module_fault_vector_pin[232] ; Incomplete set of assignments ;
; module_fault_vector_pin[233] ; Incomplete set of assignments ;
; module_fault_vector_pin[234] ; Incomplete set of assignments ;
; module_fault_vector_pin[235] ; Incomplete set of assignments ;
; module_fault_vector_pin[236] ; Incomplete set of assignments ;
; module_fault_vector_pin[223] ; Incomplete set of assignments ;
; module_fault_vector_pin[224] ; Incomplete set of assignments ;
; module_fault_vector_pin[225] ; Incomplete set of assignments ;
; module_fault_vector_pin[226] ; Incomplete set of assignments ;
; module_fault_vector_pin[227] ; Incomplete set of assignments ;
; module_fault_vector_pin[228] ; Incomplete set of assignments ;
; module_fault_vector_pin[229] ; Incomplete set of assignments ;
; module_fault_vector_pin[230] ; Incomplete set of assignments ;
; module_fault_vector_pin[183] ; Incomplete set of assignments ;
; module_fault_vector_pin[184] ; Incomplete set of assignments ;
; module_fault_vector_pin[185] ; Incomplete set of assignments ;
; module_fault_vector_pin[186] ; Incomplete set of assignments ;
; module_fault_vector_pin[187] ; Incomplete set of assignments ;
; module_fault_vector_pin[188] ; Incomplete set of assignments ;
; module_fault_vector_pin[189] ; Incomplete set of assignments ;
; module_fault_vector_pin[190] ; Incomplete set of assignments ;
; module_fault_vector_pin[175] ; Incomplete set of assignments ;
; module_fault_vector_pin[176] ; Incomplete set of assignments ;
; module_fault_vector_pin[177] ; Incomplete set of assignments ;
; module_fault_vector_pin[178] ; Incomplete set of assignments ;
; module_fault_vector_pin[179] ; Incomplete set of assignments ;
; module_fault_vector_pin[180] ; Incomplete set of assignments ;
; module_fault_vector_pin[181] ; Incomplete set of assignments ;
; module_fault_vector_pin[182] ; Incomplete set of assignments ;
; module_fault_vector_pin[167] ; Incomplete set of assignments ;
; module_fault_vector_pin[168] ; Incomplete set of assignments ;
; module_fault_vector_pin[169] ; Incomplete set of assignments ;
; module_fault_vector_pin[170] ; Incomplete set of assignments ;
; module_fault_vector_pin[171] ; Incomplete set of assignments ;
; module_fault_vector_pin[172] ; Incomplete set of assignments ;
; module_fault_vector_pin[173] ; Incomplete set of assignments ;
; module_fault_vector_pin[174] ; Incomplete set of assignments ;
; module_fault_vector_pin[159] ; Incomplete set of assignments ;
; module_fault_vector_pin[160] ; Incomplete set of assignments ;
; module_fault_vector_pin[161] ; Incomplete set of assignments ;
; module_fault_vector_pin[162] ; Incomplete set of assignments ;
; module_fault_vector_pin[163] ; Incomplete set of assignments ;
; module_fault_vector_pin[164] ; Incomplete set of assignments ;
; module_fault_vector_pin[165] ; Incomplete set of assignments ;
; module_fault_vector_pin[166] ; Incomplete set of assignments ;
; module_fault_vector_pin[151] ; Incomplete set of assignments ;
; module_fault_vector_pin[152] ; Incomplete set of assignments ;
; module_fault_vector_pin[153] ; Incomplete set of assignments ;
; module_fault_vector_pin[154] ; Incomplete set of assignments ;
; module_fault_vector_pin[155] ; Incomplete set of assignments ;
; module_fault_vector_pin[156] ; Incomplete set of assignments ;
; module_fault_vector_pin[157] ; Incomplete set of assignments ;
; module_fault_vector_pin[158] ; Incomplete set of assignments ;
; module_fault_vector_pin[143] ; Incomplete set of assignments ;
; module_fault_vector_pin[144] ; Incomplete set of assignments ;
; module_fault_vector_pin[145] ; Incomplete set of assignments ;
; module_fault_vector_pin[146] ; Incomplete set of assignments ;
; module_fault_vector_pin[147] ; Incomplete set of assignments ;
; module_fault_vector_pin[148] ; Incomplete set of assignments ;
; module_fault_vector_pin[149] ; Incomplete set of assignments ;
; module_fault_vector_pin[150] ; Incomplete set of assignments ;
; module_fault_vector_pin[135] ; Incomplete set of assignments ;
; module_fault_vector_pin[136] ; Incomplete set of assignments ;
; module_fault_vector_pin[137] ; Incomplete set of assignments ;
; module_fault_vector_pin[138] ; Incomplete set of assignments ;
; module_fault_vector_pin[139] ; Incomplete set of assignments ;
; module_fault_vector_pin[140] ; Incomplete set of assignments ;
; module_fault_vector_pin[141] ; Incomplete set of assignments ;
; module_fault_vector_pin[142] ; Incomplete set of assignments ;
; module_fault_vector_pin[127] ; Incomplete set of assignments ;
; module_fault_vector_pin[128] ; Incomplete set of assignments ;
; module_fault_vector_pin[129] ; Incomplete set of assignments ;
; module_fault_vector_pin[130] ; Incomplete set of assignments ;
; module_fault_vector_pin[131] ; Incomplete set of assignments ;
; module_fault_vector_pin[132] ; Incomplete set of assignments ;
; module_fault_vector_pin[133] ; Incomplete set of assignments ;
; module_fault_vector_pin[134] ; Incomplete set of assignments ;
; module_fault_vector_pin[125] ; Incomplete set of assignments ;
; module_fault_vector_pin[126] ; Incomplete set of assignments ;
; module_fault_vector_pin[119] ; Incomplete set of assignments ;
; module_fault_vector_pin[120] ; Incomplete set of assignments ;
; module_fault_vector_pin[121] ; Incomplete set of assignments ;
; module_fault_vector_pin[122] ; Incomplete set of assignments ;
; module_fault_vector_pin[123] ; Incomplete set of assignments ;
; module_fault_vector_pin[124] ; Incomplete set of assignments ;
; module_fault_vector_pin[111] ; Incomplete set of assignments ;
; module_fault_vector_pin[112] ; Incomplete set of assignments ;
; module_fault_vector_pin[113] ; Incomplete set of assignments ;
; module_fault_vector_pin[114] ; Incomplete set of assignments ;
; module_fault_vector_pin[115] ; Incomplete set of assignments ;
; module_fault_vector_pin[116] ; Incomplete set of assignments ;
; module_fault_vector_pin[117] ; Incomplete set of assignments ;
; module_fault_vector_pin[118] ; Incomplete set of assignments ;
; module_fault_vector_pin[103] ; Incomplete set of assignments ;
; module_fault_vector_pin[104] ; Incomplete set of assignments ;
; module_fault_vector_pin[105] ; Incomplete set of assignments ;
; module_fault_vector_pin[106] ; Incomplete set of assignments ;
; module_fault_vector_pin[107] ; Incomplete set of assignments ;
; module_fault_vector_pin[108] ; Incomplete set of assignments ;
; module_fault_vector_pin[109] ; Incomplete set of assignments ;
; module_fault_vector_pin[110] ; Incomplete set of assignments ;
; module_fault_vector_pin[95]  ; Incomplete set of assignments ;
; module_fault_vector_pin[96]  ; Incomplete set of assignments ;
; module_fault_vector_pin[97]  ; Incomplete set of assignments ;
; module_fault_vector_pin[98]  ; Incomplete set of assignments ;
; module_fault_vector_pin[99]  ; Incomplete set of assignments ;
; module_fault_vector_pin[100] ; Incomplete set of assignments ;
; module_fault_vector_pin[101] ; Incomplete set of assignments ;
; module_fault_vector_pin[102] ; Incomplete set of assignments ;
; module_fault_vector_pin[87]  ; Incomplete set of assignments ;
; module_fault_vector_pin[88]  ; Incomplete set of assignments ;
; module_fault_vector_pin[89]  ; Incomplete set of assignments ;
; module_fault_vector_pin[90]  ; Incomplete set of assignments ;
; module_fault_vector_pin[91]  ; Incomplete set of assignments ;
; module_fault_vector_pin[92]  ; Incomplete set of assignments ;
; module_fault_vector_pin[93]  ; Incomplete set of assignments ;
; module_fault_vector_pin[94]  ; Incomplete set of assignments ;
; module_fault_vector_pin[79]  ; Incomplete set of assignments ;
; module_fault_vector_pin[80]  ; Incomplete set of assignments ;
; module_fault_vector_pin[81]  ; Incomplete set of assignments ;
; module_fault_vector_pin[82]  ; Incomplete set of assignments ;
; module_fault_vector_pin[83]  ; Incomplete set of assignments ;
; module_fault_vector_pin[84]  ; Incomplete set of assignments ;
; module_fault_vector_pin[85]  ; Incomplete set of assignments ;
; module_fault_vector_pin[86]  ; Incomplete set of assignments ;
; module_fault_vector_pin[71]  ; Incomplete set of assignments ;
; module_fault_vector_pin[72]  ; Incomplete set of assignments ;
; module_fault_vector_pin[73]  ; Incomplete set of assignments ;
; module_fault_vector_pin[74]  ; Incomplete set of assignments ;
; module_fault_vector_pin[75]  ; Incomplete set of assignments ;
; module_fault_vector_pin[76]  ; Incomplete set of assignments ;
; module_fault_vector_pin[77]  ; Incomplete set of assignments ;
; module_fault_vector_pin[78]  ; Incomplete set of assignments ;
; module_fault_vector_pin[63]  ; Incomplete set of assignments ;
; module_fault_vector_pin[64]  ; Incomplete set of assignments ;
; module_fault_vector_pin[65]  ; Incomplete set of assignments ;
; module_fault_vector_pin[66]  ; Incomplete set of assignments ;
; module_fault_vector_pin[67]  ; Incomplete set of assignments ;
; module_fault_vector_pin[68]  ; Incomplete set of assignments ;
; module_fault_vector_pin[69]  ; Incomplete set of assignments ;
; module_fault_vector_pin[70]  ; Incomplete set of assignments ;
; module_fault_vector_pin[61]  ; Incomplete set of assignments ;
; module_fault_vector_pin[62]  ; Incomplete set of assignments ;
; module_fault_vector_pin[39]  ; Incomplete set of assignments ;
; module_fault_vector_pin[40]  ; Incomplete set of assignments ;
; module_fault_vector_pin[41]  ; Incomplete set of assignments ;
; module_fault_vector_pin[42]  ; Incomplete set of assignments ;
; module_fault_vector_pin[43]  ; Incomplete set of assignments ;
; module_fault_vector_pin[44]  ; Incomplete set of assignments ;
; module_fault_vector_pin[45]  ; Incomplete set of assignments ;
; module_fault_vector_pin[46]  ; Incomplete set of assignments ;
; module_fault_vector_pin[31]  ; Incomplete set of assignments ;
; module_fault_vector_pin[32]  ; Incomplete set of assignments ;
; module_fault_vector_pin[33]  ; Incomplete set of assignments ;
; module_fault_vector_pin[34]  ; Incomplete set of assignments ;
; module_fault_vector_pin[35]  ; Incomplete set of assignments ;
; module_fault_vector_pin[36]  ; Incomplete set of assignments ;
; module_fault_vector_pin[37]  ; Incomplete set of assignments ;
; module_fault_vector_pin[38]  ; Incomplete set of assignments ;
; module_fault_vector_pin[55]  ; Incomplete set of assignments ;
; module_fault_vector_pin[56]  ; Incomplete set of assignments ;
; module_fault_vector_pin[57]  ; Incomplete set of assignments ;
; module_fault_vector_pin[58]  ; Incomplete set of assignments ;
; module_fault_vector_pin[59]  ; Incomplete set of assignments ;
; module_fault_vector_pin[60]  ; Incomplete set of assignments ;
; module_fault_vector_pin[47]  ; Incomplete set of assignments ;
; module_fault_vector_pin[48]  ; Incomplete set of assignments ;
; module_fault_vector_pin[49]  ; Incomplete set of assignments ;
; module_fault_vector_pin[50]  ; Incomplete set of assignments ;
; module_fault_vector_pin[51]  ; Incomplete set of assignments ;
; module_fault_vector_pin[52]  ; Incomplete set of assignments ;
; module_fault_vector_pin[53]  ; Incomplete set of assignments ;
; module_fault_vector_pin[54]  ; Incomplete set of assignments ;
; module_fault_vector_pin[29]  ; Incomplete set of assignments ;
; module_fault_vector_pin[30]  ; Incomplete set of assignments ;
; module_fault_vector_pin[23]  ; Incomplete set of assignments ;
; module_fault_vector_pin[24]  ; Incomplete set of assignments ;
; module_fault_vector_pin[25]  ; Incomplete set of assignments ;
; module_fault_vector_pin[26]  ; Incomplete set of assignments ;
; module_fault_vector_pin[27]  ; Incomplete set of assignments ;
; module_fault_vector_pin[28]  ; Incomplete set of assignments ;
; module_fault_vector_pin[15]  ; Incomplete set of assignments ;
; module_fault_vector_pin[16]  ; Incomplete set of assignments ;
; module_fault_vector_pin[17]  ; Incomplete set of assignments ;
; module_fault_vector_pin[18]  ; Incomplete set of assignments ;
; module_fault_vector_pin[19]  ; Incomplete set of assignments ;
; module_fault_vector_pin[20]  ; Incomplete set of assignments ;
; module_fault_vector_pin[21]  ; Incomplete set of assignments ;
; module_fault_vector_pin[22]  ; Incomplete set of assignments ;
; module_fault_vector_pin[13]  ; Incomplete set of assignments ;
; module_fault_vector_pin[14]  ; Incomplete set of assignments ;
; module_fault_vector_pin[6]   ; Incomplete set of assignments ;
; module_fault_vector_pin[3]   ; Incomplete set of assignments ;
; module_fault_vector_pin[4]   ; Incomplete set of assignments ;
; module_fault_vector_pin[5]   ; Incomplete set of assignments ;
; module_fault_vector_pin[2]   ; Incomplete set of assignments ;
; module_fault_vector_pin[0]   ; Incomplete set of assignments ;
; module_fault_vector_pin[1]   ; Incomplete set of assignments ;
; module_fault_vector_pin[7]   ; Incomplete set of assignments ;
; module_fault_vector_pin[8]   ; Incomplete set of assignments ;
; module_fault_vector_pin[9]   ; Incomplete set of assignments ;
; module_fault_vector_pin[10]  ; Incomplete set of assignments ;
; module_fault_vector_pin[11]  ; Incomplete set of assignments ;
; module_fault_vector_pin[12]  ; Incomplete set of assignments ;
; module_fault_vector_pin[239] ; Incomplete set of assignments ;
; rf_gate_disable_pin          ; Missing location assignment   ;
; psu_contactor_pin            ; Missing location assignment   ;
; clk_fast_pin                 ; Missing location assignment   ;
; rst_n_pin                    ; Missing location assignment   ;
; clk_sys_pin                  ; Missing location assignment   ;
; interlock_reset_pin          ; Missing location assignment   ;
; adc_p_refl_pin[14]           ; Missing location assignment   ;
; adc_p_refl_pin[15]           ; Missing location assignment   ;
; adc_p_refl_pin[13]           ; Missing location assignment   ;
; adc_p_refl_pin[12]           ; Missing location assignment   ;
; adc_p_refl_pin[0]            ; Missing location assignment   ;
; adc_p_refl_pin[1]            ; Missing location assignment   ;
; adc_p_refl_pin[2]            ; Missing location assignment   ;
; adc_p_refl_pin[3]            ; Missing location assignment   ;
; adc_p_refl_pin[4]            ; Missing location assignment   ;
; adc_p_refl_pin[5]            ; Missing location assignment   ;
; adc_p_refl_pin[6]            ; Missing location assignment   ;
; adc_p_refl_pin[7]            ; Missing location assignment   ;
; adc_p_refl_pin[8]            ; Missing location assignment   ;
; adc_p_refl_pin[9]            ; Missing location assignment   ;
; adc_p_refl_pin[10]           ; Missing location assignment   ;
; adc_p_refl_pin[11]           ; Missing location assignment   ;
; adc_p_drive_pin[15]          ; Missing location assignment   ;
; adc_p_drive_pin[14]          ; Missing location assignment   ;
; adc_p_drive_pin[0]           ; Missing location assignment   ;
; adc_p_drive_pin[1]           ; Missing location assignment   ;
; adc_p_drive_pin[2]           ; Missing location assignment   ;
; adc_p_drive_pin[3]           ; Missing location assignment   ;
; adc_p_drive_pin[4]           ; Missing location assignment   ;
; adc_p_drive_pin[5]           ; Missing location assignment   ;
; adc_p_drive_pin[6]           ; Missing location assignment   ;
; adc_p_drive_pin[7]           ; Missing location assignment   ;
; adc_p_drive_pin[8]           ; Missing location assignment   ;
; adc_p_drive_pin[9]           ; Missing location assignment   ;
; adc_p_drive_pin[10]          ; Missing location assignment   ;
; adc_p_drive_pin[11]          ; Missing location assignment   ;
; adc_p_drive_pin[12]          ; Missing location assignment   ;
; adc_p_drive_pin[13]          ; Missing location assignment   ;
; clk_telemetry_pin            ; Missing location assignment   ;
; module_fault_vector_pin[237] ; Missing location assignment   ;
; module_fault_vector_pin[238] ; Missing location assignment   ;
; module_fault_vector_pin[215] ; Missing location assignment   ;
; module_fault_vector_pin[216] ; Missing location assignment   ;
; module_fault_vector_pin[217] ; Missing location assignment   ;
; module_fault_vector_pin[218] ; Missing location assignment   ;
; module_fault_vector_pin[219] ; Missing location assignment   ;
; module_fault_vector_pin[220] ; Missing location assignment   ;
; module_fault_vector_pin[221] ; Missing location assignment   ;
; module_fault_vector_pin[222] ; Missing location assignment   ;
; module_fault_vector_pin[207] ; Missing location assignment   ;
; module_fault_vector_pin[208] ; Missing location assignment   ;
; module_fault_vector_pin[209] ; Missing location assignment   ;
; module_fault_vector_pin[210] ; Missing location assignment   ;
; module_fault_vector_pin[211] ; Missing location assignment   ;
; module_fault_vector_pin[212] ; Missing location assignment   ;
; module_fault_vector_pin[213] ; Missing location assignment   ;
; module_fault_vector_pin[214] ; Missing location assignment   ;
; module_fault_vector_pin[199] ; Missing location assignment   ;
; module_fault_vector_pin[200] ; Missing location assignment   ;
; module_fault_vector_pin[201] ; Missing location assignment   ;
; module_fault_vector_pin[202] ; Missing location assignment   ;
; module_fault_vector_pin[203] ; Missing location assignment   ;
; module_fault_vector_pin[204] ; Missing location assignment   ;
; module_fault_vector_pin[205] ; Missing location assignment   ;
; module_fault_vector_pin[206] ; Missing location assignment   ;
; module_fault_vector_pin[191] ; Missing location assignment   ;
; module_fault_vector_pin[192] ; Missing location assignment   ;
; module_fault_vector_pin[193] ; Missing location assignment   ;
; module_fault_vector_pin[194] ; Missing location assignment   ;
; module_fault_vector_pin[195] ; Missing location assignment   ;
; module_fault_vector_pin[196] ; Missing location assignment   ;
; module_fault_vector_pin[197] ; Missing location assignment   ;
; module_fault_vector_pin[198] ; Missing location assignment   ;
; module_fault_vector_pin[231] ; Missing location assignment   ;
; module_fault_vector_pin[232] ; Missing location assignment   ;
; module_fault_vector_pin[233] ; Missing location assignment   ;
; module_fault_vector_pin[234] ; Missing location assignment   ;
; module_fault_vector_pin[235] ; Missing location assignment   ;
; module_fault_vector_pin[236] ; Missing location assignment   ;
; module_fault_vector_pin[223] ; Missing location assignment   ;
; module_fault_vector_pin[224] ; Missing location assignment   ;
; module_fault_vector_pin[225] ; Missing location assignment   ;
; module_fault_vector_pin[226] ; Missing location assignment   ;
; module_fault_vector_pin[227] ; Missing location assignment   ;
; module_fault_vector_pin[228] ; Missing location assignment   ;
; module_fault_vector_pin[229] ; Missing location assignment   ;
; module_fault_vector_pin[230] ; Missing location assignment   ;
; module_fault_vector_pin[183] ; Missing location assignment   ;
; module_fault_vector_pin[184] ; Missing location assignment   ;
; module_fault_vector_pin[185] ; Missing location assignment   ;
; module_fault_vector_pin[186] ; Missing location assignment   ;
; module_fault_vector_pin[187] ; Missing location assignment   ;
; module_fault_vector_pin[188] ; Missing location assignment   ;
; module_fault_vector_pin[189] ; Missing location assignment   ;
; module_fault_vector_pin[190] ; Missing location assignment   ;
; module_fault_vector_pin[175] ; Missing location assignment   ;
; module_fault_vector_pin[176] ; Missing location assignment   ;
; module_fault_vector_pin[177] ; Missing location assignment   ;
; module_fault_vector_pin[178] ; Missing location assignment   ;
; module_fault_vector_pin[179] ; Missing location assignment   ;
; module_fault_vector_pin[180] ; Missing location assignment   ;
; module_fault_vector_pin[181] ; Missing location assignment   ;
; module_fault_vector_pin[182] ; Missing location assignment   ;
; module_fault_vector_pin[167] ; Missing location assignment   ;
; module_fault_vector_pin[168] ; Missing location assignment   ;
; module_fault_vector_pin[169] ; Missing location assignment   ;
; module_fault_vector_pin[170] ; Missing location assignment   ;
; module_fault_vector_pin[171] ; Missing location assignment   ;
; module_fault_vector_pin[172] ; Missing location assignment   ;
; module_fault_vector_pin[173] ; Missing location assignment   ;
; module_fault_vector_pin[174] ; Missing location assignment   ;
; module_fault_vector_pin[159] ; Missing location assignment   ;
; module_fault_vector_pin[160] ; Missing location assignment   ;
; module_fault_vector_pin[161] ; Missing location assignment   ;
; module_fault_vector_pin[162] ; Missing location assignment   ;
; module_fault_vector_pin[163] ; Missing location assignment   ;
; module_fault_vector_pin[164] ; Missing location assignment   ;
; module_fault_vector_pin[165] ; Missing location assignment   ;
; module_fault_vector_pin[166] ; Missing location assignment   ;
; module_fault_vector_pin[151] ; Missing location assignment   ;
; module_fault_vector_pin[152] ; Missing location assignment   ;
; module_fault_vector_pin[153] ; Missing location assignment   ;
; module_fault_vector_pin[154] ; Missing location assignment   ;
; module_fault_vector_pin[155] ; Missing location assignment   ;
; module_fault_vector_pin[156] ; Missing location assignment   ;
; module_fault_vector_pin[157] ; Missing location assignment   ;
; module_fault_vector_pin[158] ; Missing location assignment   ;
; module_fault_vector_pin[143] ; Missing location assignment   ;
; module_fault_vector_pin[144] ; Missing location assignment   ;
; module_fault_vector_pin[145] ; Missing location assignment   ;
; module_fault_vector_pin[146] ; Missing location assignment   ;
; module_fault_vector_pin[147] ; Missing location assignment   ;
; module_fault_vector_pin[148] ; Missing location assignment   ;
; module_fault_vector_pin[149] ; Missing location assignment   ;
; module_fault_vector_pin[150] ; Missing location assignment   ;
; module_fault_vector_pin[135] ; Missing location assignment   ;
; module_fault_vector_pin[136] ; Missing location assignment   ;
; module_fault_vector_pin[137] ; Missing location assignment   ;
; module_fault_vector_pin[138] ; Missing location assignment   ;
; module_fault_vector_pin[139] ; Missing location assignment   ;
; module_fault_vector_pin[140] ; Missing location assignment   ;
; module_fault_vector_pin[141] ; Missing location assignment   ;
; module_fault_vector_pin[142] ; Missing location assignment   ;
; module_fault_vector_pin[127] ; Missing location assignment   ;
; module_fault_vector_pin[128] ; Missing location assignment   ;
; module_fault_vector_pin[129] ; Missing location assignment   ;
; module_fault_vector_pin[130] ; Missing location assignment   ;
; module_fault_vector_pin[131] ; Missing location assignment   ;
; module_fault_vector_pin[132] ; Missing location assignment   ;
; module_fault_vector_pin[133] ; Missing location assignment   ;
; module_fault_vector_pin[134] ; Missing location assignment   ;
; module_fault_vector_pin[125] ; Missing location assignment   ;
; module_fault_vector_pin[126] ; Missing location assignment   ;
; module_fault_vector_pin[119] ; Missing location assignment   ;
; module_fault_vector_pin[120] ; Missing location assignment   ;
; module_fault_vector_pin[121] ; Missing location assignment   ;
; module_fault_vector_pin[122] ; Missing location assignment   ;
; module_fault_vector_pin[123] ; Missing location assignment   ;
; module_fault_vector_pin[124] ; Missing location assignment   ;
; module_fault_vector_pin[111] ; Missing location assignment   ;
; module_fault_vector_pin[112] ; Missing location assignment   ;
; module_fault_vector_pin[113] ; Missing location assignment   ;
; module_fault_vector_pin[114] ; Missing location assignment   ;
; module_fault_vector_pin[115] ; Missing location assignment   ;
; module_fault_vector_pin[116] ; Missing location assignment   ;
; module_fault_vector_pin[117] ; Missing location assignment   ;
; module_fault_vector_pin[118] ; Missing location assignment   ;
; module_fault_vector_pin[103] ; Missing location assignment   ;
; module_fault_vector_pin[104] ; Missing location assignment   ;
; module_fault_vector_pin[105] ; Missing location assignment   ;
; module_fault_vector_pin[106] ; Missing location assignment   ;
; module_fault_vector_pin[107] ; Missing location assignment   ;
; module_fault_vector_pin[108] ; Missing location assignment   ;
; module_fault_vector_pin[109] ; Missing location assignment   ;
; module_fault_vector_pin[110] ; Missing location assignment   ;
; module_fault_vector_pin[95]  ; Missing location assignment   ;
; module_fault_vector_pin[96]  ; Missing location assignment   ;
; module_fault_vector_pin[97]  ; Missing location assignment   ;
; module_fault_vector_pin[98]  ; Missing location assignment   ;
; module_fault_vector_pin[99]  ; Missing location assignment   ;
; module_fault_vector_pin[100] ; Missing location assignment   ;
; module_fault_vector_pin[101] ; Missing location assignment   ;
; module_fault_vector_pin[102] ; Missing location assignment   ;
; module_fault_vector_pin[87]  ; Missing location assignment   ;
; module_fault_vector_pin[88]  ; Missing location assignment   ;
; module_fault_vector_pin[89]  ; Missing location assignment   ;
; module_fault_vector_pin[90]  ; Missing location assignment   ;
; module_fault_vector_pin[91]  ; Missing location assignment   ;
; module_fault_vector_pin[92]  ; Missing location assignment   ;
; module_fault_vector_pin[93]  ; Missing location assignment   ;
; module_fault_vector_pin[94]  ; Missing location assignment   ;
; module_fault_vector_pin[79]  ; Missing location assignment   ;
; module_fault_vector_pin[80]  ; Missing location assignment   ;
; module_fault_vector_pin[81]  ; Missing location assignment   ;
; module_fault_vector_pin[82]  ; Missing location assignment   ;
; module_fault_vector_pin[83]  ; Missing location assignment   ;
; module_fault_vector_pin[84]  ; Missing location assignment   ;
; module_fault_vector_pin[85]  ; Missing location assignment   ;
; module_fault_vector_pin[86]  ; Missing location assignment   ;
; module_fault_vector_pin[71]  ; Missing location assignment   ;
; module_fault_vector_pin[72]  ; Missing location assignment   ;
; module_fault_vector_pin[73]  ; Missing location assignment   ;
; module_fault_vector_pin[74]  ; Missing location assignment   ;
; module_fault_vector_pin[75]  ; Missing location assignment   ;
; module_fault_vector_pin[76]  ; Missing location assignment   ;
; module_fault_vector_pin[77]  ; Missing location assignment   ;
; module_fault_vector_pin[78]  ; Missing location assignment   ;
; module_fault_vector_pin[63]  ; Missing location assignment   ;
; module_fault_vector_pin[64]  ; Missing location assignment   ;
; module_fault_vector_pin[65]  ; Missing location assignment   ;
; module_fault_vector_pin[66]  ; Missing location assignment   ;
; module_fault_vector_pin[67]  ; Missing location assignment   ;
; module_fault_vector_pin[68]  ; Missing location assignment   ;
; module_fault_vector_pin[69]  ; Missing location assignment   ;
; module_fault_vector_pin[70]  ; Missing location assignment   ;
; module_fault_vector_pin[61]  ; Missing location assignment   ;
; module_fault_vector_pin[62]  ; Missing location assignment   ;
; module_fault_vector_pin[39]  ; Missing location assignment   ;
; module_fault_vector_pin[40]  ; Missing location assignment   ;
; module_fault_vector_pin[41]  ; Missing location assignment   ;
; module_fault_vector_pin[42]  ; Missing location assignment   ;
; module_fault_vector_pin[43]  ; Missing location assignment   ;
; module_fault_vector_pin[44]  ; Missing location assignment   ;
; module_fault_vector_pin[45]  ; Missing location assignment   ;
; module_fault_vector_pin[46]  ; Missing location assignment   ;
; module_fault_vector_pin[31]  ; Missing location assignment   ;
; module_fault_vector_pin[32]  ; Missing location assignment   ;
; module_fault_vector_pin[33]  ; Missing location assignment   ;
; module_fault_vector_pin[34]  ; Missing location assignment   ;
; module_fault_vector_pin[35]  ; Missing location assignment   ;
; module_fault_vector_pin[36]  ; Missing location assignment   ;
; module_fault_vector_pin[37]  ; Missing location assignment   ;
; module_fault_vector_pin[38]  ; Missing location assignment   ;
; module_fault_vector_pin[55]  ; Missing location assignment   ;
; module_fault_vector_pin[56]  ; Missing location assignment   ;
; module_fault_vector_pin[57]  ; Missing location assignment   ;
; module_fault_vector_pin[58]  ; Missing location assignment   ;
; module_fault_vector_pin[59]  ; Missing location assignment   ;
; module_fault_vector_pin[60]  ; Missing location assignment   ;
; module_fault_vector_pin[47]  ; Missing location assignment   ;
; module_fault_vector_pin[48]  ; Missing location assignment   ;
; module_fault_vector_pin[49]  ; Missing location assignment   ;
; module_fault_vector_pin[50]  ; Missing location assignment   ;
; module_fault_vector_pin[51]  ; Missing location assignment   ;
; module_fault_vector_pin[52]  ; Missing location assignment   ;
; module_fault_vector_pin[53]  ; Missing location assignment   ;
; module_fault_vector_pin[54]  ; Missing location assignment   ;
; module_fault_vector_pin[29]  ; Missing location assignment   ;
; module_fault_vector_pin[30]  ; Missing location assignment   ;
; module_fault_vector_pin[23]  ; Missing location assignment   ;
; module_fault_vector_pin[24]  ; Missing location assignment   ;
; module_fault_vector_pin[25]  ; Missing location assignment   ;
; module_fault_vector_pin[26]  ; Missing location assignment   ;
; module_fault_vector_pin[27]  ; Missing location assignment   ;
; module_fault_vector_pin[28]  ; Missing location assignment   ;
; module_fault_vector_pin[15]  ; Missing location assignment   ;
; module_fault_vector_pin[16]  ; Missing location assignment   ;
; module_fault_vector_pin[17]  ; Missing location assignment   ;
; module_fault_vector_pin[18]  ; Missing location assignment   ;
; module_fault_vector_pin[19]  ; Missing location assignment   ;
; module_fault_vector_pin[20]  ; Missing location assignment   ;
; module_fault_vector_pin[21]  ; Missing location assignment   ;
; module_fault_vector_pin[22]  ; Missing location assignment   ;
; module_fault_vector_pin[13]  ; Missing location assignment   ;
; module_fault_vector_pin[14]  ; Missing location assignment   ;
; module_fault_vector_pin[6]   ; Missing location assignment   ;
; module_fault_vector_pin[3]   ; Missing location assignment   ;
; module_fault_vector_pin[4]   ; Missing location assignment   ;
; module_fault_vector_pin[5]   ; Missing location assignment   ;
; module_fault_vector_pin[2]   ; Missing location assignment   ;
; module_fault_vector_pin[0]   ; Missing location assignment   ;
; module_fault_vector_pin[1]   ; Missing location assignment   ;
; module_fault_vector_pin[7]   ; Missing location assignment   ;
; module_fault_vector_pin[8]   ; Missing location assignment   ;
; module_fault_vector_pin[9]   ; Missing location assignment   ;
; module_fault_vector_pin[10]  ; Missing location assignment   ;
; module_fault_vector_pin[11]  ; Missing location assignment   ;
; module_fault_vector_pin[12]  ; Missing location assignment   ;
; module_fault_vector_pin[239] ; Missing location assignment   ;
+------------------------------+-------------------------------+


+-------------------------------------------------------------------------------------------------------------------------------------------------------------------------------------------------------------------------------------------------------------------------------------------------------------------------------------------------------------------------+
; Fitter Resource Utilization by Entity                                                                                                                                                                                                                                                                                                                                   ;
+---------------------------------------------------+-------------+---------------------------+---------------+-------------+------+--------------+---------+-----------+-----------+------+--------------+--------------+-------------------+------------------+-----------------------------------------------------------+------------------------------+--------------+
; Compilation Hierarchy Node                        ; Logic Cells ; Dedicated Logic Registers ; I/O Registers ; Memory Bits ; M9Ks ; DSP Elements ; DSP 9x9 ; DSP 18x18 ; DSP 36x36 ; Pins ; Virtual Pins ; LUT-Only LCs ; Register-Only LCs ; LUT/Register LCs ; Full Hierarchy Name                                       ; Entity Name                  ; Library Name ;
+---------------------------------------------------+-------------+---------------------------+---------------+-------------+------+--------------+---------+-----------+-----------+------+--------------+--------------+-------------------+------------------+-----------------------------------------------------------+------------------------------+--------------+
; |ssa_top                                          ; 625 (1)     ; 64 (1)                    ; 0 (0)         ; 0           ; 0    ; 0            ; 0       ; 0         ; 0         ; 279  ; 0            ; 561 (0)      ; 14 (0)            ; 50 (1)           ; |ssa_top                                                  ; ssa_top                      ; work         ;
;    |fast_comparator_core:u_fast_comp|             ; 7 (7)       ; 1 (1)                     ; 0 (0)         ; 0           ; 0    ; 0            ; 0       ; 0         ; 0         ; 0    ; 0            ; 6 (6)        ; 1 (1)             ; 0 (0)            ; |ssa_top|fast_comparator_core:u_fast_comp                 ; fast_comparator_core         ; work         ;
;    |gc_sync_ffs:u_sync_fast|                      ; 3 (1)       ; 3 (1)                     ; 0 (0)         ; 0           ; 0    ; 0            ; 0       ; 0         ; 0         ; 0    ; 0            ; 0 (0)        ; 3 (1)             ; 0 (0)            ; |ssa_top|gc_sync_ffs:u_sync_fast                          ; gc_sync_ffs                  ; work         ;
;       |gc_sync:cmp_gc_sync|                       ; 2 (2)       ; 2 (2)                     ; 0 (0)         ; 0           ; 0    ; 0            ; 0       ; 0         ; 0         ; 0    ; 0            ; 0 (0)        ; 2 (2)             ; 0 (0)            ; |ssa_top|gc_sync_ffs:u_sync_fast|gc_sync:cmp_gc_sync      ; gc_sync                      ; work         ;
;    |gc_sync_ffs:u_sync_overdrive|                 ; 3 (1)       ; 3 (1)                     ; 0 (0)         ; 0           ; 0    ; 0            ; 0       ; 0         ; 0         ; 0    ; 0            ; 0 (0)        ; 2 (0)             ; 1 (1)            ; |ssa_top|gc_sync_ffs:u_sync_overdrive                     ; gc_sync_ffs                  ; work         ;
;       |gc_sync:cmp_gc_sync|                       ; 2 (2)       ; 2 (2)                     ; 0 (0)         ; 0           ; 0    ; 0            ; 0       ; 0         ; 0         ; 0    ; 0            ; 0 (0)        ; 2 (2)             ; 0 (0)            ; |ssa_top|gc_sync_ffs:u_sync_overdrive|gc_sync:cmp_gc_sync ; gc_sync                      ; work         ;
;    |gc_sync_ffs:u_sync_slow|                      ; 3 (1)       ; 3 (1)                     ; 0 (0)         ; 0           ; 0    ; 0            ; 0       ; 0         ; 0         ; 0    ; 0            ; 0 (0)        ; 3 (1)             ; 0 (0)            ; |ssa_top|gc_sync_ffs:u_sync_slow                          ; gc_sync_ffs                  ; work         ;
;       |gc_sync:cmp_gc_sync|                       ; 2 (2)       ; 2 (2)                     ; 0 (0)         ; 0           ; 0    ; 0            ; 0       ; 0         ; 0         ; 0    ; 0            ; 0 (0)        ; 2 (2)             ; 0 (0)            ; |ssa_top|gc_sync_ffs:u_sync_slow|gc_sync:cmp_gc_sync      ; gc_sync                      ; work         ;
;    |gc_sync_ffs:u_sync_unbalance|                 ; 3 (1)       ; 3 (1)                     ; 0 (0)         ; 0           ; 0    ; 0            ; 0       ; 0         ; 0         ; 0    ; 0            ; 0 (0)        ; 3 (1)             ; 0 (0)            ; |ssa_top|gc_sync_ffs:u_sync_unbalance                     ; gc_sync_ffs                  ; work         ;
;       |gc_sync:cmp_gc_sync|                       ; 2 (2)       ; 2 (2)                     ; 0 (0)         ; 0           ; 0    ; 0            ; 0       ; 0         ; 0         ; 0    ; 0            ; 0 (0)        ; 2 (2)             ; 0 (0)            ; |ssa_top|gc_sync_ffs:u_sync_unbalance|gc_sync:cmp_gc_sync ; gc_sync                      ; work         ;
;    |iir_rc_filter:u_filter|                       ; 64 (64)     ; 32 (32)                   ; 0 (0)         ; 0           ; 0    ; 0            ; 0       ; 0         ; 0         ; 0    ; 0            ; 32 (32)      ; 0 (0)             ; 32 (32)          ; |ssa_top|iir_rc_filter:u_filter                           ; iir_rc_filter                ; work         ;
;    |interlock_aggregation_matrix:u_central_brain| ; 20 (20)     ; 15 (15)                   ; 0 (0)         ; 0           ; 0    ; 0            ; 0       ; 0         ; 0         ; 0    ; 0            ; 4 (4)        ; 0 (0)             ; 16 (16)          ; |ssa_top|interlock_aggregation_matrix:u_central_brain     ; interlock_aggregation_matrix ; work         ;
;    |module_health_monitor:u_health_mon|           ; 508 (508)   ; 1 (1)                     ; 0 (0)         ; 0           ; 0    ; 0            ; 0       ; 0         ; 0         ; 0    ; 0            ; 507 (507)    ; 0 (0)             ; 1 (1)            ; |ssa_top|module_health_monitor:u_health_mon               ; module_health_monitor        ; work         ;
;    |overdrive_protect_unit:u_overdrive_comp|      ; 7 (7)       ; 1 (1)                     ; 0 (0)         ; 0           ; 0    ; 0            ; 0       ; 0         ; 0         ; 0    ; 0            ; 6 (6)        ; 1 (1)             ; 0 (0)            ; |ssa_top|overdrive_protect_unit:u_overdrive_comp          ; overdrive_protect_unit       ; work         ;
;    |slow_comparator_core:u_slow_comp|             ; 7 (7)       ; 1 (1)                     ; 0 (0)         ; 0           ; 0    ; 0            ; 0       ; 0         ; 0         ; 0    ; 0            ; 6 (6)        ; 1 (1)             ; 0 (0)            ; |ssa_top|slow_comparator_core:u_slow_comp                 ; slow_comparator_core         ; work         ;
+---------------------------------------------------+-------------+---------------------------+---------------+-------------+------+--------------+---------+-----------+-----------+------+--------------+--------------+-------------------+------------------+-----------------------------------------------------------+------------------------------+--------------+
Note: For table entries with two numbers listed, the numbers in parentheses indicate the number of resources of the given type used by the specific entity alone. The numbers listed outside of parentheses indicate the total resources of the given type used by the specific entity and all of its sub-entities in the hierarchy.


+--------------------------------------------------------------------------------------------------------------+
; Delay Chain Summary                                                                                          ;
+------------------------------+----------+---------------+---------------+-----------------------+-----+------+
; Name                         ; Pin Type ; Pad to Core 0 ; Pad to Core 1 ; Pad to Input Register ; TCO ; TCOE ;
+------------------------------+----------+---------------+---------------+-----------------------+-----+------+
; rf_gate_disable_pin          ; Output   ; --            ; --            ; --                    ; --  ; --   ;
; psu_contactor_pin            ; Output   ; --            ; --            ; --                    ; --  ; --   ;
; clk_fast_pin                 ; Input    ; (0) 0 ps      ; --            ; --                    ; --  ; --   ;
; rst_n_pin                    ; Input    ; (0) 0 ps      ; --            ; --                    ; --  ; --   ;
; clk_sys_pin                  ; Input    ; (0) 0 ps      ; --            ; --                    ; --  ; --   ;
; interlock_reset_pin          ; Input    ; (0) 0 ps      ; --            ; --                    ; --  ; --   ;
; adc_p_refl_pin[14]           ; Input    ; (6) 1315 ps   ; --            ; --                    ; --  ; --   ;
; adc_p_refl_pin[15]           ; Input    ; (6) 1315 ps   ; --            ; --                    ; --  ; --   ;
; adc_p_refl_pin[13]           ; Input    ; (6) 1315 ps   ; --            ; --                    ; --  ; --   ;
; adc_p_refl_pin[12]           ; Input    ; --            ; (6) 1315 ps   ; --                    ; --  ; --   ;
; adc_p_refl_pin[0]            ; Input    ; (6) 1315 ps   ; --            ; --                    ; --  ; --   ;
; adc_p_refl_pin[1]            ; Input    ; (6) 1315 ps   ; --            ; --                    ; --  ; --   ;
; adc_p_refl_pin[2]            ; Input    ; --            ; (6) 1315 ps   ; --                    ; --  ; --   ;
; adc_p_refl_pin[3]            ; Input    ; --            ; (6) 1315 ps   ; --                    ; --  ; --   ;
; adc_p_refl_pin[4]            ; Input    ; --            ; (6) 1315 ps   ; --                    ; --  ; --   ;
; adc_p_refl_pin[5]            ; Input    ; (6) 1320 ps   ; --            ; --                    ; --  ; --   ;
; adc_p_refl_pin[6]            ; Input    ; (6) 1315 ps   ; --            ; --                    ; --  ; --   ;
; adc_p_refl_pin[7]            ; Input    ; --            ; (6) 1315 ps   ; --                    ; --  ; --   ;
; adc_p_refl_pin[8]            ; Input    ; (6) 1315 ps   ; --            ; --                    ; --  ; --   ;
; adc_p_refl_pin[9]            ; Input    ; (6) 1315 ps   ; --            ; --                    ; --  ; --   ;
; adc_p_refl_pin[10]           ; Input    ; (6) 1315 ps   ; --            ; --                    ; --  ; --   ;
; adc_p_refl_pin[11]           ; Input    ; (6) 1315 ps   ; --            ; --                    ; --  ; --   ;
; adc_p_drive_pin[15]          ; Input    ; (6) 1315 ps   ; --            ; --                    ; --  ; --   ;
; adc_p_drive_pin[14]          ; Input    ; --            ; (6) 1315 ps   ; --                    ; --  ; --   ;
; adc_p_drive_pin[0]           ; Input    ; --            ; (6) 1315 ps   ; --                    ; --  ; --   ;
; adc_p_drive_pin[1]           ; Input    ; (6) 1315 ps   ; --            ; --                    ; --  ; --   ;
; adc_p_drive_pin[2]           ; Input    ; (6) 1315 ps   ; --            ; --                    ; --  ; --   ;
; adc_p_drive_pin[3]           ; Input    ; (6) 1315 ps   ; --            ; --                    ; --  ; --   ;
; adc_p_drive_pin[4]           ; Input    ; (6) 1315 ps   ; --            ; --                    ; --  ; --   ;
; adc_p_drive_pin[5]           ; Input    ; (6) 1315 ps   ; --            ; --                    ; --  ; --   ;
; adc_p_drive_pin[6]           ; Input    ; --            ; (6) 1315 ps   ; --                    ; --  ; --   ;
; adc_p_drive_pin[7]           ; Input    ; (6) 1315 ps   ; --            ; --                    ; --  ; --   ;
; adc_p_drive_pin[8]           ; Input    ; (6) 1315 ps   ; --            ; --                    ; --  ; --   ;
; adc_p_drive_pin[9]           ; Input    ; (6) 1315 ps   ; --            ; --                    ; --  ; --   ;
; adc_p_drive_pin[10]          ; Input    ; --            ; (6) 1315 ps   ; --                    ; --  ; --   ;
; adc_p_drive_pin[11]          ; Input    ; (6) 1315 ps   ; --            ; --                    ; --  ; --   ;
; adc_p_drive_pin[12]          ; Input    ; (6) 1315 ps   ; --            ; --                    ; --  ; --   ;
; adc_p_drive_pin[13]          ; Input    ; --            ; (6) 1315 ps   ; --                    ; --  ; --   ;
; clk_telemetry_pin            ; Input    ; (0) 0 ps      ; --            ; --                    ; --  ; --   ;
; module_fault_vector_pin[237] ; Input    ; (6) 1315 ps   ; --            ; --                    ; --  ; --   ;
; module_fault_vector_pin[238] ; Input    ; --            ; (6) 1315 ps   ; --                    ; --  ; --   ;
; module_fault_vector_pin[215] ; Input    ; (6) 1320 ps   ; --            ; --                    ; --  ; --   ;
; module_fault_vector_pin[216] ; Input    ; --            ; (6) 1320 ps   ; --                    ; --  ; --   ;
; module_fault_vector_pin[217] ; Input    ; (6) 1320 ps   ; --            ; --                    ; --  ; --   ;
; module_fault_vector_pin[218] ; Input    ; (6) 1320 ps   ; --            ; --                    ; --  ; --   ;
; module_fault_vector_pin[219] ; Input    ; --            ; (6) 1320 ps   ; --                    ; --  ; --   ;
; module_fault_vector_pin[220] ; Input    ; (6) 1320 ps   ; --            ; --                    ; --  ; --   ;
; module_fault_vector_pin[221] ; Input    ; (6) 1320 ps   ; --            ; --                    ; --  ; --   ;
; module_fault_vector_pin[222] ; Input    ; --            ; (6) 1320 ps   ; --                    ; --  ; --   ;
; module_fault_vector_pin[207] ; Input    ; (6) 1320 ps   ; --            ; --                    ; --  ; --   ;
; module_fault_vector_pin[208] ; Input    ; (6) 1315 ps   ; --            ; --                    ; --  ; --   ;
; module_fault_vector_pin[209] ; Input    ; (6) 1320 ps   ; --            ; --                    ; --  ; --   ;
; module_fault_vector_pin[210] ; Input    ; --            ; (6) 1320 ps   ; --                    ; --  ; --   ;
; module_fault_vector_pin[211] ; Input    ; --            ; (6) 1320 ps   ; --                    ; --  ; --   ;
; module_fault_vector_pin[212] ; Input    ; (6) 1315 ps   ; --            ; --                    ; --  ; --   ;
; module_fault_vector_pin[213] ; Input    ; (6) 1315 ps   ; --            ; --                    ; --  ; --   ;
; module_fault_vector_pin[214] ; Input    ; (6) 1320 ps   ; --            ; --                    ; --  ; --   ;
; module_fault_vector_pin[199] ; Input    ; (6) 1320 ps   ; --            ; --                    ; --  ; --   ;
; module_fault_vector_pin[200] ; Input    ; (6) 1320 ps   ; --            ; --                    ; --  ; --   ;
; module_fault_vector_pin[201] ; Input    ; (6) 1320 ps   ; --            ; --                    ; --  ; --   ;
; module_fault_vector_pin[202] ; Input    ; --            ; (6) 1315 ps   ; --                    ; --  ; --   ;
; module_fault_vector_pin[203] ; Input    ; (6) 1320 ps   ; --            ; --                    ; --  ; --   ;
; module_fault_vector_pin[204] ; Input    ; (6) 1320 ps   ; --            ; --                    ; --  ; --   ;
; module_fault_vector_pin[205] ; Input    ; --            ; (6) 1320 ps   ; --                    ; --  ; --   ;
; module_fault_vector_pin[206] ; Input    ; (6) 1320 ps   ; --            ; --                    ; --  ; --   ;
; module_fault_vector_pin[191] ; Input    ; (6) 1320 ps   ; --            ; --                    ; --  ; --   ;
; module_fault_vector_pin[192] ; Input    ; (6) 1320 ps   ; --            ; --                    ; --  ; --   ;
; module_fault_vector_pin[193] ; Input    ; --            ; (6) 1320 ps   ; --                    ; --  ; --   ;
; module_fault_vector_pin[194] ; Input    ; (6) 1315 ps   ; --            ; --                    ; --  ; --   ;
; module_fault_vector_pin[195] ; Input    ; --            ; (6) 1320 ps   ; --                    ; --  ; --   ;
; module_fault_vector_pin[196] ; Input    ; (6) 1315 ps   ; --            ; --                    ; --  ; --   ;
; module_fault_vector_pin[197] ; Input    ; (6) 1315 ps   ; --            ; --                    ; --  ; --   ;
; module_fault_vector_pin[198] ; Input    ; --            ; (6) 1315 ps   ; --                    ; --  ; --   ;
; module_fault_vector_pin[231] ; Input    ; --            ; (6) 1315 ps   ; --                    ; --  ; --   ;
; module_fault_vector_pin[232] ; Input    ; --            ; (6) 1320 ps   ; --                    ; --  ; --   ;
; module_fault_vector_pin[233] ; Input    ; --            ; (6) 1315 ps   ; --                    ; --  ; --   ;
; module_fault_vector_pin[234] ; Input    ; (6) 1315 ps   ; --            ; --                    ; --  ; --   ;
; module_fault_vector_pin[235] ; Input    ; (6) 1320 ps   ; --            ; --                    ; --  ; --   ;
; module_fault_vector_pin[236] ; Input    ; (6) 1320 ps   ; --            ; --                    ; --  ; --   ;
; module_fault_vector_pin[223] ; Input    ; (6) 1315 ps   ; --            ; --                    ; --  ; --   ;
; module_fault_vector_pin[224] ; Input    ; (6) 1320 ps   ; --            ; --                    ; --  ; --   ;
; module_fault_vector_pin[225] ; Input    ; (6) 1320 ps   ; --            ; --                    ; --  ; --   ;
; module_fault_vector_pin[226] ; Input    ; (6) 1320 ps   ; --            ; --                    ; --  ; --   ;
; module_fault_vector_pin[227] ; Input    ; (6) 1320 ps   ; --            ; --                    ; --  ; --   ;
; module_fault_vector_pin[228] ; Input    ; (6) 1320 ps   ; --            ; --                    ; --  ; --   ;
; module_fault_vector_pin[229] ; Input    ; --            ; (6) 1320 ps   ; --                    ; --  ; --   ;
; module_fault_vector_pin[230] ; Input    ; (6) 1320 ps   ; --            ; --                    ; --  ; --   ;
; module_fault_vector_pin[183] ; Input    ; --            ; (6) 1315 ps   ; --                    ; --  ; --   ;
; module_fault_vector_pin[184] ; Input    ; --            ; (6) 1315 ps   ; --                    ; --  ; --   ;
; module_fault_vector_pin[185] ; Input    ; (6) 1315 ps   ; --            ; --                    ; --  ; --   ;
; module_fault_vector_pin[186] ; Input    ; (6) 1315 ps   ; --            ; --                    ; --  ; --   ;
; module_fault_vector_pin[187] ; Input    ; (6) 1315 ps   ; --            ; --                    ; --  ; --   ;
; module_fault_vector_pin[188] ; Input    ; (6) 1315 ps   ; --            ; --                    ; --  ; --   ;
; module_fault_vector_pin[189] ; Input    ; --            ; (6) 1315 ps   ; --                    ; --  ; --   ;
; module_fault_vector_pin[190] ; Input    ; --            ; (6) 1315 ps   ; --                    ; --  ; --   ;
; module_fault_vector_pin[175] ; Input    ; --            ; (6) 1315 ps   ; --                    ; --  ; --   ;
; module_fault_vector_pin[176] ; Input    ; (6) 1315 ps   ; --            ; --                    ; --  ; --   ;
; module_fault_vector_pin[177] ; Input    ; (0) 0 ps      ; --            ; --                    ; --  ; --   ;
; module_fault_vector_pin[178] ; Input    ; (0) 0 ps      ; --            ; --                    ; --  ; --   ;
; module_fault_vector_pin[179] ; Input    ; (6) 1315 ps   ; --            ; --                    ; --  ; --   ;
; module_fault_vector_pin[180] ; Input    ; (6) 1320 ps   ; --            ; --                    ; --  ; --   ;
; module_fault_vector_pin[181] ; Input    ; (6) 1315 ps   ; --            ; --                    ; --  ; --   ;
; module_fault_vector_pin[182] ; Input    ; (0) 0 ps      ; --            ; --                    ; --  ; --   ;
; module_fault_vector_pin[167] ; Input    ; (0) 0 ps      ; --            ; --                    ; --  ; --   ;
; module_fault_vector_pin[168] ; Input    ; --            ; (6) 1320 ps   ; --                    ; --  ; --   ;
; module_fault_vector_pin[169] ; Input    ; --            ; (6) 1320 ps   ; --                    ; --  ; --   ;
; module_fault_vector_pin[170] ; Input    ; --            ; (6) 1315 ps   ; --                    ; --  ; --   ;
; module_fault_vector_pin[171] ; Input    ; --            ; (6) 1320 ps   ; --                    ; --  ; --   ;
; module_fault_vector_pin[172] ; Input    ; --            ; (6) 1320 ps   ; --                    ; --  ; --   ;
; module_fault_vector_pin[173] ; Input    ; (6) 1320 ps   ; --            ; --                    ; --  ; --   ;
; module_fault_vector_pin[174] ; Input    ; (6) 1320 ps   ; --            ; --                    ; --  ; --   ;
; module_fault_vector_pin[159] ; Input    ; (6) 1320 ps   ; --            ; --                    ; --  ; --   ;
; module_fault_vector_pin[160] ; Input    ; (6) 1320 ps   ; --            ; --                    ; --  ; --   ;
; module_fault_vector_pin[161] ; Input    ; (6) 1320 ps   ; --            ; --                    ; --  ; --   ;
; module_fault_vector_pin[162] ; Input    ; --            ; (6) 1320 ps   ; --                    ; --  ; --   ;
; module_fault_vector_pin[163] ; Input    ; --            ; (6) 1320 ps   ; --                    ; --  ; --   ;
; module_fault_vector_pin[164] ; Input    ; (6) 1320 ps   ; --            ; --                    ; --  ; --   ;
; module_fault_vector_pin[165] ; Input    ; --            ; (6) 1320 ps   ; --                    ; --  ; --   ;
; module_fault_vector_pin[166] ; Input    ; (6) 1320 ps   ; --            ; --                    ; --  ; --   ;
; module_fault_vector_pin[151] ; Input    ; (6) 1320 ps   ; --            ; --                    ; --  ; --   ;
; module_fault_vector_pin[152] ; Input    ; (6) 1320 ps   ; --            ; --                    ; --  ; --   ;
; module_fault_vector_pin[153] ; Input    ; --            ; (6) 1320 ps   ; --                    ; --  ; --   ;
; module_fault_vector_pin[154] ; Input    ; (6) 1320 ps   ; --            ; --                    ; --  ; --   ;
; module_fault_vector_pin[155] ; Input    ; (6) 1320 ps   ; --            ; --                    ; --  ; --   ;
; module_fault_vector_pin[156] ; Input    ; (6) 1320 ps   ; --            ; --                    ; --  ; --   ;
; module_fault_vector_pin[157] ; Input    ; (6) 1320 ps   ; --            ; --                    ; --  ; --   ;
; module_fault_vector_pin[158] ; Input    ; --            ; (6) 1320 ps   ; --                    ; --  ; --   ;
; module_fault_vector_pin[143] ; Input    ; (6) 1320 ps   ; --            ; --                    ; --  ; --   ;
; module_fault_vector_pin[144] ; Input    ; (6) 1320 ps   ; --            ; --                    ; --  ; --   ;
; module_fault_vector_pin[145] ; Input    ; (6) 1320 ps   ; --            ; --                    ; --  ; --   ;
; module_fault_vector_pin[146] ; Input    ; (6) 1320 ps   ; --            ; --                    ; --  ; --   ;
; module_fault_vector_pin[147] ; Input    ; (6) 1320 ps   ; --            ; --                    ; --  ; --   ;
; module_fault_vector_pin[148] ; Input    ; (6) 1320 ps   ; --            ; --                    ; --  ; --   ;
; module_fault_vector_pin[149] ; Input    ; (6) 1320 ps   ; --            ; --                    ; --  ; --   ;
; module_fault_vector_pin[150] ; Input    ; (6) 1320 ps   ; --            ; --                    ; --  ; --   ;
; module_fault_vector_pin[135] ; Input    ; (6) 1320 ps   ; --            ; --                    ; --  ; --   ;
; module_fault_vector_pin[136] ; Input    ; (6) 1320 ps   ; --            ; --                    ; --  ; --   ;
; module_fault_vector_pin[137] ; Input    ; --            ; (6) 1320 ps   ; --                    ; --  ; --   ;
; module_fault_vector_pin[138] ; Input    ; (6) 1320 ps   ; --            ; --                    ; --  ; --   ;
; module_fault_vector_pin[139] ; Input    ; --            ; (6) 1320 ps   ; --                    ; --  ; --   ;
; module_fault_vector_pin[140] ; Input    ; --            ; (6) 1320 ps   ; --                    ; --  ; --   ;
; module_fault_vector_pin[141] ; Input    ; --            ; (6) 1320 ps   ; --                    ; --  ; --   ;
; module_fault_vector_pin[142] ; Input    ; (6) 1320 ps   ; --            ; --                    ; --  ; --   ;
; module_fault_vector_pin[127] ; Input    ; (6) 1320 ps   ; --            ; --                    ; --  ; --   ;
; module_fault_vector_pin[128] ; Input    ; --            ; (6) 1320 ps   ; --                    ; --  ; --   ;
; module_fault_vector_pin[129] ; Input    ; --            ; (6) 1320 ps   ; --                    ; --  ; --   ;
; module_fault_vector_pin[130] ; Input    ; (6) 1320 ps   ; --            ; --                    ; --  ; --   ;
; module_fault_vector_pin[131] ; Input    ; --            ; (6) 1320 ps   ; --                    ; --  ; --   ;
; module_fault_vector_pin[132] ; Input    ; --            ; (6) 1315 ps   ; --                    ; --  ; --   ;
; module_fault_vector_pin[133] ; Input    ; --            ; (6) 1320 ps   ; --                    ; --  ; --   ;
; module_fault_vector_pin[134] ; Input    ; --            ; (6) 1315 ps   ; --                    ; --  ; --   ;
; module_fault_vector_pin[125] ; Input    ; --            ; (6) 1315 ps   ; --                    ; --  ; --   ;
; module_fault_vector_pin[126] ; Input    ; (6) 1315 ps   ; --            ; --                    ; --  ; --   ;
; module_fault_vector_pin[119] ; Input    ; (6) 1315 ps   ; --            ; --                    ; --  ; --   ;
; module_fault_vector_pin[120] ; Input    ; (6) 1315 ps   ; --            ; --                    ; --  ; --   ;
; module_fault_vector_pin[121] ; Input    ; (6) 1315 ps   ; --            ; --                    ; --  ; --   ;
; module_fault_vector_pin[122] ; Input    ; (6) 1315 ps   ; --            ; --                    ; --  ; --   ;
; module_fault_vector_pin[123] ; Input    ; (6) 1315 ps   ; --            ; --                    ; --  ; --   ;
; module_fault_vector_pin[124] ; Input    ; --            ; (6) 1315 ps   ; --                    ; --  ; --   ;
; module_fault_vector_pin[111] ; Input    ; (6) 1315 ps   ; --            ; --                    ; --  ; --   ;
; module_fault_vector_pin[112] ; Input    ; (6) 1315 ps   ; --            ; --                    ; --  ; --   ;
; module_fault_vector_pin[113] ; Input    ; --            ; (6) 1315 ps   ; --                    ; --  ; --   ;
; module_fault_vector_pin[114] ; Input    ; (6) 1315 ps   ; --            ; --                    ; --  ; --   ;
; module_fault_vector_pin[115] ; Input    ; (6) 1315 ps   ; --            ; --                    ; --  ; --   ;
; module_fault_vector_pin[116] ; Input    ; (6) 1315 ps   ; --            ; --                    ; --  ; --   ;
; module_fault_vector_pin[117] ; Input    ; (6) 1315 ps   ; --            ; --                    ; --  ; --   ;
; module_fault_vector_pin[118] ; Input    ; (6) 1315 ps   ; --            ; --                    ; --  ; --   ;
; module_fault_vector_pin[103] ; Input    ; (6) 1315 ps   ; --            ; --                    ; --  ; --   ;
; module_fault_vector_pin[104] ; Input    ; (6) 1315 ps   ; --            ; --                    ; --  ; --   ;
; module_fault_vector_pin[105] ; Input    ; --            ; (6) 1315 ps   ; --                    ; --  ; --   ;
; module_fault_vector_pin[106] ; Input    ; (6) 1315 ps   ; --            ; --                    ; --  ; --   ;
; module_fault_vector_pin[107] ; Input    ; (6) 1315 ps   ; --            ; --                    ; --  ; --   ;
; module_fault_vector_pin[108] ; Input    ; (6) 1315 ps   ; --            ; --                    ; --  ; --   ;
; module_fault_vector_pin[109] ; Input    ; (6) 1315 ps   ; --            ; --                    ; --  ; --   ;
; module_fault_vector_pin[110] ; Input    ; (6) 1315 ps   ; --            ; --                    ; --  ; --   ;
; module_fault_vector_pin[95]  ; Input    ; (6) 1315 ps   ; --            ; --                    ; --  ; --   ;
; module_fault_vector_pin[96]  ; Input    ; --            ; (6) 1320 ps   ; --                    ; --  ; --   ;
; module_fault_vector_pin[97]  ; Input    ; (6) 1315 ps   ; --            ; --                    ; --  ; --   ;
; module_fault_vector_pin[98]  ; Input    ; (6) 1320 ps   ; --            ; --                    ; --  ; --   ;
; module_fault_vector_pin[99]  ; Input    ; (6) 1320 ps   ; --            ; --                    ; --  ; --   ;
; module_fault_vector_pin[100] ; Input    ; --            ; (6) 1315 ps   ; --                    ; --  ; --   ;
; module_fault_vector_pin[101] ; Input    ; (6) 1315 ps   ; --            ; --                    ; --  ; --   ;
; module_fault_vector_pin[102] ; Input    ; (6) 1315 ps   ; --            ; --                    ; --  ; --   ;
; module_fault_vector_pin[87]  ; Input    ; (6) 1320 ps   ; --            ; --                    ; --  ; --   ;
; module_fault_vector_pin[88]  ; Input    ; (6) 1315 ps   ; --            ; --                    ; --  ; --   ;
; module_fault_vector_pin[89]  ; Input    ; (6) 1315 ps   ; --            ; --                    ; --  ; --   ;
; module_fault_vector_pin[90]  ; Input    ; (6) 1315 ps   ; --            ; --                    ; --  ; --   ;
; module_fault_vector_pin[91]  ; Input    ; --            ; (6) 1320 ps   ; --                    ; --  ; --   ;
; module_fault_vector_pin[92]  ; Input    ; (6) 1320 ps   ; --            ; --                    ; --  ; --   ;
; module_fault_vector_pin[93]  ; Input    ; (6) 1315 ps   ; --            ; --                    ; --  ; --   ;
; module_fault_vector_pin[94]  ; Input    ; --            ; (6) 1320 ps   ; --                    ; --  ; --   ;
; module_fault_vector_pin[79]  ; Input    ; (6) 1320 ps   ; --            ; --                    ; --  ; --   ;
; module_fault_vector_pin[80]  ; Input    ; (6) 1320 ps   ; --            ; --                    ; --  ; --   ;
; module_fault_vector_pin[81]  ; Input    ; (6) 1320 ps   ; --            ; --                    ; --  ; --   ;
; module_fault_vector_pin[82]  ; Input    ; (6) 1320 ps   ; --            ; --                    ; --  ; --   ;
; module_fault_vector_pin[83]  ; Input    ; (6) 1315 ps   ; --            ; --                    ; --  ; --   ;
; module_fault_vector_pin[84]  ; Input    ; (6) 1320 ps   ; --            ; --                    ; --  ; --   ;
; module_fault_vector_pin[85]  ; Input    ; --            ; (6) 1320 ps   ; --                    ; --  ; --   ;
; module_fault_vector_pin[86]  ; Input    ; --            ; (6) 1315 ps   ; --                    ; --  ; --   ;
; module_fault_vector_pin[71]  ; Input    ; --            ; (6) 1315 ps   ; --                    ; --  ; --   ;
; module_fault_vector_pin[72]  ; Input    ; (6) 1315 ps   ; --            ; --                    ; --  ; --   ;
; module_fault_vector_pin[73]  ; Input    ; --            ; (6) 1315 ps   ; --                    ; --  ; --   ;
; module_fault_vector_pin[74]  ; Input    ; --            ; (6) 1320 ps   ; --                    ; --  ; --   ;
; module_fault_vector_pin[75]  ; Input    ; (6) 1315 ps   ; --            ; --                    ; --  ; --   ;
; module_fault_vector_pin[76]  ; Input    ; --            ; (6) 1315 ps   ; --                    ; --  ; --   ;
; module_fault_vector_pin[77]  ; Input    ; (6) 1315 ps   ; --            ; --                    ; --  ; --   ;
; module_fault_vector_pin[78]  ; Input    ; (6) 1315 ps   ; --            ; --                    ; --  ; --   ;
; module_fault_vector_pin[63]  ; Input    ; (6) 1320 ps   ; --            ; --                    ; --  ; --   ;
; module_fault_vector_pin[64]  ; Input    ; --            ; (6) 1320 ps   ; --                    ; --  ; --   ;
; module_fault_vector_pin[65]  ; Input    ; (6) 1320 ps   ; --            ; --                    ; --  ; --   ;
; module_fault_vector_pin[66]  ; Input    ; --            ; (6) 1320 ps   ; --                    ; --  ; --   ;
; module_fault_vector_pin[67]  ; Input    ; (6) 1315 ps   ; --            ; --                    ; --  ; --   ;
; module_fault_vector_pin[68]  ; Input    ; (6) 1315 ps   ; --            ; --                    ; --  ; --   ;
; module_fault_vector_pin[69]  ; Input    ; (6) 1315 ps   ; --            ; --                    ; --  ; --   ;
; module_fault_vector_pin[70]  ; Input    ; (6) 1315 ps   ; --            ; --                    ; --  ; --   ;
; module_fault_vector_pin[61]  ; Input    ; (6) 1315 ps   ; --            ; --                    ; --  ; --   ;
; module_fault_vector_pin[62]  ; Input    ; --            ; (6) 1320 ps   ; --                    ; --  ; --   ;
; module_fault_vector_pin[39]  ; Input    ; (6) 1315 ps   ; --            ; --                    ; --  ; --   ;
; module_fault_vector_pin[40]  ; Input    ; --            ; (6) 1315 ps   ; --                    ; --  ; --   ;
; module_fault_vector_pin[41]  ; Input    ; (6) 1315 ps   ; --            ; --                    ; --  ; --   ;
; module_fault_vector_pin[42]  ; Input    ; --            ; (6) 1315 ps   ; --                    ; --  ; --   ;
; module_fault_vector_pin[43]  ; Input    ; (6) 1315 ps   ; --            ; --                    ; --  ; --   ;
; module_fault_vector_pin[44]  ; Input    ; --            ; (6) 1315 ps   ; --                    ; --  ; --   ;
; module_fault_vector_pin[45]  ; Input    ; (6) 1315 ps   ; --            ; --                    ; --  ; --   ;
; module_fault_vector_pin[46]  ; Input    ; --            ; (6) 1315 ps   ; --                    ; --  ; --   ;
; module_fault_vector_pin[31]  ; Input    ; (6) 1315 ps   ; --            ; --                    ; --  ; --   ;
; module_fault_vector_pin[32]  ; Input    ; (6) 1315 ps   ; --            ; --                    ; --  ; --   ;
; module_fault_vector_pin[33]  ; Input    ; --            ; (6) 1315 ps   ; --                    ; --  ; --   ;
; module_fault_vector_pin[34]  ; Input    ; (6) 1315 ps   ; --            ; --                    ; --  ; --   ;
; module_fault_vector_pin[35]  ; Input    ; (6) 1315 ps   ; --            ; --                    ; --  ; --   ;
; module_fault_vector_pin[36]  ; Input    ; (6) 1315 ps   ; --            ; --                    ; --  ; --   ;
; module_fault_vector_pin[37]  ; Input    ; (6) 1315 ps   ; --            ; --                    ; --  ; --   ;
; module_fault_vector_pin[38]  ; Input    ; (6) 1315 ps   ; --            ; --                    ; --  ; --   ;
; module_fault_vector_pin[55]  ; Input    ; (6) 1320 ps   ; --            ; --                    ; --  ; --   ;
; module_fault_vector_pin[56]  ; Input    ; (6) 1320 ps   ; --            ; --                    ; --  ; --   ;
; module_fault_vector_pin[57]  ; Input    ; --            ; (6) 1315 ps   ; --                    ; --  ; --   ;
; module_fault_vector_pin[58]  ; Input    ; (6) 1320 ps   ; --            ; --                    ; --  ; --   ;
; module_fault_vector_pin[59]  ; Input    ; --            ; (6) 1315 ps   ; --                    ; --  ; --   ;
; module_fault_vector_pin[60]  ; Input    ; (6) 1315 ps   ; --            ; --                    ; --  ; --   ;
; module_fault_vector_pin[47]  ; Input    ; (6) 1315 ps   ; --            ; --                    ; --  ; --   ;
; module_fault_vector_pin[48]  ; Input    ; (6) 1315 ps   ; --            ; --                    ; --  ; --   ;
; module_fault_vector_pin[49]  ; Input    ; (6) 1320 ps   ; --            ; --                    ; --  ; --   ;
; module_fault_vector_pin[50]  ; Input    ; (6) 1315 ps   ; --            ; --                    ; --  ; --   ;
; module_fault_vector_pin[51]  ; Input    ; --            ; (6) 1315 ps   ; --                    ; --  ; --   ;
; module_fault_vector_pin[52]  ; Input    ; --            ; (6) 1315 ps   ; --                    ; --  ; --   ;
; module_fault_vector_pin[53]  ; Input    ; (6) 1315 ps   ; --            ; --                    ; --  ; --   ;
; module_fault_vector_pin[54]  ; Input    ; (0) 0 ps      ; --            ; --                    ; --  ; --   ;
; module_fault_vector_pin[29]  ; Input    ; (0) 0 ps      ; --            ; --                    ; --  ; --   ;
; module_fault_vector_pin[30]  ; Input    ; --            ; (6) 1315 ps   ; --                    ; --  ; --   ;
; module_fault_vector_pin[23]  ; Input    ; (6) 1315 ps   ; --            ; --                    ; --  ; --   ;
; module_fault_vector_pin[24]  ; Input    ; (6) 1315 ps   ; --            ; --                    ; --  ; --   ;
; module_fault_vector_pin[25]  ; Input    ; (6) 1315 ps   ; --            ; --                    ; --  ; --   ;
; module_fault_vector_pin[26]  ; Input    ; (6) 1315 ps   ; --            ; --                    ; --  ; --   ;
; module_fault_vector_pin[27]  ; Input    ; (6) 1315 ps   ; --            ; --                    ; --  ; --   ;
; module_fault_vector_pin[28]  ; Input    ; (6) 1315 ps   ; --            ; --                    ; --  ; --   ;
; module_fault_vector_pin[15]  ; Input    ; (6) 1315 ps   ; --            ; --                    ; --  ; --   ;
; module_fault_vector_pin[16]  ; Input    ; (6) 1315 ps   ; --            ; --                    ; --  ; --   ;
; module_fault_vector_pin[17]  ; Input    ; (6) 1315 ps   ; --            ; --                    ; --  ; --   ;
; module_fault_vector_pin[18]  ; Input    ; (6) 1315 ps   ; --            ; --                    ; --  ; --   ;
; module_fault_vector_pin[19]  ; Input    ; --            ; (6) 1315 ps   ; --                    ; --  ; --   ;
; module_fault_vector_pin[20]  ; Input    ; (6) 1315 ps   ; --            ; --                    ; --  ; --   ;
; module_fault_vector_pin[21]  ; Input    ; --            ; (6) 1315 ps   ; --                    ; --  ; --   ;
; module_fault_vector_pin[22]  ; Input    ; (6) 1315 ps   ; --            ; --                    ; --  ; --   ;
; module_fault_vector_pin[13]  ; Input    ; --            ; (6) 1315 ps   ; --                    ; --  ; --   ;
; module_fault_vector_pin[14]  ; Input    ; --            ; (6) 1315 ps   ; --                    ; --  ; --   ;
; module_fault_vector_pin[6]   ; Input    ; --            ; (6) 1315 ps   ; --                    ; --  ; --   ;
; module_fault_vector_pin[3]   ; Input    ; (6) 1315 ps   ; --            ; --                    ; --  ; --   ;
; module_fault_vector_pin[4]   ; Input    ; --            ; (6) 1315 ps   ; --                    ; --  ; --   ;
; module_fault_vector_pin[5]   ; Input    ; (6) 1315 ps   ; --            ; --                    ; --  ; --   ;
; module_fault_vector_pin[2]   ; Input    ; --            ; (6) 1315 ps   ; --                    ; --  ; --   ;
; module_fault_vector_pin[0]   ; Input    ; (6) 1320 ps   ; --            ; --                    ; --  ; --   ;
; module_fault_vector_pin[1]   ; Input    ; (6) 1315 ps   ; --            ; --                    ; --  ; --   ;
; module_fault_vector_pin[7]   ; Input    ; (6) 1315 ps   ; --            ; --                    ; --  ; --   ;
; module_fault_vector_pin[8]   ; Input    ; --            ; (6) 1315 ps   ; --                    ; --  ; --   ;
; module_fault_vector_pin[9]   ; Input    ; --            ; (6) 1315 ps   ; --                    ; --  ; --   ;
; module_fault_vector_pin[10]  ; Input    ; --            ; (6) 1315 ps   ; --                    ; --  ; --   ;
; module_fault_vector_pin[11]  ; Input    ; (6) 1315 ps   ; --            ; --                    ; --  ; --   ;
; module_fault_vector_pin[12]  ; Input    ; (6) 1315 ps   ; --            ; --                    ; --  ; --   ;
; module_fault_vector_pin[239] ; Input    ; (6) 1320 ps   ; --            ; --                    ; --  ; --   ;
+------------------------------+----------+---------------+---------------+-----------------------+-----+------+


+-----------------------------------------------------------------------------------------------+
; Pad To Core Delay Chain Fanout                                                                ;
+-----------------------------------------------------------------+-------------------+---------+
; Source Pin / Fanout                                             ; Pad To Core Index ; Setting ;
+-----------------------------------------------------------------+-------------------+---------+
; clk_fast_pin                                                    ;                   ;         ;
; rst_n_pin                                                       ;                   ;         ;
; clk_sys_pin                                                     ;                   ;         ;
; interlock_reset_pin                                             ;                   ;         ;
; adc_p_refl_pin[14]                                              ;                   ;         ;
;      - iir_rc_filter:u_filter|accumulator[17]~57                ; 0                 ; 6       ;
;      - fast_comparator_core:u_fast_comp|trip_fast~0             ; 0                 ; 6       ;
; adc_p_refl_pin[15]                                              ;                   ;         ;
;      - iir_rc_filter:u_filter|accumulator[18]~59                ; 0                 ; 6       ;
;      - fast_comparator_core:u_fast_comp|trip_fast~0             ; 0                 ; 6       ;
; adc_p_refl_pin[13]                                              ;                   ;         ;
;      - iir_rc_filter:u_filter|accumulator[16]~55                ; 0                 ; 6       ;
;      - fast_comparator_core:u_fast_comp|trip_fast~2             ; 0                 ; 6       ;
; adc_p_refl_pin[12]                                              ;                   ;         ;
;      - iir_rc_filter:u_filter|accumulator[15]~53                ; 1                 ; 6       ;
;      - fast_comparator_core:u_fast_comp|trip_fast~1             ; 1                 ; 6       ;
; adc_p_refl_pin[0]                                               ;                   ;         ;
;      - iir_rc_filter:u_filter|accumulator[3]~29                 ; 0                 ; 6       ;
;      - fast_comparator_core:u_fast_comp|LessThan0~0             ; 0                 ; 6       ;
; adc_p_refl_pin[1]                                               ;                   ;         ;
;      - iir_rc_filter:u_filter|accumulator[4]~31                 ; 0                 ; 6       ;
;      - fast_comparator_core:u_fast_comp|LessThan0~0             ; 0                 ; 6       ;
; adc_p_refl_pin[2]                                               ;                   ;         ;
;      - iir_rc_filter:u_filter|accumulator[5]~33                 ; 1                 ; 6       ;
;      - fast_comparator_core:u_fast_comp|LessThan0~0             ; 1                 ; 6       ;
; adc_p_refl_pin[3]                                               ;                   ;         ;
;      - iir_rc_filter:u_filter|accumulator[6]~35                 ; 1                 ; 6       ;
;      - fast_comparator_core:u_fast_comp|LessThan0~0             ; 1                 ; 6       ;
; adc_p_refl_pin[4]                                               ;                   ;         ;
;      - iir_rc_filter:u_filter|accumulator[7]~37                 ; 1                 ; 6       ;
;      - fast_comparator_core:u_fast_comp|LessThan0~1             ; 1                 ; 6       ;
; adc_p_refl_pin[5]                                               ;                   ;         ;
;      - iir_rc_filter:u_filter|accumulator[8]~39                 ; 0                 ; 6       ;
;      - fast_comparator_core:u_fast_comp|LessThan0~1             ; 0                 ; 6       ;
; adc_p_refl_pin[6]                                               ;                   ;         ;
;      - iir_rc_filter:u_filter|accumulator[9]~41                 ; 0                 ; 6       ;
;      - fast_comparator_core:u_fast_comp|LessThan0~1             ; 0                 ; 6       ;
; adc_p_refl_pin[7]                                               ;                   ;         ;
;      - iir_rc_filter:u_filter|accumulator[10]~43                ; 1                 ; 6       ;
;      - fast_comparator_core:u_fast_comp|LessThan0~1             ; 1                 ; 6       ;
; adc_p_refl_pin[8]                                               ;                   ;         ;
;      - iir_rc_filter:u_filter|accumulator[11]~45                ; 0                 ; 6       ;
;      - fast_comparator_core:u_fast_comp|LessThan0~2             ; 0                 ; 6       ;
; adc_p_refl_pin[9]                                               ;                   ;         ;
;      - iir_rc_filter:u_filter|accumulator[12]~47                ; 0                 ; 6       ;
;      - fast_comparator_core:u_fast_comp|LessThan0~2             ; 0                 ; 6       ;
; adc_p_refl_pin[10]                                              ;                   ;         ;
;      - iir_rc_filter:u_filter|accumulator[13]~49                ; 0                 ; 6       ;
;      - fast_comparator_core:u_fast_comp|LessThan0~2             ; 0                 ; 6       ;
; adc_p_refl_pin[11]                                              ;                   ;         ;
;      - iir_rc_filter:u_filter|accumulator[14]~51                ; 0                 ; 6       ;
;      - fast_comparator_core:u_fast_comp|LessThan0~2             ; 0                 ; 6       ;
; adc_p_drive_pin[15]                                             ;                   ;         ;
;      - overdrive_protect_unit:u_overdrive_comp|trip_overdrive~1 ; 0                 ; 6       ;
; adc_p_drive_pin[14]                                             ;                   ;         ;
;      - overdrive_protect_unit:u_overdrive_comp|trip_overdrive~0 ; 1                 ; 6       ;
; adc_p_drive_pin[0]                                              ;                   ;         ;
;      - overdrive_protect_unit:u_overdrive_comp|LessThan0~0      ; 1                 ; 6       ;
; adc_p_drive_pin[1]                                              ;                   ;         ;
;      - overdrive_protect_unit:u_overdrive_comp|LessThan0~0      ; 0                 ; 6       ;
; adc_p_drive_pin[2]                                              ;                   ;         ;
;      - overdrive_protect_unit:u_overdrive_comp|LessThan0~0      ; 0                 ; 6       ;
; adc_p_drive_pin[3]                                              ;                   ;         ;
;      - overdrive_protect_unit:u_overdrive_comp|LessThan0~0      ; 0                 ; 6       ;
; adc_p_drive_pin[4]                                              ;                   ;         ;
;      - overdrive_protect_unit:u_overdrive_comp|LessThan0~1      ; 0                 ; 6       ;
; adc_p_drive_pin[5]                                              ;                   ;         ;
;      - overdrive_protect_unit:u_overdrive_comp|LessThan0~1      ; 0                 ; 6       ;
; adc_p_drive_pin[6]                                              ;                   ;         ;
;      - overdrive_protect_unit:u_overdrive_comp|LessThan0~1      ; 1                 ; 6       ;
; adc_p_drive_pin[7]                                              ;                   ;         ;
;      - overdrive_protect_unit:u_overdrive_comp|LessThan0~1      ; 0                 ; 6       ;
; adc_p_drive_pin[8]                                              ;                   ;         ;
;      - overdrive_protect_unit:u_overdrive_comp|LessThan0~2      ; 0                 ; 6       ;
; adc_p_drive_pin[9]                                              ;                   ;         ;
;      - overdrive_protect_unit:u_overdrive_comp|LessThan0~2      ; 0                 ; 6       ;
; adc_p_drive_pin[10]                                             ;                   ;         ;
;      - overdrive_protect_unit:u_overdrive_comp|LessThan0~2      ; 1                 ; 6       ;
; adc_p_drive_pin[11]                                             ;                   ;         ;
;      - overdrive_protect_unit:u_overdrive_comp|LessThan0~2      ; 0                 ; 6       ;
; adc_p_drive_pin[12]                                             ;                   ;         ;
;      - overdrive_protect_unit:u_overdrive_comp|trip_overdrive~0 ; 0                 ; 6       ;
; adc_p_drive_pin[13]                                             ;                   ;         ;
;      - overdrive_protect_unit:u_overdrive_comp|trip_overdrive~0 ; 1                 ; 6       ;
; clk_telemetry_pin                                               ;                   ;         ;
;      - module_health_monitor:u_health_mon|trip_unbalance        ; 0                 ; 0       ;
; module_fault_vector_pin[237]                                    ;                   ;         ;
;      - module_health_monitor:u_health_mon|Add236~0              ; 0                 ; 6       ;
;      - module_health_monitor:u_health_mon|Add236~1              ; 0                 ; 6       ;
; module_fault_vector_pin[238]                                    ;                   ;         ;
;      - module_health_monitor:u_health_mon|Add236~0              ; 1                 ; 6       ;
;      - module_health_monitor:u_health_mon|Add236~1              ; 1                 ; 6       ;
; module_fault_vector_pin[215]                                    ;                   ;         ;
;      - module_health_monitor:u_health_mon|Add215~0              ; 0                 ; 6       ;
;      - module_health_monitor:u_health_mon|Add215~1              ; 0                 ; 6       ;
;      - module_health_monitor:u_health_mon|Add215~2              ; 0                 ; 6       ;
; module_fault_vector_pin[216]                                    ;                   ;         ;
;      - module_health_monitor:u_health_mon|Add215~0              ; 1                 ; 6       ;
;      - module_health_monitor:u_health_mon|Add215~1              ; 1                 ; 6       ;
;      - module_health_monitor:u_health_mon|Add215~2              ; 1                 ; 6       ;
; module_fault_vector_pin[217]                                    ;                   ;         ;
;      - module_health_monitor:u_health_mon|Add215~0              ; 0                 ; 6       ;
;      - module_health_monitor:u_health_mon|Add215~1              ; 0                 ; 6       ;
;      - module_health_monitor:u_health_mon|Add215~2              ; 0                 ; 6       ;
; module_fault_vector_pin[218]                                    ;                   ;         ;
;      - module_health_monitor:u_health_mon|Add215~0              ; 0                 ; 6       ;
;      - module_health_monitor:u_health_mon|Add215~1              ; 0                 ; 6       ;
;      - module_health_monitor:u_health_mon|Add215~2              ; 0                 ; 6       ;
; module_fault_vector_pin[219]                                    ;                   ;         ;
;      - module_health_monitor:u_health_mon|Add219~0              ; 1                 ; 6       ;
;      - module_health_monitor:u_health_mon|Add219~1              ; 1                 ; 6       ;
;      - module_health_monitor:u_health_mon|Add219~2              ; 1                 ; 6       ;
; module_fault_vector_pin[220]                                    ;                   ;         ;
;      - module_health_monitor:u_health_mon|Add219~0              ; 0                 ; 6       ;
;      - module_health_monitor:u_health_mon|Add219~1              ; 0                 ; 6       ;
;      - module_health_monitor:u_health_mon|Add219~2              ; 0                 ; 6       ;
; module_fault_vector_pin[221]                                    ;                   ;         ;
;      - module_health_monitor:u_health_mon|Add219~0              ; 0                 ; 6       ;
;      - module_health_monitor:u_health_mon|Add219~1              ; 0                 ; 6       ;
;      - module_health_monitor:u_health_mon|Add219~2              ; 0                 ; 6       ;
; module_fault_vector_pin[222]                                    ;                   ;         ;
;      - module_health_monitor:u_health_mon|Add219~0              ; 1                 ; 6       ;
;      - module_health_monitor:u_health_mon|Add219~1              ; 1                 ; 6       ;
;      - module_health_monitor:u_health_mon|Add219~2              ; 1                 ; 6       ;
; module_fault_vector_pin[207]                                    ;                   ;         ;
;      - module_health_monitor:u_health_mon|Add207~0              ; 0                 ; 6       ;
;      - module_health_monitor:u_health_mon|Add207~1              ; 0                 ; 6       ;
;      - module_health_monitor:u_health_mon|Add207~2              ; 0                 ; 6       ;
; module_fault_vector_pin[208]                                    ;                   ;         ;
;      - module_health_monitor:u_health_mon|Add207~0              ; 0                 ; 6       ;
;      - module_health_monitor:u_health_mon|Add207~1              ; 0                 ; 6       ;
;      - module_health_monitor:u_health_mon|Add207~2              ; 0                 ; 6       ;
; module_fault_vector_pin[209]                                    ;                   ;         ;
;      - module_health_monitor:u_health_mon|Add207~0              ; 0                 ; 6       ;
;      - module_health_monitor:u_health_mon|Add207~1              ; 0                 ; 6       ;
;      - module_health_monitor:u_health_mon|Add207~2              ; 0                 ; 6       ;
; module_fault_vector_pin[210]                                    ;                   ;         ;
;      - module_health_monitor:u_health_mon|Add207~0              ; 1                 ; 6       ;
;      - module_health_monitor:u_health_mon|Add207~1              ; 1                 ; 6       ;
;      - module_health_monitor:u_health_mon|Add207~2              ; 1                 ; 6       ;
; module_fault_vector_pin[211]                                    ;                   ;         ;
;      - module_health_monitor:u_health_mon|Add211~0              ; 1                 ; 6       ;
;      - module_health_monitor:u_health_mon|Add211~1              ; 1                 ; 6       ;
;      - module_health_monitor:u_health_mon|Add211~2              ; 1                 ; 6       ;
; module_fault_vector_pin[212]                                    ;                   ;         ;
;      - module_health_monitor:u_health_mon|Add211~0              ; 0                 ; 6       ;
;      - module_health_monitor:u_health_mon|Add211~1              ; 0                 ; 6       ;
;      - module_health_monitor:u_health_mon|Add211~2              ; 0                 ; 6       ;
; module_fault_vector_pin[213]                                    ;                   ;         ;
;      - module_health_monitor:u_health_mon|Add211~0              ; 0                 ; 6       ;
;      - module_health_monitor:u_health_mon|Add211~1              ; 0                 ; 6       ;
;      - module_health_monitor:u_health_mon|Add211~2              ; 0                 ; 6       ;
; module_fault_vector_pin[214]                                    ;                   ;         ;
;      - module_health_monitor:u_health_mon|Add211~0              ; 0                 ; 6       ;
;      - module_health_monitor:u_health_mon|Add211~1              ; 0                 ; 6       ;
;      - module_health_monitor:u_health_mon|Add211~2              ; 0                 ; 6       ;
; module_fault_vector_pin[199]                                    ;                   ;         ;
;      - module_health_monitor:u_health_mon|Add199~0              ; 0                 ; 6       ;
;      - module_health_monitor:u_health_mon|Add199~1              ; 0                 ; 6       ;
;      - module_health_monitor:u_health_mon|Add199~2              ; 0                 ; 6       ;
; module_fault_vector_pin[200]                                    ;                   ;         ;
;      - module_health_monitor:u_health_mon|Add199~0              ; 0                 ; 6       ;
;      - module_health_monitor:u_health_mon|Add199~1              ; 0                 ; 6       ;
;      - module_health_monitor:u_health_mon|Add199~2              ; 0                 ; 6       ;
; module_fault_vector_pin[201]                                    ;                   ;         ;
;      - module_health_monitor:u_health_mon|Add199~0              ; 0                 ; 6       ;
;      - module_health_monitor:u_health_mon|Add199~1              ; 0                 ; 6       ;
;      - module_health_monitor:u_health_mon|Add199~2              ; 0                 ; 6       ;
; module_fault_vector_pin[202]                                    ;                   ;         ;
;      - module_health_monitor:u_health_mon|Add199~0              ; 1                 ; 6       ;
;      - module_health_monitor:u_health_mon|Add199~1              ; 1                 ; 6       ;
;      - module_health_monitor:u_health_mon|Add199~2              ; 1                 ; 6       ;
; module_fault_vector_pin[203]                                    ;                   ;         ;
;      - module_health_monitor:u_health_mon|Add203~0              ; 0                 ; 6       ;
;      - module_health_monitor:u_health_mon|Add203~1              ; 0                 ; 6       ;
;      - module_health_monitor:u_health_mon|Add203~2              ; 0                 ; 6       ;
; module_fault_vector_pin[204]                                    ;                   ;         ;
;      - module_health_monitor:u_health_mon|Add203~0              ; 0                 ; 6       ;
;      - module_health_monitor:u_health_mon|Add203~1              ; 0                 ; 6       ;
;      - module_health_monitor:u_health_mon|Add203~2              ; 0                 ; 6       ;
; module_fault_vector_pin[205]                                    ;                   ;         ;
;      - module_health_monitor:u_health_mon|Add203~0              ; 1                 ; 6       ;
;      - module_health_monitor:u_health_mon|Add203~1              ; 1                 ; 6       ;
;      - module_health_monitor:u_health_mon|Add203~2              ; 1                 ; 6       ;
; module_fault_vector_pin[206]                                    ;                   ;         ;
;      - module_health_monitor:u_health_mon|Add203~0              ; 0                 ; 6       ;
;      - module_health_monitor:u_health_mon|Add203~1              ; 0                 ; 6       ;
;      - module_health_monitor:u_health_mon|Add203~2              ; 0                 ; 6       ;
; module_fault_vector_pin[191]                                    ;                   ;         ;
;      - module_health_monitor:u_health_mon|Add191~0              ; 0                 ; 6       ;
;      - module_health_monitor:u_health_mon|Add191~1              ; 0                 ; 6       ;
;      - module_health_monitor:u_health_mon|Add191~2              ; 0                 ; 6       ;
; module_fault_vector_pin[192]                                    ;                   ;         ;
;      - module_health_monitor:u_health_mon|Add191~0              ; 0                 ; 6       ;
;      - module_health_monitor:u_health_mon|Add191~1              ; 0                 ; 6       ;
;      - module_health_monitor:u_health_mon|Add191~2              ; 0                 ; 6       ;
; module_fault_vector_pin[193]                                    ;                   ;         ;
;      - module_health_monitor:u_health_mon|Add191~0              ; 1                 ; 6       ;
;      - module_health_monitor:u_health_mon|Add191~1              ; 1                 ; 6       ;
;      - module_health_monitor:u_health_mon|Add191~2              ; 1                 ; 6       ;
; module_fault_vector_pin[194]                                    ;                   ;         ;
;      - module_health_monitor:u_health_mon|Add191~0              ; 0                 ; 6       ;
;      - module_health_monitor:u_health_mon|Add191~1              ; 0                 ; 6       ;
;      - module_health_monitor:u_health_mon|Add191~2              ; 0                 ; 6       ;
; module_fault_vector_pin[195]                                    ;                   ;         ;
;      - module_health_monitor:u_health_mon|Add195~0              ; 1                 ; 6       ;
;      - module_health_monitor:u_health_mon|Add195~1              ; 1                 ; 6       ;
;      - module_health_monitor:u_health_mon|Add195~2              ; 1                 ; 6       ;
; module_fault_vector_pin[196]                                    ;                   ;         ;
;      - module_health_monitor:u_health_mon|Add195~0              ; 0                 ; 6       ;
;      - module_health_monitor:u_health_mon|Add195~1              ; 0                 ; 6       ;
;      - module_health_monitor:u_health_mon|Add195~2              ; 0                 ; 6       ;
; module_fault_vector_pin[197]                                    ;                   ;         ;
;      - module_health_monitor:u_health_mon|Add195~0              ; 0                 ; 6       ;
;      - module_health_monitor:u_health_mon|Add195~1              ; 0                 ; 6       ;
;      - module_health_monitor:u_health_mon|Add195~2              ; 0                 ; 6       ;
; module_fault_vector_pin[198]                                    ;                   ;         ;
;      - module_health_monitor:u_health_mon|Add195~0              ; 1                 ; 6       ;
;      - module_health_monitor:u_health_mon|Add195~1              ; 1                 ; 6       ;
;      - module_health_monitor:u_health_mon|Add195~2              ; 1                 ; 6       ;
; module_fault_vector_pin[231]                                    ;                   ;         ;
;      - module_health_monitor:u_health_mon|Add231~0              ; 1                 ; 6       ;
;      - module_health_monitor:u_health_mon|Add231~1              ; 1                 ; 6       ;
;      - module_health_monitor:u_health_mon|Add231~2              ; 1                 ; 6       ;
; module_fault_vector_pin[232]                                    ;                   ;         ;
;      - module_health_monitor:u_health_mon|Add231~0              ; 1                 ; 6       ;
;      - module_health_monitor:u_health_mon|Add231~1              ; 1                 ; 6       ;
;      - module_health_monitor:u_health_mon|Add231~2              ; 1                 ; 6       ;
; module_fault_vector_pin[233]                                    ;                   ;         ;
;      - module_health_monitor:u_health_mon|Add231~0              ; 1                 ; 6       ;
;      - module_health_monitor:u_health_mon|Add231~1              ; 1                 ; 6       ;
;      - module_health_monitor:u_health_mon|Add231~2              ; 1                 ; 6       ;
; module_fault_vector_pin[234]                                    ;                   ;         ;
;      - module_health_monitor:u_health_mon|Add231~0              ; 0                 ; 6       ;
;      - module_health_monitor:u_health_mon|Add231~1              ; 0                 ; 6       ;
;      - module_health_monitor:u_health_mon|Add231~2              ; 0                 ; 6       ;
; module_fault_vector_pin[235]                                    ;                   ;         ;
;      - module_health_monitor:u_health_mon|Add234~0              ; 0                 ; 6       ;
;      - module_health_monitor:u_health_mon|Add234~1              ; 0                 ; 6       ;
; module_fault_vector_pin[236]                                    ;                   ;         ;
;      - module_health_monitor:u_health_mon|Add234~0              ; 0                 ; 6       ;
;      - module_health_monitor:u_health_mon|Add234~1              ; 0                 ; 6       ;
; module_fault_vector_pin[223]                                    ;                   ;         ;
;      - module_health_monitor:u_health_mon|Add223~0              ; 0                 ; 6       ;
;      - module_health_monitor:u_health_mon|Add223~1              ; 0                 ; 6       ;
;      - module_health_monitor:u_health_mon|Add223~2              ; 0                 ; 6       ;
; module_fault_vector_pin[224]                                    ;                   ;         ;
;      - module_health_monitor:u_health_mon|Add223~0              ; 0                 ; 6       ;
;      - module_health_monitor:u_health_mon|Add223~1              ; 0                 ; 6       ;
;      - module_health_monitor:u_health_mon|Add223~2              ; 0                 ; 6       ;
; module_fault_vector_pin[225]                                    ;                   ;         ;
;      - module_health_monitor:u_health_mon|Add223~0              ; 0                 ; 6       ;
;      - module_health_monitor:u_health_mon|Add223~1              ; 0                 ; 6       ;
;      - module_health_monitor:u_health_mon|Add223~2              ; 0                 ; 6       ;
; module_fault_vector_pin[226]                                    ;                   ;         ;
;      - module_health_monitor:u_health_mon|Add223~0              ; 0                 ; 6       ;
;      - module_health_monitor:u_health_mon|Add223~1              ; 0                 ; 6       ;
;      - module_health_monitor:u_health_mon|Add223~2              ; 0                 ; 6       ;
; module_fault_vector_pin[227]                                    ;                   ;         ;
;      - module_health_monitor:u_health_mon|Add227~0              ; 0                 ; 6       ;
;      - module_health_monitor:u_health_mon|Add227~1              ; 0                 ; 6       ;
;      - module_health_monitor:u_health_mon|Add227~2              ; 0                 ; 6       ;
; module_fault_vector_pin[228]                                    ;                   ;         ;
;      - module_health_monitor:u_health_mon|Add227~0              ; 0                 ; 6       ;
;      - module_health_monitor:u_health_mon|Add227~1              ; 0                 ; 6       ;
;      - module_health_monitor:u_health_mon|Add227~2              ; 0                 ; 6       ;
; module_fault_vector_pin[229]                                    ;                   ;         ;
;      - module_health_monitor:u_health_mon|Add227~0              ; 1                 ; 6       ;
;      - module_health_monitor:u_health_mon|Add227~1              ; 1                 ; 6       ;
;      - module_health_monitor:u_health_mon|Add227~2              ; 1                 ; 6       ;
; module_fault_vector_pin[230]                                    ;                   ;         ;
;      - module_health_monitor:u_health_mon|Add227~0              ; 0                 ; 6       ;
;      - module_health_monitor:u_health_mon|Add227~1              ; 0                 ; 6       ;
;      - module_health_monitor:u_health_mon|Add227~2              ; 0                 ; 6       ;
; module_fault_vector_pin[183]                                    ;                   ;         ;
;      - module_health_monitor:u_health_mon|Add183~0              ; 1                 ; 6       ;
;      - module_health_monitor:u_health_mon|Add183~1              ; 1                 ; 6       ;
;      - module_health_monitor:u_health_mon|Add183~2              ; 1                 ; 6       ;
; module_fault_vector_pin[184]                                    ;                   ;         ;
;      - module_health_monitor:u_health_mon|Add183~0              ; 1                 ; 6       ;
;      - module_health_monitor:u_health_mon|Add183~1              ; 1                 ; 6       ;
;      - module_health_monitor:u_health_mon|Add183~2              ; 1                 ; 6       ;
; module_fault_vector_pin[185]                                    ;                   ;         ;
;      - module_health_monitor:u_health_mon|Add183~0              ; 0                 ; 6       ;
;      - module_health_monitor:u_health_mon|Add183~1              ; 0                 ; 6       ;
;      - module_health_monitor:u_health_mon|Add183~2              ; 0                 ; 6       ;
; module_fault_vector_pin[186]                                    ;                   ;         ;
;      - module_health_monitor:u_health_mon|Add183~0              ; 0                 ; 6       ;
;      - module_health_monitor:u_health_mon|Add183~1              ; 0                 ; 6       ;
;      - module_health_monitor:u_health_mon|Add183~2              ; 0                 ; 6       ;
; module_fault_vector_pin[187]                                    ;                   ;         ;
;      - module_health_monitor:u_health_mon|Add187~0              ; 0                 ; 6       ;
;      - module_health_monitor:u_health_mon|Add187~1              ; 0                 ; 6       ;
;      - module_health_monitor:u_health_mon|Add187~2              ; 0                 ; 6       ;
; module_fault_vector_pin[188]                                    ;                   ;         ;
;      - module_health_monitor:u_health_mon|Add187~0              ; 0                 ; 6       ;
;      - module_health_monitor:u_health_mon|Add187~1              ; 0                 ; 6       ;
;      - module_health_monitor:u_health_mon|Add187~2              ; 0                 ; 6       ;
; module_fault_vector_pin[189]                                    ;                   ;         ;
;      - module_health_monitor:u_health_mon|Add187~0              ; 1                 ; 6       ;
;      - module_health_monitor:u_health_mon|Add187~1              ; 1                 ; 6       ;
;      - module_health_monitor:u_health_mon|Add187~2              ; 1                 ; 6       ;
; module_fault_vector_pin[190]                                    ;                   ;         ;
;      - module_health_monitor:u_health_mon|Add187~0              ; 1                 ; 6       ;
;      - module_health_monitor:u_health_mon|Add187~1              ; 1                 ; 6       ;
;      - module_health_monitor:u_health_mon|Add187~2              ; 1                 ; 6       ;
; module_fault_vector_pin[175]                                    ;                   ;         ;
;      - module_health_monitor:u_health_mon|Add175~0              ; 1                 ; 6       ;
;      - module_health_monitor:u_health_mon|Add175~1              ; 1                 ; 6       ;
;      - module_health_monitor:u_health_mon|Add175~2              ; 1                 ; 6       ;
; module_fault_vector_pin[176]                                    ;                   ;         ;
;      - module_health_monitor:u_health_mon|Add175~0              ; 0                 ; 6       ;
;      - module_health_monitor:u_health_mon|Add175~1              ; 0                 ; 6       ;
;      - module_health_monitor:u_health_mon|Add175~2              ; 0                 ; 6       ;
; module_fault_vector_pin[177]                                    ;                   ;         ;
; module_fault_vector_pin[178]                                    ;                   ;         ;
; module_fault_vector_pin[179]                                    ;                   ;         ;
;      - module_health_monitor:u_health_mon|Add179~0              ; 0                 ; 6       ;
;      - module_health_monitor:u_health_mon|Add179~1              ; 0                 ; 6       ;
;      - module_health_monitor:u_health_mon|Add179~2              ; 0                 ; 6       ;
; module_fault_vector_pin[180]                                    ;                   ;         ;
;      - module_health_monitor:u_health_mon|Add179~0              ; 0                 ; 6       ;
;      - module_health_monitor:u_health_mon|Add179~1              ; 0                 ; 6       ;
;      - module_health_monitor:u_health_mon|Add179~2              ; 0                 ; 6       ;
; module_fault_vector_pin[181]                                    ;                   ;         ;
;      - module_health_monitor:u_health_mon|Add179~0              ; 0                 ; 6       ;
;      - module_health_monitor:u_health_mon|Add179~1              ; 0                 ; 6       ;
;      - module_health_monitor:u_health_mon|Add179~2              ; 0                 ; 6       ;
; module_fault_vector_pin[182]                                    ;                   ;         ;
; module_fault_vector_pin[167]                                    ;                   ;         ;
; module_fault_vector_pin[168]                                    ;                   ;         ;
;      - module_health_monitor:u_health_mon|Add167~0              ; 1                 ; 6       ;
;      - module_health_monitor:u_health_mon|Add167~1              ; 1                 ; 6       ;
;      - module_health_monitor:u_health_mon|Add167~2              ; 1                 ; 6       ;
; module_fault_vector_pin[169]                                    ;                   ;         ;
;      - module_health_monitor:u_health_mon|Add167~0              ; 1                 ; 6       ;
;      - module_health_monitor:u_health_mon|Add167~1              ; 1                 ; 6       ;
;      - module_health_monitor:u_health_mon|Add167~2              ; 1                 ; 6       ;
; module_fault_vector_pin[170]                                    ;                   ;         ;
;      - module_health_monitor:u_health_mon|Add167~0              ; 1                 ; 6       ;
;      - module_health_monitor:u_health_mon|Add167~1              ; 1                 ; 6       ;
;      - module_health_monitor:u_health_mon|Add167~2              ; 1                 ; 6       ;
; module_fault_vector_pin[171]                                    ;                   ;         ;
;      - module_health_monitor:u_health_mon|Add171~0              ; 1                 ; 6       ;
;      - module_health_monitor:u_health_mon|Add171~1              ; 1                 ; 6       ;
;      - module_health_monitor:u_health_mon|Add171~2              ; 1                 ; 6       ;
; module_fault_vector_pin[172]                                    ;                   ;         ;
;      - module_health_monitor:u_health_mon|Add171~0              ; 1                 ; 6       ;
;      - module_health_monitor:u_health_mon|Add171~1              ; 1                 ; 6       ;
;      - module_health_monitor:u_health_mon|Add171~2              ; 1                 ; 6       ;
; module_fault_vector_pin[173]                                    ;                   ;         ;
;      - module_health_monitor:u_health_mon|Add171~0              ; 0                 ; 6       ;
;      - module_health_monitor:u_health_mon|Add171~1              ; 0                 ; 6       ;
;      - module_health_monitor:u_health_mon|Add171~2              ; 0                 ; 6       ;
; module_fault_vector_pin[174]                                    ;                   ;         ;
;      - module_health_monitor:u_health_mon|Add171~0              ; 0                 ; 6       ;
;      - module_health_monitor:u_health_mon|Add171~1              ; 0                 ; 6       ;
;      - module_health_monitor:u_health_mon|Add171~2              ; 0                 ; 6       ;
; module_fault_vector_pin[159]                                    ;                   ;         ;
;      - module_health_monitor:u_health_mon|Add159~0              ; 0                 ; 6       ;
;      - module_health_monitor:u_health_mon|Add159~1              ; 0                 ; 6       ;
;      - module_health_monitor:u_health_mon|Add159~2              ; 0                 ; 6       ;
; module_fault_vector_pin[160]                                    ;                   ;         ;
;      - module_health_monitor:u_health_mon|Add159~0              ; 0                 ; 6       ;
;      - module_health_monitor:u_health_mon|Add159~1              ; 0                 ; 6       ;
;      - module_health_monitor:u_health_mon|Add159~2              ; 0                 ; 6       ;
; module_fault_vector_pin[161]                                    ;                   ;         ;
;      - module_health_monitor:u_health_mon|Add159~0              ; 0                 ; 6       ;
;      - module_health_monitor:u_health_mon|Add159~1              ; 0                 ; 6       ;
;      - module_health_monitor:u_health_mon|Add159~2              ; 0                 ; 6       ;
; module_fault_vector_pin[162]                                    ;                   ;         ;
;      - module_health_monitor:u_health_mon|Add159~0              ; 1                 ; 6       ;
;      - module_health_monitor:u_health_mon|Add159~1              ; 1                 ; 6       ;
;      - module_health_monitor:u_health_mon|Add159~2              ; 1                 ; 6       ;
; module_fault_vector_pin[163]                                    ;                   ;         ;
;      - module_health_monitor:u_health_mon|Add163~0              ; 1                 ; 6       ;
;      - module_health_monitor:u_health_mon|Add163~1              ; 1                 ; 6       ;
;      - module_health_monitor:u_health_mon|Add163~2              ; 1                 ; 6       ;
; module_fault_vector_pin[164]                                    ;                   ;         ;
;      - module_health_monitor:u_health_mon|Add163~0              ; 0                 ; 6       ;
;      - module_health_monitor:u_health_mon|Add163~1              ; 0                 ; 6       ;
;      - module_health_monitor:u_health_mon|Add163~2              ; 0                 ; 6       ;
; module_fault_vector_pin[165]                                    ;                   ;         ;
;      - module_health_monitor:u_health_mon|Add163~0              ; 1                 ; 6       ;
;      - module_health_monitor:u_health_mon|Add163~1              ; 1                 ; 6       ;
;      - module_health_monitor:u_health_mon|Add163~2              ; 1                 ; 6       ;
; module_fault_vector_pin[166]                                    ;                   ;         ;
;      - module_health_monitor:u_health_mon|Add163~0              ; 0                 ; 6       ;
;      - module_health_monitor:u_health_mon|Add163~1              ; 0                 ; 6       ;
;      - module_health_monitor:u_health_mon|Add163~2              ; 0                 ; 6       ;
; module_fault_vector_pin[151]                                    ;                   ;         ;
;      - module_health_monitor:u_health_mon|Add151~0              ; 0                 ; 6       ;
;      - module_health_monitor:u_health_mon|Add151~1              ; 0                 ; 6       ;
;      - module_health_monitor:u_health_mon|Add151~2              ; 0                 ; 6       ;
; module_fault_vector_pin[152]                                    ;                   ;         ;
;      - module_health_monitor:u_health_mon|Add151~0              ; 0                 ; 6       ;
;      - module_health_monitor:u_health_mon|Add151~1              ; 0                 ; 6       ;
;      - module_health_monitor:u_health_mon|Add151~2              ; 0                 ; 6       ;
; module_fault_vector_pin[153]                                    ;                   ;         ;
;      - module_health_monitor:u_health_mon|Add151~0              ; 1                 ; 6       ;
;      - module_health_monitor:u_health_mon|Add151~1              ; 1                 ; 6       ;
;      - module_health_monitor:u_health_mon|Add151~2              ; 1                 ; 6       ;
; module_fault_vector_pin[154]                                    ;                   ;         ;
;      - module_health_monitor:u_health_mon|Add151~0              ; 0                 ; 6       ;
;      - module_health_monitor:u_health_mon|Add151~1              ; 0                 ; 6       ;
;      - module_health_monitor:u_health_mon|Add151~2              ; 0                 ; 6       ;
; module_fault_vector_pin[155]                                    ;                   ;         ;
;      - module_health_monitor:u_health_mon|Add155~0              ; 0                 ; 6       ;
;      - module_health_monitor:u_health_mon|Add155~1              ; 0                 ; 6       ;
;      - module_health_monitor:u_health_mon|Add155~2              ; 0                 ; 6       ;
; module_fault_vector_pin[156]                                    ;                   ;         ;
;      - module_health_monitor:u_health_mon|Add155~0              ; 0                 ; 6       ;
;      - module_health_monitor:u_health_mon|Add155~1              ; 0                 ; 6       ;
;      - module_health_monitor:u_health_mon|Add155~2              ; 0                 ; 6       ;
; module_fault_vector_pin[157]                                    ;                   ;         ;
;      - module_health_monitor:u_health_mon|Add155~0              ; 0                 ; 6       ;
;      - module_health_monitor:u_health_mon|Add155~1              ; 0                 ; 6       ;
;      - module_health_monitor:u_health_mon|Add155~2              ; 0                 ; 6       ;
; module_fault_vector_pin[158]                                    ;                   ;         ;
;      - module_health_monitor:u_health_mon|Add155~0              ; 1                 ; 6       ;
;      - module_health_monitor:u_health_mon|Add155~1              ; 1                 ; 6       ;
;      - module_health_monitor:u_health_mon|Add155~2              ; 1                 ; 6       ;
; module_fault_vector_pin[143]                                    ;                   ;         ;
;      - module_health_monitor:u_health_mon|Add143~0              ; 0                 ; 6       ;
;      - module_health_monitor:u_health_mon|Add143~1              ; 0                 ; 6       ;
;      - module_health_monitor:u_health_mon|Add143~2              ; 0                 ; 6       ;
; module_fault_vector_pin[144]                                    ;                   ;         ;
;      - module_health_monitor:u_health_mon|Add143~0              ; 0                 ; 6       ;
;      - module_health_monitor:u_health_mon|Add143~1              ; 0                 ; 6       ;
;      - module_health_monitor:u_health_mon|Add143~2              ; 0                 ; 6       ;
; module_fault_vector_pin[145]                                    ;                   ;         ;
;      - module_health_monitor:u_health_mon|Add143~0              ; 0                 ; 6       ;
;      - module_health_monitor:u_health_mon|Add143~1              ; 0                 ; 6       ;
;      - module_health_monitor:u_health_mon|Add143~2              ; 0                 ; 6       ;
; module_fault_vector_pin[146]                                    ;                   ;         ;
;      - module_health_monitor:u_health_mon|Add143~0              ; 0                 ; 6       ;
;      - module_health_monitor:u_health_mon|Add143~1              ; 0                 ; 6       ;
;      - module_health_monitor:u_health_mon|Add143~2              ; 0                 ; 6       ;
; module_fault_vector_pin[147]                                    ;                   ;         ;
;      - module_health_monitor:u_health_mon|Add147~0              ; 0                 ; 6       ;
;      - module_health_monitor:u_health_mon|Add147~1              ; 0                 ; 6       ;
;      - module_health_monitor:u_health_mon|Add147~2              ; 0                 ; 6       ;
; module_fault_vector_pin[148]                                    ;                   ;         ;
;      - module_health_monitor:u_health_mon|Add147~0              ; 0                 ; 6       ;
;      - module_health_monitor:u_health_mon|Add147~1              ; 0                 ; 6       ;
;      - module_health_monitor:u_health_mon|Add147~2              ; 0                 ; 6       ;
; module_fault_vector_pin[149]                                    ;                   ;         ;
;      - module_health_monitor:u_health_mon|Add147~0              ; 0                 ; 6       ;
;      - module_health_monitor:u_health_mon|Add147~1              ; 0                 ; 6       ;
;      - module_health_monitor:u_health_mon|Add147~2              ; 0                 ; 6       ;
; module_fault_vector_pin[150]                                    ;                   ;         ;
;      - module_health_monitor:u_health_mon|Add147~0              ; 0                 ; 6       ;
;      - module_health_monitor:u_health_mon|Add147~1              ; 0                 ; 6       ;
;      - module_health_monitor:u_health_mon|Add147~2              ; 0                 ; 6       ;
; module_fault_vector_pin[135]                                    ;                   ;         ;
;      - module_health_monitor:u_health_mon|Add135~0              ; 0                 ; 6       ;
;      - module_health_monitor:u_health_mon|Add135~1              ; 0                 ; 6       ;
;      - module_health_monitor:u_health_mon|Add135~2              ; 0                 ; 6       ;
; module_fault_vector_pin[136]                                    ;                   ;         ;
;      - module_health_monitor:u_health_mon|Add135~0              ; 0                 ; 6       ;
;      - module_health_monitor:u_health_mon|Add135~1              ; 0                 ; 6       ;
;      - module_health_monitor:u_health_mon|Add135~2              ; 0                 ; 6       ;
; module_fault_vector_pin[137]                                    ;                   ;         ;
;      - module_health_monitor:u_health_mon|Add135~0              ; 1                 ; 6       ;
;      - module_health_monitor:u_health_mon|Add135~1              ; 1                 ; 6       ;
;      - module_health_monitor:u_health_mon|Add135~2              ; 1                 ; 6       ;
; module_fault_vector_pin[138]                                    ;                   ;         ;
;      - module_health_monitor:u_health_mon|Add135~0              ; 0                 ; 6       ;
;      - module_health_monitor:u_health_mon|Add135~1              ; 0                 ; 6       ;
;      - module_health_monitor:u_health_mon|Add135~2              ; 0                 ; 6       ;
; module_fault_vector_pin[139]                                    ;                   ;         ;
;      - module_health_monitor:u_health_mon|Add139~0              ; 1                 ; 6       ;
;      - module_health_monitor:u_health_mon|Add139~1              ; 1                 ; 6       ;
;      - module_health_monitor:u_health_mon|Add139~2              ; 1                 ; 6       ;
; module_fault_vector_pin[140]                                    ;                   ;         ;
;      - module_health_monitor:u_health_mon|Add139~0              ; 1                 ; 6       ;
;      - module_health_monitor:u_health_mon|Add139~1              ; 1                 ; 6       ;
;      - module_health_monitor:u_health_mon|Add139~2              ; 1                 ; 6       ;
; module_fault_vector_pin[141]                                    ;                   ;         ;
;      - module_health_monitor:u_health_mon|Add139~0              ; 1                 ; 6       ;
;      - module_health_monitor:u_health_mon|Add139~1              ; 1                 ; 6       ;
;      - module_health_monitor:u_health_mon|Add139~2              ; 1                 ; 6       ;
; module_fault_vector_pin[142]                                    ;                   ;         ;
;      - module_health_monitor:u_health_mon|Add139~0              ; 0                 ; 6       ;
;      - module_health_monitor:u_health_mon|Add139~1              ; 0                 ; 6       ;
;      - module_health_monitor:u_health_mon|Add139~2              ; 0                 ; 6       ;
; module_fault_vector_pin[127]                                    ;                   ;         ;
;      - module_health_monitor:u_health_mon|Add127~0              ; 0                 ; 6       ;
;      - module_health_monitor:u_health_mon|Add127~1              ; 0                 ; 6       ;
;      - module_health_monitor:u_health_mon|Add127~2              ; 0                 ; 6       ;
; module_fault_vector_pin[128]                                    ;                   ;         ;
;      - module_health_monitor:u_health_mon|Add127~0              ; 1                 ; 6       ;
;      - module_health_monitor:u_health_mon|Add127~1              ; 1                 ; 6       ;
;      - module_health_monitor:u_health_mon|Add127~2              ; 1                 ; 6       ;
; module_fault_vector_pin[129]                                    ;                   ;         ;
;      - module_health_monitor:u_health_mon|Add127~0              ; 1                 ; 6       ;
;      - module_health_monitor:u_health_mon|Add127~1              ; 1                 ; 6       ;
;      - module_health_monitor:u_health_mon|Add127~2              ; 1                 ; 6       ;
; module_fault_vector_pin[130]                                    ;                   ;         ;
;      - module_health_monitor:u_health_mon|Add127~0              ; 0                 ; 6       ;
;      - module_health_monitor:u_health_mon|Add127~1              ; 0                 ; 6       ;
;      - module_health_monitor:u_health_mon|Add127~2              ; 0                 ; 6       ;
; module_fault_vector_pin[131]                                    ;                   ;         ;
;      - module_health_monitor:u_health_mon|Add131~0              ; 1                 ; 6       ;
;      - module_health_monitor:u_health_mon|Add131~1              ; 1                 ; 6       ;
;      - module_health_monitor:u_health_mon|Add131~2              ; 1                 ; 6       ;
; module_fault_vector_pin[132]                                    ;                   ;         ;
;      - module_health_monitor:u_health_mon|Add131~0              ; 1                 ; 6       ;
;      - module_health_monitor:u_health_mon|Add131~1              ; 1                 ; 6       ;
;      - module_health_monitor:u_health_mon|Add131~2              ; 1                 ; 6       ;
; module_fault_vector_pin[133]                                    ;                   ;         ;
;      - module_health_monitor:u_health_mon|Add131~0              ; 1                 ; 6       ;
;      - module_health_monitor:u_health_mon|Add131~1              ; 1                 ; 6       ;
;      - module_health_monitor:u_health_mon|Add131~2              ; 1                 ; 6       ;
; module_fault_vector_pin[134]                                    ;                   ;         ;
;      - module_health_monitor:u_health_mon|Add131~0              ; 1                 ; 6       ;
;      - module_health_monitor:u_health_mon|Add131~1              ; 1                 ; 6       ;
;      - module_health_monitor:u_health_mon|Add131~2              ; 1                 ; 6       ;
; module_fault_vector_pin[125]                                    ;                   ;         ;
;      - module_health_monitor:u_health_mon|Add124~0              ; 1                 ; 6       ;
;      - module_health_monitor:u_health_mon|Add124~1              ; 1                 ; 6       ;
; module_fault_vector_pin[126]                                    ;                   ;         ;
;      - module_health_monitor:u_health_mon|Add124~0              ; 0                 ; 6       ;
;      - module_health_monitor:u_health_mon|Add124~1              ; 0                 ; 6       ;
; module_fault_vector_pin[119]                                    ;                   ;         ;
;      - module_health_monitor:u_health_mon|Add119~0              ; 0                 ; 6       ;
;      - module_health_monitor:u_health_mon|Add119~1              ; 0                 ; 6       ;
;      - module_health_monitor:u_health_mon|Add119~2              ; 0                 ; 6       ;
; module_fault_vector_pin[120]                                    ;                   ;         ;
;      - module_health_monitor:u_health_mon|Add119~0              ; 0                 ; 6       ;
;      - module_health_monitor:u_health_mon|Add119~1              ; 0                 ; 6       ;
;      - module_health_monitor:u_health_mon|Add119~2              ; 0                 ; 6       ;
; module_fault_vector_pin[121]                                    ;                   ;         ;
;      - module_health_monitor:u_health_mon|Add119~0              ; 0                 ; 6       ;
;      - module_health_monitor:u_health_mon|Add119~1              ; 0                 ; 6       ;
;      - module_health_monitor:u_health_mon|Add119~2              ; 0                 ; 6       ;
; module_fault_vector_pin[122]                                    ;                   ;         ;
;      - module_health_monitor:u_health_mon|Add119~0              ; 0                 ; 6       ;
;      - module_health_monitor:u_health_mon|Add119~1              ; 0                 ; 6       ;
;      - module_health_monitor:u_health_mon|Add119~2              ; 0                 ; 6       ;
; module_fault_vector_pin[123]                                    ;                   ;         ;
;      - module_health_monitor:u_health_mon|Add122~0              ; 0                 ; 6       ;
;      - module_health_monitor:u_health_mon|Add122~1              ; 0                 ; 6       ;
; module_fault_vector_pin[124]                                    ;                   ;         ;
;      - module_health_monitor:u_health_mon|Add122~0              ; 1                 ; 6       ;
;      - module_health_monitor:u_health_mon|Add122~1              ; 1                 ; 6       ;
; module_fault_vector_pin[111]                                    ;                   ;         ;
;      - module_health_monitor:u_health_mon|Add111~0              ; 0                 ; 6       ;
;      - module_health_monitor:u_health_mon|Add111~1              ; 0                 ; 6       ;
;      - module_health_monitor:u_health_mon|Add111~2              ; 0                 ; 6       ;
; module_fault_vector_pin[112]                                    ;                   ;         ;
;      - module_health_monitor:u_health_mon|Add111~0              ; 0                 ; 6       ;
;      - module_health_monitor:u_health_mon|Add111~1              ; 0                 ; 6       ;
;      - module_health_monitor:u_health_mon|Add111~2              ; 0                 ; 6       ;
; module_fault_vector_pin[113]                                    ;                   ;         ;
;      - module_health_monitor:u_health_mon|Add111~0              ; 1                 ; 6       ;
;      - module_health_monitor:u_health_mon|Add111~1              ; 1                 ; 6       ;
;      - module_health_monitor:u_health_mon|Add111~2              ; 1                 ; 6       ;
; module_fault_vector_pin[114]                                    ;                   ;         ;
;      - module_health_monitor:u_health_mon|Add111~0              ; 0                 ; 6       ;
;      - module_health_monitor:u_health_mon|Add111~1              ; 0                 ; 6       ;
;      - module_health_monitor:u_health_mon|Add111~2              ; 0                 ; 6       ;
; module_fault_vector_pin[115]                                    ;                   ;         ;
;      - module_health_monitor:u_health_mon|Add115~0              ; 0                 ; 6       ;
;      - module_health_monitor:u_health_mon|Add115~1              ; 0                 ; 6       ;
;      - module_health_monitor:u_health_mon|Add115~2              ; 0                 ; 6       ;
; module_fault_vector_pin[116]                                    ;                   ;         ;
;      - module_health_monitor:u_health_mon|Add115~0              ; 0                 ; 6       ;
;      - module_health_monitor:u_health_mon|Add115~1              ; 0                 ; 6       ;
;      - module_health_monitor:u_health_mon|Add115~2              ; 0                 ; 6       ;
; module_fault_vector_pin[117]                                    ;                   ;         ;
;      - module_health_monitor:u_health_mon|Add115~0              ; 0                 ; 6       ;
;      - module_health_monitor:u_health_mon|Add115~1              ; 0                 ; 6       ;
;      - module_health_monitor:u_health_mon|Add115~2              ; 0                 ; 6       ;
; module_fault_vector_pin[118]                                    ;                   ;         ;
;      - module_health_monitor:u_health_mon|Add115~0              ; 0                 ; 6       ;
;      - module_health_monitor:u_health_mon|Add115~1              ; 0                 ; 6       ;
;      - module_health_monitor:u_health_mon|Add115~2              ; 0                 ; 6       ;
; module_fault_vector_pin[103]                                    ;                   ;         ;
;      - module_health_monitor:u_health_mon|Add103~0              ; 0                 ; 6       ;
;      - module_health_monitor:u_health_mon|Add103~1              ; 0                 ; 6       ;
;      - module_health_monitor:u_health_mon|Add103~2              ; 0                 ; 6       ;
; module_fault_vector_pin[104]                                    ;                   ;         ;
;      - module_health_monitor:u_health_mon|Add103~0              ; 0                 ; 6       ;
;      - module_health_monitor:u_health_mon|Add103~1              ; 0                 ; 6       ;
;      - module_health_monitor:u_health_mon|Add103~2              ; 0                 ; 6       ;
; module_fault_vector_pin[105]                                    ;                   ;         ;
;      - module_health_monitor:u_health_mon|Add103~0              ; 1                 ; 6       ;
;      - module_health_monitor:u_health_mon|Add103~1              ; 1                 ; 6       ;
;      - module_health_monitor:u_health_mon|Add103~2              ; 1                 ; 6       ;
; module_fault_vector_pin[106]                                    ;                   ;         ;
;      - module_health_monitor:u_health_mon|Add103~0              ; 0                 ; 6       ;
;      - module_health_monitor:u_health_mon|Add103~1              ; 0                 ; 6       ;
;      - module_health_monitor:u_health_mon|Add103~2              ; 0                 ; 6       ;
; module_fault_vector_pin[107]                                    ;                   ;         ;
;      - module_health_monitor:u_health_mon|Add107~0              ; 0                 ; 6       ;
;      - module_health_monitor:u_health_mon|Add107~1              ; 0                 ; 6       ;
;      - module_health_monitor:u_health_mon|Add107~2              ; 0                 ; 6       ;
; module_fault_vector_pin[108]                                    ;                   ;         ;
;      - module_health_monitor:u_health_mon|Add107~0              ; 0                 ; 6       ;
;      - module_health_monitor:u_health_mon|Add107~1              ; 0                 ; 6       ;
;      - module_health_monitor:u_health_mon|Add107~2              ; 0                 ; 6       ;
; module_fault_vector_pin[109]                                    ;                   ;         ;
;      - module_health_monitor:u_health_mon|Add107~0              ; 0                 ; 6       ;
;      - module_health_monitor:u_health_mon|Add107~1              ; 0                 ; 6       ;
;      - module_health_monitor:u_health_mon|Add107~2              ; 0                 ; 6       ;
; module_fault_vector_pin[110]                                    ;                   ;         ;
;      - module_health_monitor:u_health_mon|Add107~0              ; 0                 ; 6       ;
;      - module_health_monitor:u_health_mon|Add107~1              ; 0                 ; 6       ;
;      - module_health_monitor:u_health_mon|Add107~2              ; 0                 ; 6       ;
; module_fault_vector_pin[95]                                     ;                   ;         ;
;      - module_health_monitor:u_health_mon|Add95~0               ; 0                 ; 6       ;
;      - module_health_monitor:u_health_mon|Add95~1               ; 0                 ; 6       ;
;      - module_health_monitor:u_health_mon|Add95~2               ; 0                 ; 6       ;
; module_fault_vector_pin[96]                                     ;                   ;         ;
;      - module_health_monitor:u_health_mon|Add95~0               ; 1                 ; 6       ;
;      - module_health_monitor:u_health_mon|Add95~1               ; 1                 ; 6       ;
;      - module_health_monitor:u_health_mon|Add95~2               ; 1                 ; 6       ;
; module_fault_vector_pin[97]                                     ;                   ;         ;
;      - module_health_monitor:u_health_mon|Add95~0               ; 0                 ; 6       ;
;      - module_health_monitor:u_health_mon|Add95~1               ; 0                 ; 6       ;
;      - module_health_monitor:u_health_mon|Add95~2               ; 0                 ; 6       ;
; module_fault_vector_pin[98]                                     ;                   ;         ;
;      - module_health_monitor:u_health_mon|Add95~0               ; 0                 ; 6       ;
;      - module_health_monitor:u_health_mon|Add95~1               ; 0                 ; 6       ;
;      - module_health_monitor:u_health_mon|Add95~2               ; 0                 ; 6       ;
; module_fault_vector_pin[99]                                     ;                   ;         ;
;      - module_health_monitor:u_health_mon|Add99~0               ; 0                 ; 6       ;
;      - module_health_monitor:u_health_mon|Add99~1               ; 0                 ; 6       ;
;      - module_health_monitor:u_health_mon|Add99~2               ; 0                 ; 6       ;
; module_fault_vector_pin[100]                                    ;                   ;         ;
;      - module_health_monitor:u_health_mon|Add99~0               ; 1                 ; 6       ;
;      - module_health_monitor:u_health_mon|Add99~1               ; 1                 ; 6       ;
;      - module_health_monitor:u_health_mon|Add99~2               ; 1                 ; 6       ;
; module_fault_vector_pin[101]                                    ;                   ;         ;
;      - module_health_monitor:u_health_mon|Add99~0               ; 0                 ; 6       ;
;      - module_health_monitor:u_health_mon|Add99~1               ; 0                 ; 6       ;
;      - module_health_monitor:u_health_mon|Add99~2               ; 0                 ; 6       ;
; module_fault_vector_pin[102]                                    ;                   ;         ;
;      - module_health_monitor:u_health_mon|Add99~0               ; 0                 ; 6       ;
;      - module_health_monitor:u_health_mon|Add99~1               ; 0                 ; 6       ;
;      - module_health_monitor:u_health_mon|Add99~2               ; 0                 ; 6       ;
; module_fault_vector_pin[87]                                     ;                   ;         ;
;      - module_health_monitor:u_health_mon|Add87~0               ; 0                 ; 6       ;
;      - module_health_monitor:u_health_mon|Add87~1               ; 0                 ; 6       ;
;      - module_health_monitor:u_health_mon|Add87~2               ; 0                 ; 6       ;
; module_fault_vector_pin[88]                                     ;                   ;         ;
;      - module_health_monitor:u_health_mon|Add87~0               ; 0                 ; 6       ;
;      - module_health_monitor:u_health_mon|Add87~1               ; 0                 ; 6       ;
;      - module_health_monitor:u_health_mon|Add87~2               ; 0                 ; 6       ;
; module_fault_vector_pin[89]                                     ;                   ;         ;
;      - module_health_monitor:u_health_mon|Add87~0               ; 0                 ; 6       ;
;      - module_health_monitor:u_health_mon|Add87~1               ; 0                 ; 6       ;
;      - module_health_monitor:u_health_mon|Add87~2               ; 0                 ; 6       ;
; module_fault_vector_pin[90]                                     ;                   ;         ;
;      - module_health_monitor:u_health_mon|Add87~0               ; 0                 ; 6       ;
;      - module_health_monitor:u_health_mon|Add87~1               ; 0                 ; 6       ;
;      - module_health_monitor:u_health_mon|Add87~2               ; 0                 ; 6       ;
; module_fault_vector_pin[91]                                     ;                   ;         ;
;      - module_health_monitor:u_health_mon|Add91~0               ; 1                 ; 6       ;
;      - module_health_monitor:u_health_mon|Add91~1               ; 1                 ; 6       ;
;      - module_health_monitor:u_health_mon|Add91~2               ; 1                 ; 6       ;
; module_fault_vector_pin[92]                                     ;                   ;         ;
;      - module_health_monitor:u_health_mon|Add91~0               ; 0                 ; 6       ;
;      - module_health_monitor:u_health_mon|Add91~1               ; 0                 ; 6       ;
;      - module_health_monitor:u_health_mon|Add91~2               ; 0                 ; 6       ;
; module_fault_vector_pin[93]                                     ;                   ;         ;
;      - module_health_monitor:u_health_mon|Add91~0               ; 0                 ; 6       ;
;      - module_health_monitor:u_health_mon|Add91~1               ; 0                 ; 6       ;
;      - module_health_monitor:u_health_mon|Add91~2               ; 0                 ; 6       ;
; module_fault_vector_pin[94]                                     ;                   ;         ;
;      - module_health_monitor:u_health_mon|Add91~0               ; 1                 ; 6       ;
;      - module_health_monitor:u_health_mon|Add91~1               ; 1                 ; 6       ;
;      - module_health_monitor:u_health_mon|Add91~2               ; 1                 ; 6       ;
; module_fault_vector_pin[79]                                     ;                   ;         ;
;      - module_health_monitor:u_health_mon|Add79~0               ; 0                 ; 6       ;
;      - module_health_monitor:u_health_mon|Add79~1               ; 0                 ; 6       ;
;      - module_health_monitor:u_health_mon|Add79~2               ; 0                 ; 6       ;
; module_fault_vector_pin[80]                                     ;                   ;         ;
;      - module_health_monitor:u_health_mon|Add79~0               ; 0                 ; 6       ;
;      - module_health_monitor:u_health_mon|Add79~1               ; 0                 ; 6       ;
;      - module_health_monitor:u_health_mon|Add79~2               ; 0                 ; 6       ;
; module_fault_vector_pin[81]                                     ;                   ;         ;
;      - module_health_monitor:u_health_mon|Add79~0               ; 0                 ; 6       ;
;      - module_health_monitor:u_health_mon|Add79~1               ; 0                 ; 6       ;
;      - module_health_monitor:u_health_mon|Add79~2               ; 0                 ; 6       ;
; module_fault_vector_pin[82]                                     ;                   ;         ;
;      - module_health_monitor:u_health_mon|Add79~0               ; 0                 ; 6       ;
;      - module_health_monitor:u_health_mon|Add79~1               ; 0                 ; 6       ;
;      - module_health_monitor:u_health_mon|Add79~2               ; 0                 ; 6       ;
; module_fault_vector_pin[83]                                     ;                   ;         ;
;      - module_health_monitor:u_health_mon|Add83~0               ; 0                 ; 6       ;
;      - module_health_monitor:u_health_mon|Add83~1               ; 0                 ; 6       ;
;      - module_health_monitor:u_health_mon|Add83~2               ; 0                 ; 6       ;
; module_fault_vector_pin[84]                                     ;                   ;         ;
;      - module_health_monitor:u_health_mon|Add83~0               ; 0                 ; 6       ;
;      - module_health_monitor:u_health_mon|Add83~1               ; 0                 ; 6       ;
;      - module_health_monitor:u_health_mon|Add83~2               ; 0                 ; 6       ;
; module_fault_vector_pin[85]                                     ;                   ;         ;
;      - module_health_monitor:u_health_mon|Add83~0               ; 1                 ; 6       ;
;      - module_health_monitor:u_health_mon|Add83~1               ; 1                 ; 6       ;
;      - module_health_monitor:u_health_mon|Add83~2               ; 1                 ; 6       ;
; module_fault_vector_pin[86]                                     ;                   ;         ;
;      - module_health_monitor:u_health_mon|Add83~0               ; 1                 ; 6       ;
;      - module_health_monitor:u_health_mon|Add83~1               ; 1                 ; 6       ;
;      - module_health_monitor:u_health_mon|Add83~2               ; 1                 ; 6       ;
; module_fault_vector_pin[71]                                     ;                   ;         ;
;      - module_health_monitor:u_health_mon|Add71~0               ; 1                 ; 6       ;
;      - module_health_monitor:u_health_mon|Add71~1               ; 1                 ; 6       ;
;      - module_health_monitor:u_health_mon|Add71~2               ; 1                 ; 6       ;
; module_fault_vector_pin[72]                                     ;                   ;         ;
;      - module_health_monitor:u_health_mon|Add71~0               ; 0                 ; 6       ;
;      - module_health_monitor:u_health_mon|Add71~1               ; 0                 ; 6       ;
;      - module_health_monitor:u_health_mon|Add71~2               ; 0                 ; 6       ;
; module_fault_vector_pin[73]                                     ;                   ;         ;
;      - module_health_monitor:u_health_mon|Add71~0               ; 1                 ; 6       ;
;      - module_health_monitor:u_health_mon|Add71~1               ; 1                 ; 6       ;
;      - module_health_monitor:u_health_mon|Add71~2               ; 1                 ; 6       ;
; module_fault_vector_pin[74]                                     ;                   ;         ;
;      - module_health_monitor:u_health_mon|Add71~0               ; 1                 ; 6       ;
;      - module_health_monitor:u_health_mon|Add71~1               ; 1                 ; 6       ;
;      - module_health_monitor:u_health_mon|Add71~2               ; 1                 ; 6       ;
; module_fault_vector_pin[75]                                     ;                   ;         ;
;      - module_health_monitor:u_health_mon|Add75~0               ; 0                 ; 6       ;
;      - module_health_monitor:u_health_mon|Add75~1               ; 0                 ; 6       ;
;      - module_health_monitor:u_health_mon|Add75~2               ; 0                 ; 6       ;
; module_fault_vector_pin[76]                                     ;                   ;         ;
;      - module_health_monitor:u_health_mon|Add75~0               ; 1                 ; 6       ;
;      - module_health_monitor:u_health_mon|Add75~1               ; 1                 ; 6       ;
;      - module_health_monitor:u_health_mon|Add75~2               ; 1                 ; 6       ;
; module_fault_vector_pin[77]                                     ;                   ;         ;
;      - module_health_monitor:u_health_mon|Add75~0               ; 0                 ; 6       ;
;      - module_health_monitor:u_health_mon|Add75~1               ; 0                 ; 6       ;
;      - module_health_monitor:u_health_mon|Add75~2               ; 0                 ; 6       ;
; module_fault_vector_pin[78]                                     ;                   ;         ;
;      - module_health_monitor:u_health_mon|Add75~0               ; 0                 ; 6       ;
;      - module_health_monitor:u_health_mon|Add75~1               ; 0                 ; 6       ;
;      - module_health_monitor:u_health_mon|Add75~2               ; 0                 ; 6       ;
; module_fault_vector_pin[63]                                     ;                   ;         ;
;      - module_health_monitor:u_health_mon|Add63~0               ; 0                 ; 6       ;
;      - module_health_monitor:u_health_mon|Add63~1               ; 0                 ; 6       ;
;      - module_health_monitor:u_health_mon|Add63~2               ; 0                 ; 6       ;
; module_fault_vector_pin[64]                                     ;                   ;         ;
;      - module_health_monitor:u_health_mon|Add63~0               ; 1                 ; 6       ;
;      - module_health_monitor:u_health_mon|Add63~1               ; 1                 ; 6       ;
;      - module_health_monitor:u_health_mon|Add63~2               ; 1                 ; 6       ;
; module_fault_vector_pin[65]                                     ;                   ;         ;
;      - module_health_monitor:u_health_mon|Add63~0               ; 0                 ; 6       ;
;      - module_health_monitor:u_health_mon|Add63~1               ; 0                 ; 6       ;
;      - module_health_monitor:u_health_mon|Add63~2               ; 0                 ; 6       ;
; module_fault_vector_pin[66]                                     ;                   ;         ;
;      - module_health_monitor:u_health_mon|Add63~0               ; 1                 ; 6       ;
;      - module_health_monitor:u_health_mon|Add63~1               ; 1                 ; 6       ;
;      - module_health_monitor:u_health_mon|Add63~2               ; 1                 ; 6       ;
; module_fault_vector_pin[67]                                     ;                   ;         ;
;      - module_health_monitor:u_health_mon|Add67~0               ; 0                 ; 6       ;
;      - module_health_monitor:u_health_mon|Add67~1               ; 0                 ; 6       ;
;      - module_health_monitor:u_health_mon|Add67~2               ; 0                 ; 6       ;
; module_fault_vector_pin[68]                                     ;                   ;         ;
;      - module_health_monitor:u_health_mon|Add67~0               ; 0                 ; 6       ;
;      - module_health_monitor:u_health_mon|Add67~1               ; 0                 ; 6       ;
;      - module_health_monitor:u_health_mon|Add67~2               ; 0                 ; 6       ;
; module_fault_vector_pin[69]                                     ;                   ;         ;
;      - module_health_monitor:u_health_mon|Add67~0               ; 0                 ; 6       ;
;      - module_health_monitor:u_health_mon|Add67~1               ; 0                 ; 6       ;
;      - module_health_monitor:u_health_mon|Add67~2               ; 0                 ; 6       ;
; module_fault_vector_pin[70]                                     ;                   ;         ;
;      - module_health_monitor:u_health_mon|Add67~0               ; 0                 ; 6       ;
;      - module_health_monitor:u_health_mon|Add67~1               ; 0                 ; 6       ;
;      - module_health_monitor:u_health_mon|Add67~2               ; 0                 ; 6       ;
; module_fault_vector_pin[61]                                     ;                   ;         ;
;      - module_health_monitor:u_health_mon|Add60~0               ; 0                 ; 6       ;
;      - module_health_monitor:u_health_mon|Add60~1               ; 0                 ; 6       ;
; module_fault_vector_pin[62]                                     ;                   ;         ;
;      - module_health_monitor:u_health_mon|Add60~0               ; 1                 ; 6       ;
;      - module_health_monitor:u_health_mon|Add60~1               ; 1                 ; 6       ;
; module_fault_vector_pin[39]                                     ;                   ;         ;
;      - module_health_monitor:u_health_mon|Add39~0               ; 0                 ; 6       ;
;      - module_health_monitor:u_health_mon|Add39~1               ; 0                 ; 6       ;
;      - module_health_monitor:u_health_mon|Add39~2               ; 0                 ; 6       ;
; module_fault_vector_pin[40]                                     ;                   ;         ;
;      - module_health_monitor:u_health_mon|Add39~0               ; 1                 ; 6       ;
;      - module_health_monitor:u_health_mon|Add39~1               ; 1                 ; 6       ;
;      - module_health_monitor:u_health_mon|Add39~2               ; 1                 ; 6       ;
; module_fault_vector_pin[41]                                     ;                   ;         ;
;      - module_health_monitor:u_health_mon|Add39~0               ; 0                 ; 6       ;
;      - module_health_monitor:u_health_mon|Add39~1               ; 0                 ; 6       ;
;      - module_health_monitor:u_health_mon|Add39~2               ; 0                 ; 6       ;
; module_fault_vector_pin[42]                                     ;                   ;         ;
;      - module_health_monitor:u_health_mon|Add39~0               ; 1                 ; 6       ;
;      - module_health_monitor:u_health_mon|Add39~1               ; 1                 ; 6       ;
;      - module_health_monitor:u_health_mon|Add39~2               ; 1                 ; 6       ;
; module_fault_vector_pin[43]                                     ;                   ;         ;
;      - module_health_monitor:u_health_mon|Add43~0               ; 0                 ; 6       ;
;      - module_health_monitor:u_health_mon|Add43~1               ; 0                 ; 6       ;
;      - module_health_monitor:u_health_mon|Add43~2               ; 0                 ; 6       ;
; module_fault_vector_pin[44]                                     ;                   ;         ;
;      - module_health_monitor:u_health_mon|Add43~0               ; 1                 ; 6       ;
;      - module_health_monitor:u_health_mon|Add43~1               ; 1                 ; 6       ;
;      - module_health_monitor:u_health_mon|Add43~2               ; 1                 ; 6       ;
; module_fault_vector_pin[45]                                     ;                   ;         ;
;      - module_health_monitor:u_health_mon|Add43~0               ; 0                 ; 6       ;
;      - module_health_monitor:u_health_mon|Add43~1               ; 0                 ; 6       ;
;      - module_health_monitor:u_health_mon|Add43~2               ; 0                 ; 6       ;
; module_fault_vector_pin[46]                                     ;                   ;         ;
;      - module_health_monitor:u_health_mon|Add43~0               ; 1                 ; 6       ;
;      - module_health_monitor:u_health_mon|Add43~1               ; 1                 ; 6       ;
;      - module_health_monitor:u_health_mon|Add43~2               ; 1                 ; 6       ;
; module_fault_vector_pin[31]                                     ;                   ;         ;
;      - module_health_monitor:u_health_mon|Add31~0               ; 0                 ; 6       ;
;      - module_health_monitor:u_health_mon|Add31~1               ; 0                 ; 6       ;
;      - module_health_monitor:u_health_mon|Add31~2               ; 0                 ; 6       ;
; module_fault_vector_pin[32]                                     ;                   ;         ;
;      - module_health_monitor:u_health_mon|Add31~0               ; 0                 ; 6       ;
;      - module_health_monitor:u_health_mon|Add31~1               ; 0                 ; 6       ;
;      - module_health_monitor:u_health_mon|Add31~2               ; 0                 ; 6       ;
; module_fault_vector_pin[33]                                     ;                   ;         ;
;      - module_health_monitor:u_health_mon|Add31~0               ; 1                 ; 6       ;
;      - module_health_monitor:u_health_mon|Add31~1               ; 1                 ; 6       ;
;      - module_health_monitor:u_health_mon|Add31~2               ; 1                 ; 6       ;
; module_fault_vector_pin[34]                                     ;                   ;         ;
;      - module_health_monitor:u_health_mon|Add31~0               ; 0                 ; 6       ;
;      - module_health_monitor:u_health_mon|Add31~1               ; 0                 ; 6       ;
;      - module_health_monitor:u_health_mon|Add31~2               ; 0                 ; 6       ;
; module_fault_vector_pin[35]                                     ;                   ;         ;
;      - module_health_monitor:u_health_mon|Add35~0               ; 0                 ; 6       ;
;      - module_health_monitor:u_health_mon|Add35~1               ; 0                 ; 6       ;
;      - module_health_monitor:u_health_mon|Add35~2               ; 0                 ; 6       ;
; module_fault_vector_pin[36]                                     ;                   ;         ;
;      - module_health_monitor:u_health_mon|Add35~0               ; 0                 ; 6       ;
;      - module_health_monitor:u_health_mon|Add35~1               ; 0                 ; 6       ;
;      - module_health_monitor:u_health_mon|Add35~2               ; 0                 ; 6       ;
; module_fault_vector_pin[37]                                     ;                   ;         ;
;      - module_health_monitor:u_health_mon|Add35~0               ; 0                 ; 6       ;
;      - module_health_monitor:u_health_mon|Add35~1               ; 0                 ; 6       ;
;      - module_health_monitor:u_health_mon|Add35~2               ; 0                 ; 6       ;
; module_fault_vector_pin[38]                                     ;                   ;         ;
;      - module_health_monitor:u_health_mon|Add35~0               ; 0                 ; 6       ;
;      - module_health_monitor:u_health_mon|Add35~1               ; 0                 ; 6       ;
;      - module_health_monitor:u_health_mon|Add35~2               ; 0                 ; 6       ;
; module_fault_vector_pin[55]                                     ;                   ;         ;
;      - module_health_monitor:u_health_mon|Add55~0               ; 0                 ; 6       ;
;      - module_health_monitor:u_health_mon|Add55~1               ; 0                 ; 6       ;
;      - module_health_monitor:u_health_mon|Add55~2               ; 0                 ; 6       ;
; module_fault_vector_pin[56]                                     ;                   ;         ;
;      - module_health_monitor:u_health_mon|Add55~0               ; 0                 ; 6       ;
;      - module_health_monitor:u_health_mon|Add55~1               ; 0                 ; 6       ;
;      - module_health_monitor:u_health_mon|Add55~2               ; 0                 ; 6       ;
; module_fault_vector_pin[57]                                     ;                   ;         ;
;      - module_health_monitor:u_health_mon|Add55~0               ; 1                 ; 6       ;
;      - module_health_monitor:u_health_mon|Add55~1               ; 1                 ; 6       ;
;      - module_health_monitor:u_health_mon|Add55~2               ; 1                 ; 6       ;
; module_fault_vector_pin[58]                                     ;                   ;         ;
;      - module_health_monitor:u_health_mon|Add55~0               ; 0                 ; 6       ;
;      - module_health_monitor:u_health_mon|Add55~1               ; 0                 ; 6       ;
;      - module_health_monitor:u_health_mon|Add55~2               ; 0                 ; 6       ;
; module_fault_vector_pin[59]                                     ;                   ;         ;
;      - module_health_monitor:u_health_mon|Add58~0               ; 1                 ; 6       ;
;      - module_health_monitor:u_health_mon|Add58~1               ; 1                 ; 6       ;
; module_fault_vector_pin[60]                                     ;                   ;         ;
;      - module_health_monitor:u_health_mon|Add58~0               ; 0                 ; 6       ;
;      - module_health_monitor:u_health_mon|Add58~1               ; 0                 ; 6       ;
; module_fault_vector_pin[47]                                     ;                   ;         ;
;      - module_health_monitor:u_health_mon|Add47~0               ; 0                 ; 6       ;
;      - module_health_monitor:u_health_mon|Add47~1               ; 0                 ; 6       ;
;      - module_health_monitor:u_health_mon|Add47~2               ; 0                 ; 6       ;
; module_fault_vector_pin[48]                                     ;                   ;         ;
;      - module_health_monitor:u_health_mon|Add47~0               ; 0                 ; 6       ;
;      - module_health_monitor:u_health_mon|Add47~1               ; 0                 ; 6       ;
;      - module_health_monitor:u_health_mon|Add47~2               ; 0                 ; 6       ;
; module_fault_vector_pin[49]                                     ;                   ;         ;
;      - module_health_monitor:u_health_mon|Add47~0               ; 0                 ; 6       ;
;      - module_health_monitor:u_health_mon|Add47~1               ; 0                 ; 6       ;
;      - module_health_monitor:u_health_mon|Add47~2               ; 0                 ; 6       ;
; module_fault_vector_pin[50]                                     ;                   ;         ;
;      - module_health_monitor:u_health_mon|Add47~0               ; 0                 ; 6       ;
;      - module_health_monitor:u_health_mon|Add47~1               ; 0                 ; 6       ;
;      - module_health_monitor:u_health_mon|Add47~2               ; 0                 ; 6       ;
; module_fault_vector_pin[51]                                     ;                   ;         ;
;      - module_health_monitor:u_health_mon|Add51~0               ; 1                 ; 6       ;
;      - module_health_monitor:u_health_mon|Add51~1               ; 1                 ; 6       ;
;      - module_health_monitor:u_health_mon|Add51~2               ; 1                 ; 6       ;
; module_fault_vector_pin[52]                                     ;                   ;         ;
;      - module_health_monitor:u_health_mon|Add51~0               ; 1                 ; 6       ;
;      - module_health_monitor:u_health_mon|Add51~1               ; 1                 ; 6       ;
;      - module_health_monitor:u_health_mon|Add51~2               ; 1                 ; 6       ;
; module_fault_vector_pin[53]                                     ;                   ;         ;
;      - module_health_monitor:u_health_mon|Add51~0               ; 0                 ; 6       ;
;      - module_health_monitor:u_health_mon|Add51~1               ; 0                 ; 6       ;
;      - module_health_monitor:u_health_mon|Add51~2               ; 0                 ; 6       ;
; module_fault_vector_pin[54]                                     ;                   ;         ;
; module_fault_vector_pin[29]                                     ;                   ;         ;
; module_fault_vector_pin[30]                                     ;                   ;         ;
;      - module_health_monitor:u_health_mon|Add28~0               ; 1                 ; 6       ;
;      - module_health_monitor:u_health_mon|Add28~1               ; 1                 ; 6       ;
; module_fault_vector_pin[23]                                     ;                   ;         ;
;      - module_health_monitor:u_health_mon|Add23~0               ; 0                 ; 6       ;
;      - module_health_monitor:u_health_mon|Add23~1               ; 0                 ; 6       ;
;      - module_health_monitor:u_health_mon|Add23~2               ; 0                 ; 6       ;
; module_fault_vector_pin[24]                                     ;                   ;         ;
;      - module_health_monitor:u_health_mon|Add23~0               ; 0                 ; 6       ;
;      - module_health_monitor:u_health_mon|Add23~1               ; 0                 ; 6       ;
;      - module_health_monitor:u_health_mon|Add23~2               ; 0                 ; 6       ;
; module_fault_vector_pin[25]                                     ;                   ;         ;
;      - module_health_monitor:u_health_mon|Add23~0               ; 0                 ; 6       ;
;      - module_health_monitor:u_health_mon|Add23~1               ; 0                 ; 6       ;
;      - module_health_monitor:u_health_mon|Add23~2               ; 0                 ; 6       ;
; module_fault_vector_pin[26]                                     ;                   ;         ;
;      - module_health_monitor:u_health_mon|Add23~0               ; 0                 ; 6       ;
;      - module_health_monitor:u_health_mon|Add23~1               ; 0                 ; 6       ;
;      - module_health_monitor:u_health_mon|Add23~2               ; 0                 ; 6       ;
; module_fault_vector_pin[27]                                     ;                   ;         ;
;      - module_health_monitor:u_health_mon|Add26~0               ; 0                 ; 6       ;
;      - module_health_monitor:u_health_mon|Add26~1               ; 0                 ; 6       ;
; module_fault_vector_pin[28]                                     ;                   ;         ;
;      - module_health_monitor:u_health_mon|Add26~0               ; 0                 ; 6       ;
;      - module_health_monitor:u_health_mon|Add26~1               ; 0                 ; 6       ;
; module_fault_vector_pin[15]                                     ;                   ;         ;
;      - module_health_monitor:u_health_mon|Add15~0               ; 0                 ; 6       ;
;      - module_health_monitor:u_health_mon|Add15~1               ; 0                 ; 6       ;
;      - module_health_monitor:u_health_mon|Add15~2               ; 0                 ; 6       ;
; module_fault_vector_pin[16]                                     ;                   ;         ;
;      - module_health_monitor:u_health_mon|Add15~0               ; 0                 ; 6       ;
;      - module_health_monitor:u_health_mon|Add15~1               ; 0                 ; 6       ;
;      - module_health_monitor:u_health_mon|Add15~2               ; 0                 ; 6       ;
; module_fault_vector_pin[17]                                     ;                   ;         ;
;      - module_health_monitor:u_health_mon|Add15~0               ; 0                 ; 6       ;
;      - module_health_monitor:u_health_mon|Add15~1               ; 0                 ; 6       ;
;      - module_health_monitor:u_health_mon|Add15~2               ; 0                 ; 6       ;
; module_fault_vector_pin[18]                                     ;                   ;         ;
;      - module_health_monitor:u_health_mon|Add15~0               ; 0                 ; 6       ;
;      - module_health_monitor:u_health_mon|Add15~1               ; 0                 ; 6       ;
;      - module_health_monitor:u_health_mon|Add15~2               ; 0                 ; 6       ;
; module_fault_vector_pin[19]                                     ;                   ;         ;
;      - module_health_monitor:u_health_mon|Add19~0               ; 1                 ; 6       ;
;      - module_health_monitor:u_health_mon|Add19~1               ; 1                 ; 6       ;
;      - module_health_monitor:u_health_mon|Add19~2               ; 1                 ; 6       ;
; module_fault_vector_pin[20]                                     ;                   ;         ;
;      - module_health_monitor:u_health_mon|Add19~0               ; 0                 ; 6       ;
;      - module_health_monitor:u_health_mon|Add19~1               ; 0                 ; 6       ;
;      - module_health_monitor:u_health_mon|Add19~2               ; 0                 ; 6       ;
; module_fault_vector_pin[21]                                     ;                   ;         ;
;      - module_health_monitor:u_health_mon|Add19~0               ; 1                 ; 6       ;
;      - module_health_monitor:u_health_mon|Add19~1               ; 1                 ; 6       ;
;      - module_health_monitor:u_health_mon|Add19~2               ; 1                 ; 6       ;
; module_fault_vector_pin[22]                                     ;                   ;         ;
;      - module_health_monitor:u_health_mon|Add19~0               ; 0                 ; 6       ;
;      - module_health_monitor:u_health_mon|Add19~1               ; 0                 ; 6       ;
;      - module_health_monitor:u_health_mon|Add19~2               ; 0                 ; 6       ;
; module_fault_vector_pin[13]                                     ;                   ;         ;
;      - module_health_monitor:u_health_mon|Add12~0               ; 1                 ; 6       ;
;      - module_health_monitor:u_health_mon|Add12~1               ; 1                 ; 6       ;
; module_fault_vector_pin[14]                                     ;                   ;         ;
;      - module_health_monitor:u_health_mon|Add12~0               ; 1                 ; 6       ;
;      - module_health_monitor:u_health_mon|Add12~1               ; 1                 ; 6       ;
; module_fault_vector_pin[6]                                      ;                   ;         ;
;      - module_health_monitor:u_health_mon|Add5~0                ; 1                 ; 6       ;
;      - module_health_monitor:u_health_mon|Add5~1                ; 1                 ; 6       ;
; module_fault_vector_pin[3]                                      ;                   ;         ;
;      - module_health_monitor:u_health_mon|Add2~0                ; 0                 ; 6       ;
;      - module_health_monitor:u_health_mon|Add2~1                ; 0                 ; 6       ;
; module_fault_vector_pin[4]                                      ;                   ;         ;
;      - module_health_monitor:u_health_mon|Add2~0                ; 1                 ; 6       ;
;      - module_health_monitor:u_health_mon|Add2~1                ; 1                 ; 6       ;
; module_fault_vector_pin[5]                                      ;                   ;         ;
;      - module_health_monitor:u_health_mon|Add2~0                ; 0                 ; 6       ;
;      - module_health_monitor:u_health_mon|Add2~1                ; 0                 ; 6       ;
; module_fault_vector_pin[2]                                      ;                   ;         ;
;      - module_health_monitor:u_health_mon|Add1~0                ; 1                 ; 6       ;
;      - module_health_monitor:u_health_mon|Add4~0                ; 1                 ; 6       ;
;      - module_health_monitor:u_health_mon|Add1~1                ; 1                 ; 6       ;
; module_fault_vector_pin[0]                                      ;                   ;         ;
;      - module_health_monitor:u_health_mon|Add1~0                ; 0                 ; 6       ;
;      - module_health_monitor:u_health_mon|Add4~0                ; 0                 ; 6       ;
;      - module_health_monitor:u_health_mon|Add1~1                ; 0                 ; 6       ;
; module_fault_vector_pin[1]                                      ;                   ;         ;
;      - module_health_monitor:u_health_mon|Add1~0                ; 0                 ; 6       ;
;      - module_health_monitor:u_health_mon|Add4~0                ; 0                 ; 6       ;
;      - module_health_monitor:u_health_mon|Add1~1                ; 0                 ; 6       ;
; module_fault_vector_pin[7]                                      ;                   ;         ;
;      - module_health_monitor:u_health_mon|Add7~0                ; 0                 ; 6       ;
;      - module_health_monitor:u_health_mon|Add7~1                ; 0                 ; 6       ;
;      - module_health_monitor:u_health_mon|Add7~2                ; 0                 ; 6       ;
; module_fault_vector_pin[8]                                      ;                   ;         ;
;      - module_health_monitor:u_health_mon|Add7~0                ; 1                 ; 6       ;
;      - module_health_monitor:u_health_mon|Add7~1                ; 1                 ; 6       ;
;      - module_health_monitor:u_health_mon|Add7~2                ; 1                 ; 6       ;
; module_fault_vector_pin[9]                                      ;                   ;         ;
;      - module_health_monitor:u_health_mon|Add7~0                ; 1                 ; 6       ;
;      - module_health_monitor:u_health_mon|Add7~1                ; 1                 ; 6       ;
;      - module_health_monitor:u_health_mon|Add7~2                ; 1                 ; 6       ;
; module_fault_vector_pin[10]                                     ;                   ;         ;
;      - module_health_monitor:u_health_mon|Add7~0                ; 1                 ; 6       ;
;      - module_health_monitor:u_health_mon|Add7~1                ; 1                 ; 6       ;
;      - module_health_monitor:u_health_mon|Add7~2                ; 1                 ; 6       ;
; module_fault_vector_pin[11]                                     ;                   ;         ;
;      - module_health_monitor:u_health_mon|Add10~0               ; 0                 ; 6       ;
;      - module_health_monitor:u_health_mon|Add10~1               ; 0                 ; 6       ;
; module_fault_vector_pin[12]                                     ;                   ;         ;
;      - module_health_monitor:u_health_mon|Add10~0               ; 0                 ; 6       ;
;      - module_health_monitor:u_health_mon|Add10~1               ; 0                 ; 6       ;
; module_fault_vector_pin[239]                                    ;                   ;         ;
;      - module_health_monitor:u_health_mon|Add237~1              ; 0                 ; 6       ;
+-----------------------------------------------------------------+-------------------+---------+


+--------------------------------------------------------------------------------------------------------------------------------------------------------------------------------------------------+
; Control Signals                                                                                                                                                                                  ;
+---------------------------------------------------------------------+--------------------+---------+--------------+--------+----------------------+------------------+---------------------------+
; Name                                                                ; Location           ; Fan-Out ; Usage        ; Global ; Global Resource Used ; Global Line Name ; Enable Signal Source Name ;
+---------------------------------------------------------------------+--------------------+---------+--------------+--------+----------------------+------------------+---------------------------+
; clk_fast_pin                                                        ; PIN_T15            ; 36      ; Clock        ; yes    ; Global Clock         ; GCLK29           ; --                        ;
; clk_sys_pin                                                         ; PIN_T14            ; 27      ; Clock        ; yes    ; Global Clock         ; GCLK28           ; --                        ;
; clk_telemetry_pin                                                   ; PIN_AF11           ; 1       ; Clock        ; no     ; --                   ; --               ; --                        ;
; interlock_aggregation_matrix:u_central_brain|holdoff_counter[11]~18 ; LCCOMB_X47_Y13_N18 ; 12      ; Clock enable ; no     ; --                   ; --               ; --                        ;
; interlock_reset_pin                                                 ; PIN_AF13           ; 52      ; Sync. clear  ; no     ; --                   ; --               ; --                        ;
; rst_n_pin                                                           ; PIN_AF14           ; 64      ; Async. clear ; yes    ; Global Clock         ; GCLK27           ; --                        ;
+---------------------------------------------------------------------+--------------------+---------+--------------+--------+----------------------+------------------+---------------------------+


+------------------------------------------------------------------------------------------------------------------------------------------------+
; Global & Other Fast Signals                                                                                                                    ;
+--------------+----------+---------+--------------------------------------+----------------------+------------------+---------------------------+
; Name         ; Location ; Fan-Out ; Fan-Out Using Intentional Clock Skew ; Global Resource Used ; Global Line Name ; Enable Signal Source Name ;
+--------------+----------+---------+--------------------------------------+----------------------+------------------+---------------------------+
; clk_fast_pin ; PIN_T15  ; 36      ; 0                                    ; Global Clock         ; GCLK29           ; --                        ;
; clk_sys_pin  ; PIN_T14  ; 27      ; 0                                    ; Global Clock         ; GCLK28           ; --                        ;
; rst_n_pin    ; PIN_AF14 ; 64      ; 0                                    ; Global Clock         ; GCLK27           ; --                        ;
+--------------+----------+---------+--------------------------------------+----------------------+------------------+---------------------------+


+-------------------------------------------------------------+
; Routing Usage Summary                                       ;
+-----------------------------------+-------------------------+
; Routing Resource Type             ; Usage                   ;
+-----------------------------------+-------------------------+
; Block interconnects               ; 691 / 232,464 ( < 1 % ) ;
; C16 interconnects                 ; 271 / 6,642 ( 4 % )     ;
; C4 interconnects                  ; 727 / 136,080 ( < 1 % ) ;
; Direct links                      ; 105 / 232,464 ( < 1 % ) ;
; GXB block output buffers          ; 0 / 2,640 ( 0 % )       ;
; Global clocks                     ; 3 / 30 ( 10 % )         ;
; Interquad Reference Clock Outputs ; 0 / 2 ( 0 % )           ;
; Interquad TXRX Clocks             ; 0 / 16 ( 0 % )          ;
; Interquad TXRX PCSRX outputs      ; 0 / 8 ( 0 % )           ;
; Interquad TXRX PCSTX outputs      ; 0 / 8 ( 0 % )           ;
; Local interconnects               ; 260 / 73,920 ( < 1 % )  ;
; R24 interconnects                 ; 161 / 6,930 ( 2 % )     ;
; R4 interconnects                  ; 621 / 190,740 ( < 1 % ) ;
+-----------------------------------+-------------------------+


+---------------------------------------------------------------------------+
; LAB Logic Elements                                                        ;
+--------------------------------------------+------------------------------+
; Number of Logic Elements  (Average = 8.93) ; Number of LABs  (Total = 70) ;
+--------------------------------------------+------------------------------+
; 1                                          ; 1                            ;
; 2                                          ; 5                            ;
; 3                                          ; 14                           ;
; 4                                          ; 2                            ;
; 5                                          ; 2                            ;
; 6                                          ; 1                            ;
; 7                                          ; 2                            ;
; 8                                          ; 0                            ;
; 9                                          ; 4                            ;
; 10                                         ; 15                           ;
; 11                                         ; 3                            ;
; 12                                         ; 2                            ;
; 13                                         ; 2                            ;
; 14                                         ; 1                            ;
; 15                                         ; 5                            ;
; 16                                         ; 11                           ;
+--------------------------------------------+------------------------------+


+-------------------------------------------------------------------+
; LAB-wide Signals                                                  ;
+------------------------------------+------------------------------+
; LAB-wide Signals  (Average = 0.36) ; Number of LABs  (Total = 70) ;
+------------------------------------+------------------------------+
; 1 Async. clear                     ; 9                            ;
; 1 Clock                            ; 8                            ;
; 1 Clock enable                     ; 1                            ;
; 1 Sync. clear                      ; 6                            ;
; 2 Clocks                           ; 1                            ;
+------------------------------------+------------------------------+


+----------------------------------------------------------------------------+
; LAB Signals Sourced                                                        ;
+---------------------------------------------+------------------------------+
; Number of Signals Sourced  (Average = 9.79) ; Number of LABs  (Total = 70) ;
+---------------------------------------------+------------------------------+
; 0                                           ; 0                            ;
; 1                                           ; 1                            ;
; 2                                           ; 5                            ;
; 3                                           ; 13                           ;
; 4                                           ; 3                            ;
; 5                                           ; 2                            ;
; 6                                           ; 0                            ;
; 7                                           ; 2                            ;
; 8                                           ; 0                            ;
; 9                                           ; 3                            ;
; 10                                          ; 15                           ;
; 11                                          ; 3                            ;
; 12                                          ; 3                            ;
; 13                                          ; 2                            ;
; 14                                          ; 1                            ;
; 15                                          ; 3                            ;
; 16                                          ; 8                            ;
; 17                                          ; 2                            ;
; 18                                          ; 1                            ;
; 19                                          ; 0                            ;
; 20                                          ; 0                            ;
; 21                                          ; 0                            ;
; 22                                          ; 0                            ;
; 23                                          ; 0                            ;
; 24                                          ; 0                            ;
; 25                                          ; 0                            ;
; 26                                          ; 0                            ;
; 27                                          ; 1                            ;
; 28                                          ; 0                            ;
; 29                                          ; 0                            ;
; 30                                          ; 1                            ;
; 31                                          ; 1                            ;
+---------------------------------------------+------------------------------+


+--------------------------------------------------------------------------------+
; LAB Signals Sourced Out                                                        ;
+-------------------------------------------------+------------------------------+
; Number of Signals Sourced Out  (Average = 4.69) ; Number of LABs  (Total = 70) ;
+-------------------------------------------------+------------------------------+
; 0                                               ; 0                            ;
; 1                                               ; 5                            ;
; 2                                               ; 5                            ;
; 3                                               ; 14                           ;
; 4                                               ; 22                           ;
; 5                                               ; 9                            ;
; 6                                               ; 5                            ;
; 7                                               ; 4                            ;
; 8                                               ; 2                            ;
; 9                                               ; 0                            ;
; 10                                              ; 0                            ;
; 11                                              ; 0                            ;
; 12                                              ; 0                            ;
; 13                                              ; 0                            ;
; 14                                              ; 0                            ;
; 15                                              ; 0                            ;
; 16                                              ; 4                            ;
+-------------------------------------------------+------------------------------+


+----------------------------------------------------------------------------+
; LAB Distinct Inputs                                                        ;
+---------------------------------------------+------------------------------+
; Number of Distinct Inputs  (Average = 9.41) ; Number of LABs  (Total = 70) ;
+---------------------------------------------+------------------------------+
; 0                                           ; 0                            ;
; 1                                           ; 0                            ;
; 2                                           ; 5                            ;
; 3                                           ; 0                            ;
; 4                                           ; 15                           ;
; 5                                           ; 0                            ;
; 6                                           ; 7                            ;
; 7                                           ; 3                            ;
; 8                                           ; 15                           ;
; 9                                           ; 0                            ;
; 10                                          ; 1                            ;
; 11                                          ; 2                            ;
; 12                                          ; 4                            ;
; 13                                          ; 3                            ;
; 14                                          ; 3                            ;
; 15                                          ; 1                            ;
; 16                                          ; 4                            ;
; 17                                          ; 2                            ;
; 18                                          ; 0                            ;
; 19                                          ; 1                            ;
; 20                                          ; 0                            ;
; 21                                          ; 1                            ;
; 22                                          ; 0                            ;
; 23                                          ; 0                            ;
; 24                                          ; 0                            ;
; 25                                          ; 0                            ;
; 26                                          ; 0                            ;
; 27                                          ; 0                            ;
; 28                                          ; 0                            ;
; 29                                          ; 0                            ;
; 30                                          ; 1                            ;
; 31                                          ; 2                            ;
+---------------------------------------------+------------------------------+


+------------------------------------------+
; I/O Rules Summary                        ;
+----------------------------------+-------+
; I/O Rules Statistic              ; Total ;
+----------------------------------+-------+
; Total I/O Rules                  ; 30    ;
; Number of I/O Rules Passed       ; 9     ;
; Number of I/O Rules Failed       ; 0     ;
; Number of I/O Rules Unchecked    ; 0     ;
; Number of I/O Rules Inapplicable ; 21    ;
+----------------------------------+-------+


+-----------------------------------------------------------------------------------------------------------------------------------------------------------------------------------------------------------------------------------------------------------------------------------------------------+
; I/O Rules Details                                                                                                                                                                                                                                                                                   ;
+--------------+-----------+-----------------------------------+------------------------------------------------------------------------------------------------------+----------+--------------------------------------------------------------------------+---------------------+-------------------+
; Status       ; ID        ; Category                          ; Rule Description                                                                                     ; Severity ; Information                                                              ; Area                ; Extra Information ;
+--------------+-----------+-----------------------------------+------------------------------------------------------------------------------------------------------+----------+--------------------------------------------------------------------------+---------------------+-------------------+
; Inapplicable ; IO_000001 ; Capacity Checks                   ; Number of pins in an I/O bank should not exceed the number of locations available.                   ; Critical ; No Location assignments found.                                           ; I/O                 ;                   ;
; Inapplicable ; IO_000002 ; Capacity Checks                   ; Number of clocks in an I/O bank should not exceed the number of clocks available.                    ; Critical ; No Global Signal assignments found.                                      ; I/O                 ;                   ;
; Inapplicable ; IO_000003 ; Capacity Checks                   ; Number of pins in a Vrefgroup should not exceed the number of locations available.                   ; Critical ; No Location assignments found.                                           ; I/O                 ;                   ;
; Inapplicable ; IO_000004 ; Voltage Compatibility Checks      ; The I/O bank should support the requested VCCIO.                                                     ; Critical ; No IOBANK_VCCIO assignments found.                                       ; I/O                 ;                   ;
; Inapplicable ; IO_000005 ; Voltage Compatibility Checks      ; The I/O bank should not have competing VREF values.                                                  ; Critical ; No VREF I/O Standard assignments found.                                  ; I/O                 ;                   ;
; Pass         ; IO_000006 ; Voltage Compatibility Checks      ; The I/O bank should not have competing VCCIO values.                                                 ; Critical ; 0 such failures found.                                                   ; I/O                 ;                   ;
; Inapplicable ; IO_000007 ; Valid Location Checks             ; Checks for unavailable locations.                                                                    ; Critical ; No Location assignments found.                                           ; I/O                 ;                   ;
; Inapplicable ; IO_000008 ; Valid Location Checks             ; Checks for reserved locations.                                                                       ; Critical ; No reserved LogicLock region found.                                      ; I/O                 ;                   ;
; Pass         ; IO_000009 ; I/O Properties Checks for One I/O ; The location should support the requested I/O standard.                                              ; Critical ; 0 such failures found.                                                   ; I/O                 ;                   ;
; Pass         ; IO_000010 ; I/O Properties Checks for One I/O ; The location should support the requested I/O direction.                                             ; Critical ; 0 such failures found.                                                   ; I/O                 ;                   ;
; Inapplicable ; IO_000011 ; I/O Properties Checks for One I/O ; The location should support the requested Current Strength.                                          ; Critical ; No Current Strength assignments found.                                   ; I/O                 ;                   ;
; Pass         ; IO_000012 ; I/O Properties Checks for One I/O ; The location should support the requested On Chip Termination value.                                 ; Critical ; 0 such failures found.                                                   ; I/O                 ;                   ;
; Inapplicable ; IO_000013 ; I/O Properties Checks for One I/O ; The location should support the requested Bus Hold value.                                            ; Critical ; No Enable Bus-Hold Circuitry assignments found.                          ; I/O                 ;                   ;
; Inapplicable ; IO_000014 ; I/O Properties Checks for One I/O ; The location should support the requested Weak Pull Up value.                                        ; Critical ; No Weak Pull-Up Resistor assignments found.                              ; I/O                 ;                   ;
; Pass         ; IO_000015 ; I/O Properties Checks for One I/O ; The location should support the requested PCI Clamp Diode.                                           ; Critical ; 0 such failures found.                                                   ; I/O                 ;                   ;
; Inapplicable ; IO_000018 ; I/O Properties Checks for One I/O ; The I/O standard should support the requested Current Strength.                                      ; Critical ; No Current Strength assignments found.                                   ; I/O                 ;                   ;
; Pass         ; IO_000019 ; I/O Properties Checks for One I/O ; The I/O standard should support the requested On Chip Termination value.                             ; Critical ; 0 such failures found.                                                   ; I/O                 ;                   ;
; Pass         ; IO_000020 ; I/O Properties Checks for One I/O ; The I/O standard should support the requested PCI Clamp Diode.                                       ; Critical ; 0 such failures found.                                                   ; I/O                 ;                   ;
; Inapplicable ; IO_000021 ; I/O Properties Checks for One I/O ; The I/O standard should support the requested Weak Pull Up value.                                    ; Critical ; No Weak Pull-Up Resistor assignments found.                              ; I/O                 ;                   ;
; Inapplicable ; IO_000022 ; I/O Properties Checks for One I/O ; The I/O standard should support the requested Bus Hold value.                                        ; Critical ; No Enable Bus-Hold Circuitry assignments found.                          ; I/O                 ;                   ;
; Inapplicable ; IO_000023 ; I/O Properties Checks for One I/O ; The I/O standard should support the Open Drain value.                                                ; Critical ; No open drain assignments found.                                         ; I/O                 ;                   ;
; Pass         ; IO_000024 ; I/O Properties Checks for One I/O ; The I/O direction should support the On Chip Termination value.                                      ; Critical ; 0 such failures found.                                                   ; I/O                 ;                   ;
; Inapplicable ; IO_000026 ; I/O Properties Checks for One I/O ; On Chip Termination and Current Strength should not be used at the same time.                        ; Critical ; No Current Strength assignments found.                                   ; I/O                 ;                   ;
; Inapplicable ; IO_000027 ; I/O Properties Checks for One I/O ; Weak Pull Up and Bus Hold should not be used at the same time.                                       ; Critical ; No Enable Bus-Hold Circuitry or Weak Pull-Up Resistor assignments found. ; I/O                 ;                   ;
; Inapplicable ; IO_000045 ; I/O Properties Checks for One I/O ; The I/O standard should support the requested Slew Rate value.                                       ; Critical ; No Slew Rate assignments found.                                          ; I/O                 ;                   ;
; Inapplicable ; IO_000046 ; I/O Properties Checks for One I/O ; The location should support the requested Slew Rate value.                                           ; Critical ; No Slew Rate assignments found.                                          ; I/O                 ;                   ;
; Inapplicable ; IO_000047 ; I/O Properties Checks for One I/O ; On Chip Termination and Slew Rate should not be used at the same time.                               ; Critical ; No Slew Rate assignments found.                                          ; I/O                 ;                   ;
; Pass         ; IO_000033 ; Electromigration Checks           ; Current density for consecutive I/Os should not exceed 240mA for row I/Os and 240mA for column I/Os. ; Critical ; 0 such failures found.                                                   ; I/O                 ;                   ;
; Inapplicable ; IO_000034 ; SI Related Distance Checks        ; Single-ended outputs should be 5 LAB row(s) away from a differential I/O.                            ; High     ; No Differential I/O Standard assignments found.                          ; I/O                 ;                   ;
; Inapplicable ; IO_000042 ; SI Related SSO Limit Checks       ; No more than 20 outputs are allowed in a VREF group when VREF is being read from.                    ; High     ; No VREF I/O Standard assignments found.                                  ; I/O                 ;                   ;
; ----         ; ----      ; Disclaimer                        ; OCT rules are checked but not reported.                                                              ; None     ; ----                                                                     ; On Chip Termination ;                   ;
+--------------+-----------+-----------------------------------+------------------------------------------------------------------------------------------------------+----------+--------------------------------------------------------------------------+---------------------+-------------------+


+------------------------------------------------------------------------------------------------------------------------------------------------------------------------------------------------------------------------------------------------------------------------------------------------------------------------------------------------------------------------------------------------------------------------------------------------------------------------------------+
; I/O Rules Matrix                                                                                                                                                                                                                                                                                                                                                                                                                                                                   ;
+------------------------------+--------------+--------------+--------------+--------------+--------------+-----------+--------------+--------------+-----------+-----------+--------------+--------------+--------------+--------------+--------------+--------------+--------------+--------------+--------------+--------------+--------------+--------------+--------------+--------------+--------------+--------------+--------------+-----------+--------------+--------------+
; Pin/Rules                    ; IO_000001    ; IO_000002    ; IO_000003    ; IO_000004    ; IO_000005    ; IO_000006 ; IO_000007    ; IO_000008    ; IO_000009 ; IO_000010 ; IO_000011    ; IO_000012    ; IO_000013    ; IO_000014    ; IO_000015    ; IO_000018    ; IO_000019    ; IO_000020    ; IO_000021    ; IO_000022    ; IO_000023    ; IO_000024    ; IO_000026    ; IO_000027    ; IO_000045    ; IO_000046    ; IO_000047    ; IO_000033 ; IO_000034    ; IO_000042    ;
+------------------------------+--------------+--------------+--------------+--------------+--------------+-----------+--------------+--------------+-----------+-----------+--------------+--------------+--------------+--------------+--------------+--------------+--------------+--------------+--------------+--------------+--------------+--------------+--------------+--------------+--------------+--------------+--------------+-----------+--------------+--------------+
; Total Pass                   ; 0            ; 0            ; 0            ; 0            ; 0            ; 279       ; 0            ; 0            ; 279       ; 279       ; 0            ; 2            ; 0            ; 0            ; 277          ; 0            ; 2            ; 277          ; 0            ; 0            ; 0            ; 2            ; 0            ; 0            ; 0            ; 0            ; 0            ; 279       ; 0            ; 0            ;
; Total Unchecked              ; 0            ; 0            ; 0            ; 0            ; 0            ; 0         ; 0            ; 0            ; 0         ; 0         ; 0            ; 0            ; 0            ; 0            ; 0            ; 0            ; 0            ; 0            ; 0            ; 0            ; 0            ; 0            ; 0            ; 0            ; 0            ; 0            ; 0            ; 0         ; 0            ; 0            ;
; Total Inapplicable           ; 279          ; 279          ; 279          ; 279          ; 279          ; 0         ; 279          ; 279          ; 0         ; 0         ; 279          ; 277          ; 279          ; 279          ; 2            ; 279          ; 277          ; 2            ; 279          ; 279          ; 279          ; 277          ; 279          ; 279          ; 279          ; 279          ; 279          ; 0         ; 279          ; 279          ;
; Total Fail                   ; 0            ; 0            ; 0            ; 0            ; 0            ; 0         ; 0            ; 0            ; 0         ; 0         ; 0            ; 0            ; 0            ; 0            ; 0            ; 0            ; 0            ; 0            ; 0            ; 0            ; 0            ; 0            ; 0            ; 0            ; 0            ; 0            ; 0            ; 0         ; 0            ; 0            ;
; rf_gate_disable_pin          ; Inapplicable ; Inapplicable ; Inapplicable ; Inapplicable ; Inapplicable ; Pass      ; Inapplicable ; Inapplicable ; Pass      ; Pass      ; Inapplicable ; Pass         ; Inapplicable ; Inapplicable ; Inapplicable ; Inapplicable ; Pass         ; Inapplicable ; Inapplicable ; Inapplicable ; Inapplicable ; Pass         ; Inapplicable ; Inapplicable ; Inapplicable ; Inapplicable ; Inapplicable ; Pass      ; Inapplicable ; Inapplicable ;
; psu_contactor_pin            ; Inapplicable ; Inapplicable ; Inapplicable ; Inapplicable ; Inapplicable ; Pass      ; Inapplicable ; Inapplicable ; Pass      ; Pass      ; Inapplicable ; Pass         ; Inapplicable ; Inapplicable ; Inapplicable ; Inapplicable ; Pass         ; Inapplicable ; Inapplicable ; Inapplicable ; Inapplicable ; Pass         ; Inapplicable ; Inapplicable ; Inapplicable ; Inapplicable ; Inapplicable ; Pass      ; Inapplicable ; Inapplicable ;
; clk_fast_pin                 ; Inapplicable ; Inapplicable ; Inapplicable ; Inapplicable ; Inapplicable ; Pass      ; Inapplicable ; Inapplicable ; Pass      ; Pass      ; Inapplicable ; Inapplicable ; Inapplicable ; Inapplicable ; Pass         ; Inapplicable ; Inapplicable ; Pass         ; Inapplicable ; Inapplicable ; Inapplicable ; Inapplicable ; Inapplicable ; Inapplicable ; Inapplicable ; Inapplicable ; Inapplicable ; Pass      ; Inapplicable ; Inapplicable ;
; rst_n_pin                    ; Inapplicable ; Inapplicable ; Inapplicable ; Inapplicable ; Inapplicable ; Pass      ; Inapplicable ; Inapplicable ; Pass      ; Pass      ; Inapplicable ; Inapplicable ; Inapplicable ; Inapplicable ; Pass         ; Inapplicable ; Inapplicable ; Pass         ; Inapplicable ; Inapplicable ; Inapplicable ; Inapplicable ; Inapplicable ; Inapplicable ; Inapplicable ; Inapplicable ; Inapplicable ; Pass      ; Inapplicable ; Inapplicable ;
; clk_sys_pin                  ; Inapplicable ; Inapplicable ; Inapplicable ; Inapplicable ; Inapplicable ; Pass      ; Inapplicable ; Inapplicable ; Pass      ; Pass      ; Inapplicable ; Inapplicable ; Inapplicable ; Inapplicable ; Pass         ; Inapplicable ; Inapplicable ; Pass         ; Inapplicable ; Inapplicable ; Inapplicable ; Inapplicable ; Inapplicable ; Inapplicable ; Inapplicable ; Inapplicable ; Inapplicable ; Pass      ; Inapplicable ; Inapplicable ;
; interlock_reset_pin          ; Inapplicable ; Inapplicable ; Inapplicable ; Inapplicable ; Inapplicable ; Pass      ; Inapplicable ; Inapplicable ; Pass      ; Pass      ; Inapplicable ; Inapplicable ; Inapplicable ; Inapplicable ; Pass         ; Inapplicable ; Inapplicable ; Pass         ; Inapplicable ; Inapplicable ; Inapplicable ; Inapplicable ; Inapplicable ; Inapplicable ; Inapplicable ; Inapplicable ; Inapplicable ; Pass      ; Inapplicable ; Inapplicable ;
; adc_p_refl_pin[14]           ; Inapplicable ; Inapplicable ; Inapplicable ; Inapplicable ; Inapplicable ; Pass      ; Inapplicable ; Inapplicable ; Pass      ; Pass      ; Inapplicable ; Inapplicable ; Inapplicable ; Inapplicable ; Pass         ; Inapplicable ; Inapplicable ; Pass         ; Inapplicable ; Inapplicable ; Inapplicable ; Inapplicable ; Inapplicable ; Inapplicable ; Inapplicable ; Inapplicable ; Inapplicable ; Pass      ; Inapplicable ; Inapplicable ;
; adc_p_refl_pin[15]           ; Inapplicable ; Inapplicable ; Inapplicable ; Inapplicable ; Inapplicable ; Pass      ; Inapplicable ; Inapplicable ; Pass      ; Pass      ; Inapplicable ; Inapplicable ; Inapplicable ; Inapplicable ; Pass         ; Inapplicable ; Inapplicable ; Pass         ; Inapplicable ; Inapplicable ; Inapplicable ; Inapplicable ; Inapplicable ; Inapplicable ; Inapplicable ; Inapplicable ; Inapplicable ; Pass      ; Inapplicable ; Inapplicable ;
; adc_p_refl_pin[13]           ; Inapplicable ; Inapplicable ; Inapplicable ; Inapplicable ; Inapplicable ; Pass      ; Inapplicable ; Inapplicable ; Pass      ; Pass      ; Inapplicable ; Inapplicable ; Inapplicable ; Inapplicable ; Pass         ; Inapplicable ; Inapplicable ; Pass         ; Inapplicable ; Inapplicable ; Inapplicable ; Inapplicable ; Inapplicable ; Inapplicable ; Inapplicable ; Inapplicable ; Inapplicable ; Pass      ; Inapplicable ; Inapplicable ;
; adc_p_refl_pin[12]           ; Inapplicable ; Inapplicable ; Inapplicable ; Inapplicable ; Inapplicable ; Pass      ; Inapplicable ; Inapplicable ; Pass      ; Pass      ; Inapplicable ; Inapplicable ; Inapplicable ; Inapplicable ; Pass         ; Inapplicable ; Inapplicable ; Pass         ; Inapplicable ; Inapplicable ; Inapplicable ; Inapplicable ; Inapplicable ; Inapplicable ; Inapplicable ; Inapplicable ; Inapplicable ; Pass      ; Inapplicable ; Inapplicable ;
; adc_p_refl_pin[0]            ; Inapplicable ; Inapplicable ; Inapplicable ; Inapplicable ; Inapplicable ; Pass      ; Inapplicable ; Inapplicable ; Pass      ; Pass      ; Inapplicable ; Inapplicable ; Inapplicable ; Inapplicable ; Pass         ; Inapplicable ; Inapplicable ; Pass         ; Inapplicable ; Inapplicable ; Inapplicable ; Inapplicable ; Inapplicable ; Inapplicable ; Inapplicable ; Inapplicable ; Inapplicable ; Pass      ; Inapplicable ; Inapplicable ;
; adc_p_refl_pin[1]            ; Inapplicable ; Inapplicable ; Inapplicable ; Inapplicable ; Inapplicable ; Pass      ; Inapplicable ; Inapplicable ; Pass      ; Pass      ; Inapplicable ; Inapplicable ; Inapplicable ; Inapplicable ; Pass         ; Inapplicable ; Inapplicable ; Pass         ; Inapplicable ; Inapplicable ; Inapplicable ; Inapplicable ; Inapplicable ; Inapplicable ; Inapplicable ; Inapplicable ; Inapplicable ; Pass      ; Inapplicable ; Inapplicable ;
; adc_p_refl_pin[2]            ; Inapplicable ; Inapplicable ; Inapplicable ; Inapplicable ; Inapplicable ; Pass      ; Inapplicable ; Inapplicable ; Pass      ; Pass      ; Inapplicable ; Inapplicable ; Inapplicable ; Inapplicable ; Pass         ; Inapplicable ; Inapplicable ; Pass         ; Inapplicable ; Inapplicable ; Inapplicable ; Inapplicable ; Inapplicable ; Inapplicable ; Inapplicable ; Inapplicable ; Inapplicable ; Pass      ; Inapplicable ; Inapplicable ;
; adc_p_refl_pin[3]            ; Inapplicable ; Inapplicable ; Inapplicable ; Inapplicable ; Inapplicable ; Pass      ; Inapplicable ; Inapplicable ; Pass      ; Pass      ; Inapplicable ; Inapplicable ; Inapplicable ; Inapplicable ; Pass         ; Inapplicable ; Inapplicable ; Pass         ; Inapplicable ; Inapplicable ; Inapplicable ; Inapplicable ; Inapplicable ; Inapplicable ; Inapplicable ; Inapplicable ; Inapplicable ; Pass      ; Inapplicable ; Inapplicable ;
; adc_p_refl_pin[4]            ; Inapplicable ; Inapplicable ; Inapplicable ; Inapplicable ; Inapplicable ; Pass      ; Inapplicable ; Inapplicable ; Pass      ; Pass      ; Inapplicable ; Inapplicable ; Inapplicable ; Inapplicable ; Pass         ; Inapplicable ; Inapplicable ; Pass         ; Inapplicable ; Inapplicable ; Inapplicable ; Inapplicable ; Inapplicable ; Inapplicable ; Inapplicable ; Inapplicable ; Inapplicable ; Pass      ; Inapplicable ; Inapplicable ;
; adc_p_refl_pin[5]            ; Inapplicable ; Inapplicable ; Inapplicable ; Inapplicable ; Inapplicable ; Pass      ; Inapplicable ; Inapplicable ; Pass      ; Pass      ; Inapplicable ; Inapplicable ; Inapplicable ; Inapplicable ; Pass         ; Inapplicable ; Inapplicable ; Pass         ; Inapplicable ; Inapplicable ; Inapplicable ; Inapplicable ; Inapplicable ; Inapplicable ; Inapplicable ; Inapplicable ; Inapplicable ; Pass      ; Inapplicable ; Inapplicable ;
; adc_p_refl_pin[6]            ; Inapplicable ; Inapplicable ; Inapplicable ; Inapplicable ; Inapplicable ; Pass      ; Inapplicable ; Inapplicable ; Pass      ; Pass      ; Inapplicable ; Inapplicable ; Inapplicable ; Inapplicable ; Pass         ; Inapplicable ; Inapplicable ; Pass         ; Inapplicable ; Inapplicable ; Inapplicable ; Inapplicable ; Inapplicable ; Inapplicable ; Inapplicable ; Inapplicable ; Inapplicable ; Pass      ; Inapplicable ; Inapplicable ;
; adc_p_refl_pin[7]            ; Inapplicable ; Inapplicable ; Inapplicable ; Inapplicable ; Inapplicable ; Pass      ; Inapplicable ; Inapplicable ; Pass      ; Pass      ; Inapplicable ; Inapplicable ; Inapplicable ; Inapplicable ; Pass         ; Inapplicable ; Inapplicable ; Pass         ; Inapplicable ; Inapplicable ; Inapplicable ; Inapplicable ; Inapplicable ; Inapplicable ; Inapplicable ; Inapplicable ; Inapplicable ; Pass      ; Inapplicable ; Inapplicable ;
; adc_p_refl_pin[8]            ; Inapplicable ; Inapplicable ; Inapplicable ; Inapplicable ; Inapplicable ; Pass      ; Inapplicable ; Inapplicable ; Pass      ; Pass      ; Inapplicable ; Inapplicable ; Inapplicable ; Inapplicable ; Pass         ; Inapplicable ; Inapplicable ; Pass         ; Inapplicable ; Inapplicable ; Inapplicable ; Inapplicable ; Inapplicable ; Inapplicable ; Inapplicable ; Inapplicable ; Inapplicable ; Pass      ; Inapplicable ; Inapplicable ;
; adc_p_refl_pin[9]            ; Inapplicable ; Inapplicable ; Inapplicable ; Inapplicable ; Inapplicable ; Pass      ; Inapplicable ; Inapplicable ; Pass      ; Pass      ; Inapplicable ; Inapplicable ; Inapplicable ; Inapplicable ; Pass         ; Inapplicable ; Inapplicable ; Pass         ; Inapplicable ; Inapplicable ; Inapplicable ; Inapplicable ; Inapplicable ; Inapplicable ; Inapplicable ; Inapplicable ; Inapplicable ; Pass      ; Inapplicable ; Inapplicable ;
; adc_p_refl_pin[10]           ; Inapplicable ; Inapplicable ; Inapplicable ; Inapplicable ; Inapplicable ; Pass      ; Inapplicable ; Inapplicable ; Pass      ; Pass      ; Inapplicable ; Inapplicable ; Inapplicable ; Inapplicable ; Pass         ; Inapplicable ; Inapplicable ; Pass         ; Inapplicable ; Inapplicable ; Inapplicable ; Inapplicable ; Inapplicable ; Inapplicable ; Inapplicable ; Inapplicable ; Inapplicable ; Pass      ; Inapplicable ; Inapplicable ;
; adc_p_refl_pin[11]           ; Inapplicable ; Inapplicable ; Inapplicable ; Inapplicable ; Inapplicable ; Pass      ; Inapplicable ; Inapplicable ; Pass      ; Pass      ; Inapplicable ; Inapplicable ; Inapplicable ; Inapplicable ; Pass         ; Inapplicable ; Inapplicable ; Pass         ; Inapplicable ; Inapplicable ; Inapplicable ; Inapplicable ; Inapplicable ; Inapplicable ; Inapplicable ; Inapplicable ; Inapplicable ; Pass      ; Inapplicable ; Inapplicable ;
; adc_p_drive_pin[15]          ; Inapplicable ; Inapplicable ; Inapplicable ; Inapplicable ; Inapplicable ; Pass      ; Inapplicable ; Inapplicable ; Pass      ; Pass      ; Inapplicable ; Inapplicable ; Inapplicable ; Inapplicable ; Pass         ; Inapplicable ; Inapplicable ; Pass         ; Inapplicable ; Inapplicable ; Inapplicable ; Inapplicable ; Inapplicable ; Inapplicable ; Inapplicable ; Inapplicable ; Inapplicable ; Pass      ; Inapplicable ; Inapplicable ;
; adc_p_drive_pin[14]          ; Inapplicable ; Inapplicable ; Inapplicable ; Inapplicable ; Inapplicable ; Pass      ; Inapplicable ; Inapplicable ; Pass      ; Pass      ; Inapplicable ; Inapplicable ; Inapplicable ; Inapplicable ; Pass         ; Inapplicable ; Inapplicable ; Pass         ; Inapplicable ; Inapplicable ; Inapplicable ; Inapplicable ; Inapplicable ; Inapplicable ; Inapplicable ; Inapplicable ; Inapplicable ; Pass      ; Inapplicable ; Inapplicable ;
; adc_p_drive_pin[0]           ; Inapplicable ; Inapplicable ; Inapplicable ; Inapplicable ; Inapplicable ; Pass      ; Inapplicable ; Inapplicable ; Pass      ; Pass      ; Inapplicable ; Inapplicable ; Inapplicable ; Inapplicable ; Pass         ; Inapplicable ; Inapplicable ; Pass         ; Inapplicable ; Inapplicable ; Inapplicable ; Inapplicable ; Inapplicable ; Inapplicable ; Inapplicable ; Inapplicable ; Inapplicable ; Pass      ; Inapplicable ; Inapplicable ;
; adc_p_drive_pin[1]           ; Inapplicable ; Inapplicable ; Inapplicable ; Inapplicable ; Inapplicable ; Pass      ; Inapplicable ; Inapplicable ; Pass      ; Pass      ; Inapplicable ; Inapplicable ; Inapplicable ; Inapplicable ; Pass         ; Inapplicable ; Inapplicable ; Pass         ; Inapplicable ; Inapplicable ; Inapplicable ; Inapplicable ; Inapplicable ; Inapplicable ; Inapplicable ; Inapplicable ; Inapplicable ; Pass      ; Inapplicable ; Inapplicable ;
; adc_p_drive_pin[2]           ; Inapplicable ; Inapplicable ; Inapplicable ; Inapplicable ; Inapplicable ; Pass      ; Inapplicable ; Inapplicable ; Pass      ; Pass      ; Inapplicable ; Inapplicable ; Inapplicable ; Inapplicable ; Pass         ; Inapplicable ; Inapplicable ; Pass         ; Inapplicable ; Inapplicable ; Inapplicable ; Inapplicable ; Inapplicable ; Inapplicable ; Inapplicable ; Inapplicable ; Inapplicable ; Pass      ; Inapplicable ; Inapplicable ;
; adc_p_drive_pin[3]           ; Inapplicable ; Inapplicable ; Inapplicable ; Inapplicable ; Inapplicable ; Pass      ; Inapplicable ; Inapplicable ; Pass      ; Pass      ; Inapplicable ; Inapplicable ; Inapplicable ; Inapplicable ; Pass         ; Inapplicable ; Inapplicable ; Pass         ; Inapplicable ; Inapplicable ; Inapplicable ; Inapplicable ; Inapplicable ; Inapplicable ; Inapplicable ; Inapplicable ; Inapplicable ; Pass      ; Inapplicable ; Inapplicable ;
; adc_p_drive_pin[4]           ; Inapplicable ; Inapplicable ; Inapplicable ; Inapplicable ; Inapplicable ; Pass      ; Inapplicable ; Inapplicable ; Pass      ; Pass      ; Inapplicable ; Inapplicable ; Inapplicable ; Inapplicable ; Pass         ; Inapplicable ; Inapplicable ; Pass         ; Inapplicable ; Inapplicable ; Inapplicable ; Inapplicable ; Inapplicable ; Inapplicable ; Inapplicable ; Inapplicable ; Inapplicable ; Pass      ; Inapplicable ; Inapplicable ;
; adc_p_drive_pin[5]           ; Inapplicable ; Inapplicable ; Inapplicable ; Inapplicable ; Inapplicable ; Pass      ; Inapplicable ; Inapplicable ; Pass      ; Pass      ; Inapplicable ; Inapplicable ; Inapplicable ; Inapplicable ; Pass         ; Inapplicable ; Inapplicable ; Pass         ; Inapplicable ; Inapplicable ; Inapplicable ; Inapplicable ; Inapplicable ; Inapplicable ; Inapplicable ; Inapplicable ; Inapplicable ; Pass      ; Inapplicable ; Inapplicable ;
; adc_p_drive_pin[6]           ; Inapplicable ; Inapplicable ; Inapplicable ; Inapplicable ; Inapplicable ; Pass      ; Inapplicable ; Inapplicable ; Pass      ; Pass      ; Inapplicable ; Inapplicable ; Inapplicable ; Inapplicable ; Pass         ; Inapplicable ; Inapplicable ; Pass         ; Inapplicable ; Inapplicable ; Inapplicable ; Inapplicable ; Inapplicable ; Inapplicable ; Inapplicable ; Inapplicable ; Inapplicable ; Pass      ; Inapplicable ; Inapplicable ;
; adc_p_drive_pin[7]           ; Inapplicable ; Inapplicable ; Inapplicable ; Inapplicable ; Inapplicable ; Pass      ; Inapplicable ; Inapplicable ; Pass      ; Pass      ; Inapplicable ; Inapplicable ; Inapplicable ; Inapplicable ; Pass         ; Inapplicable ; Inapplicable ; Pass         ; Inapplicable ; Inapplicable ; Inapplicable ; Inapplicable ; Inapplicable ; Inapplicable ; Inapplicable ; Inapplicable ; Inapplicable ; Pass      ; Inapplicable ; Inapplicable ;
; adc_p_drive_pin[8]           ; Inapplicable ; Inapplicable ; Inapplicable ; Inapplicable ; Inapplicable ; Pass      ; Inapplicable ; Inapplicable ; Pass      ; Pass      ; Inapplicable ; Inapplicable ; Inapplicable ; Inapplicable ; Pass         ; Inapplicable ; Inapplicable ; Pass         ; Inapplicable ; Inapplicable ; Inapplicable ; Inapplicable ; Inapplicable ; Inapplicable ; Inapplicable ; Inapplicable ; Inapplicable ; Pass      ; Inapplicable ; Inapplicable ;
; adc_p_drive_pin[9]           ; Inapplicable ; Inapplicable ; Inapplicable ; Inapplicable ; Inapplicable ; Pass      ; Inapplicable ; Inapplicable ; Pass      ; Pass      ; Inapplicable ; Inapplicable ; Inapplicable ; Inapplicable ; Pass         ; Inapplicable ; Inapplicable ; Pass         ; Inapplicable ; Inapplicable ; Inapplicable ; Inapplicable ; Inapplicable ; Inapplicable ; Inapplicable ; Inapplicable ; Inapplicable ; Pass      ; Inapplicable ; Inapplicable ;
; adc_p_drive_pin[10]          ; Inapplicable ; Inapplicable ; Inapplicable ; Inapplicable ; Inapplicable ; Pass      ; Inapplicable ; Inapplicable ; Pass      ; Pass      ; Inapplicable ; Inapplicable ; Inapplicable ; Inapplicable ; Pass         ; Inapplicable ; Inapplicable ; Pass         ; Inapplicable ; Inapplicable ; Inapplicable ; Inapplicable ; Inapplicable ; Inapplicable ; Inapplicable ; Inapplicable ; Inapplicable ; Pass      ; Inapplicable ; Inapplicable ;
; adc_p_drive_pin[11]          ; Inapplicable ; Inapplicable ; Inapplicable ; Inapplicable ; Inapplicable ; Pass      ; Inapplicable ; Inapplicable ; Pass      ; Pass      ; Inapplicable ; Inapplicable ; Inapplicable ; Inapplicable ; Pass         ; Inapplicable ; Inapplicable ; Pass         ; Inapplicable ; Inapplicable ; Inapplicable ; Inapplicable ; Inapplicable ; Inapplicable ; Inapplicable ; Inapplicable ; Inapplicable ; Pass      ; Inapplicable ; Inapplicable ;
; adc_p_drive_pin[12]          ; Inapplicable ; Inapplicable ; Inapplicable ; Inapplicable ; Inapplicable ; Pass      ; Inapplicable ; Inapplicable ; Pass      ; Pass      ; Inapplicable ; Inapplicable ; Inapplicable ; Inapplicable ; Pass         ; Inapplicable ; Inapplicable ; Pass         ; Inapplicable ; Inapplicable ; Inapplicable ; Inapplicable ; Inapplicable ; Inapplicable ; Inapplicable ; Inapplicable ; Inapplicable ; Pass      ; Inapplicable ; Inapplicable ;
; adc_p_drive_pin[13]          ; Inapplicable ; Inapplicable ; Inapplicable ; Inapplicable ; Inapplicable ; Pass      ; Inapplicable ; Inapplicable ; Pass      ; Pass      ; Inapplicable ; Inapplicable ; Inapplicable ; Inapplicable ; Pass         ; Inapplicable ; Inapplicable ; Pass         ; Inapplicable ; Inapplicable ; Inapplicable ; Inapplicable ; Inapplicable ; Inapplicable ; Inapplicable ; Inapplicable ; Inapplicable ; Pass      ; Inapplicable ; Inapplicable ;
; clk_telemetry_pin            ; Inapplicable ; Inapplicable ; Inapplicable ; Inapplicable ; Inapplicable ; Pass      ; Inapplicable ; Inapplicable ; Pass      ; Pass      ; Inapplicable ; Inapplicable ; Inapplicable ; Inapplicable ; Pass         ; Inapplicable ; Inapplicable ; Pass         ; Inapplicable ; Inapplicable ; Inapplicable ; Inapplicable ; Inapplicable ; Inapplicable ; Inapplicable ; Inapplicable ; Inapplicable ; Pass      ; Inapplicable ; Inapplicable ;
; module_fault_vector_pin[237] ; Inapplicable ; Inapplicable ; Inapplicable ; Inapplicable ; Inapplicable ; Pass      ; Inapplicable ; Inapplicable ; Pass      ; Pass      ; Inapplicable ; Inapplicable ; Inapplicable ; Inapplicable ; Pass         ; Inapplicable ; Inapplicable ; Pass         ; Inapplicable ; Inapplicable ; Inapplicable ; Inapplicable ; Inapplicable ; Inapplicable ; Inapplicable ; Inapplicable ; Inapplicable ; Pass      ; Inapplicable ; Inapplicable ;
; module_fault_vector_pin[238] ; Inapplicable ; Inapplicable ; Inapplicable ; Inapplicable ; Inapplicable ; Pass      ; Inapplicable ; Inapplicable ; Pass      ; Pass      ; Inapplicable ; Inapplicable ; Inapplicable ; Inapplicable ; Pass         ; Inapplicable ; Inapplicable ; Pass         ; Inapplicable ; Inapplicable ; Inapplicable ; Inapplicable ; Inapplicable ; Inapplicable ; Inapplicable ; Inapplicable ; Inapplicable ; Pass      ; Inapplicable ; Inapplicable ;
; module_fault_vector_pin[215] ; Inapplicable ; Inapplicable ; Inapplicable ; Inapplicable ; Inapplicable ; Pass      ; Inapplicable ; Inapplicable ; Pass      ; Pass      ; Inapplicable ; Inapplicable ; Inapplicable ; Inapplicable ; Pass         ; Inapplicable ; Inapplicable ; Pass         ; Inapplicable ; Inapplicable ; Inapplicable ; Inapplicable ; Inapplicable ; Inapplicable ; Inapplicable ; Inapplicable ; Inapplicable ; Pass      ; Inapplicable ; Inapplicable ;
; module_fault_vector_pin[216] ; Inapplicable ; Inapplicable ; Inapplicable ; Inapplicable ; Inapplicable ; Pass      ; Inapplicable ; Inapplicable ; Pass      ; Pass      ; Inapplicable ; Inapplicable ; Inapplicable ; Inapplicable ; Pass         ; Inapplicable ; Inapplicable ; Pass         ; Inapplicable ; Inapplicable ; Inapplicable ; Inapplicable ; Inapplicable ; Inapplicable ; Inapplicable ; Inapplicable ; Inapplicable ; Pass      ; Inapplicable ; Inapplicable ;
; module_fault_vector_pin[217] ; Inapplicable ; Inapplicable ; Inapplicable ; Inapplicable ; Inapplicable ; Pass      ; Inapplicable ; Inapplicable ; Pass      ; Pass      ; Inapplicable ; Inapplicable ; Inapplicable ; Inapplicable ; Pass         ; Inapplicable ; Inapplicable ; Pass         ; Inapplicable ; Inapplicable ; Inapplicable ; Inapplicable ; Inapplicable ; Inapplicable ; Inapplicable ; Inapplicable ; Inapplicable ; Pass      ; Inapplicable ; Inapplicable ;
; module_fault_vector_pin[218] ; Inapplicable ; Inapplicable ; Inapplicable ; Inapplicable ; Inapplicable ; Pass      ; Inapplicable ; Inapplicable ; Pass      ; Pass      ; Inapplicable ; Inapplicable ; Inapplicable ; Inapplicable ; Pass         ; Inapplicable ; Inapplicable ; Pass         ; Inapplicable ; Inapplicable ; Inapplicable ; Inapplicable ; Inapplicable ; Inapplicable ; Inapplicable ; Inapplicable ; Inapplicable ; Pass      ; Inapplicable ; Inapplicable ;
; module_fault_vector_pin[219] ; Inapplicable ; Inapplicable ; Inapplicable ; Inapplicable ; Inapplicable ; Pass      ; Inapplicable ; Inapplicable ; Pass      ; Pass      ; Inapplicable ; Inapplicable ; Inapplicable ; Inapplicable ; Pass         ; Inapplicable ; Inapplicable ; Pass         ; Inapplicable ; Inapplicable ; Inapplicable ; Inapplicable ; Inapplicable ; Inapplicable ; Inapplicable ; Inapplicable ; Inapplicable ; Pass      ; Inapplicable ; Inapplicable ;
; module_fault_vector_pin[220] ; Inapplicable ; Inapplicable ; Inapplicable ; Inapplicable ; Inapplicable ; Pass      ; Inapplicable ; Inapplicable ; Pass      ; Pass      ; Inapplicable ; Inapplicable ; Inapplicable ; Inapplicable ; Pass         ; Inapplicable ; Inapplicable ; Pass         ; Inapplicable ; Inapplicable ; Inapplicable ; Inapplicable ; Inapplicable ; Inapplicable ; Inapplicable ; Inapplicable ; Inapplicable ; Pass      ; Inapplicable ; Inapplicable ;
; module_fault_vector_pin[221] ; Inapplicable ; Inapplicable ; Inapplicable ; Inapplicable ; Inapplicable ; Pass      ; Inapplicable ; Inapplicable ; Pass      ; Pass      ; Inapplicable ; Inapplicable ; Inapplicable ; Inapplicable ; Pass         ; Inapplicable ; Inapplicable ; Pass         ; Inapplicable ; Inapplicable ; Inapplicable ; Inapplicable ; Inapplicable ; Inapplicable ; Inapplicable ; Inapplicable ; Inapplicable ; Pass      ; Inapplicable ; Inapplicable ;
; module_fault_vector_pin[222] ; Inapplicable ; Inapplicable ; Inapplicable ; Inapplicable ; Inapplicable ; Pass      ; Inapplicable ; Inapplicable ; Pass      ; Pass      ; Inapplicable ; Inapplicable ; Inapplicable ; Inapplicable ; Pass         ; Inapplicable ; Inapplicable ; Pass         ; Inapplicable ; Inapplicable ; Inapplicable ; Inapplicable ; Inapplicable ; Inapplicable ; Inapplicable ; Inapplicable ; Inapplicable ; Pass      ; Inapplicable ; Inapplicable ;
; module_fault_vector_pin[207] ; Inapplicable ; Inapplicable ; Inapplicable ; Inapplicable ; Inapplicable ; Pass      ; Inapplicable ; Inapplicable ; Pass      ; Pass      ; Inapplicable ; Inapplicable ; Inapplicable ; Inapplicable ; Pass         ; Inapplicable ; Inapplicable ; Pass         ; Inapplicable ; Inapplicable ; Inapplicable ; Inapplicable ; Inapplicable ; Inapplicable ; Inapplicable ; Inapplicable ; Inapplicable ; Pass      ; Inapplicable ; Inapplicable ;
; module_fault_vector_pin[208] ; Inapplicable ; Inapplicable ; Inapplicable ; Inapplicable ; Inapplicable ; Pass      ; Inapplicable ; Inapplicable ; Pass      ; Pass      ; Inapplicable ; Inapplicable ; Inapplicable ; Inapplicable ; Pass         ; Inapplicable ; Inapplicable ; Pass         ; Inapplicable ; Inapplicable ; Inapplicable ; Inapplicable ; Inapplicable ; Inapplicable ; Inapplicable ; Inapplicable ; Inapplicable ; Pass      ; Inapplicable ; Inapplicable ;
; module_fault_vector_pin[209] ; Inapplicable ; Inapplicable ; Inapplicable ; Inapplicable ; Inapplicable ; Pass      ; Inapplicable ; Inapplicable ; Pass      ; Pass      ; Inapplicable ; Inapplicable ; Inapplicable ; Inapplicable ; Pass         ; Inapplicable ; Inapplicable ; Pass         ; Inapplicable ; Inapplicable ; Inapplicable ; Inapplicable ; Inapplicable ; Inapplicable ; Inapplicable ; Inapplicable ; Inapplicable ; Pass      ; Inapplicable ; Inapplicable ;
; module_fault_vector_pin[210] ; Inapplicable ; Inapplicable ; Inapplicable ; Inapplicable ; Inapplicable ; Pass      ; Inapplicable ; Inapplicable ; Pass      ; Pass      ; Inapplicable ; Inapplicable ; Inapplicable ; Inapplicable ; Pass         ; Inapplicable ; Inapplicable ; Pass         ; Inapplicable ; Inapplicable ; Inapplicable ; Inapplicable ; Inapplicable ; Inapplicable ; Inapplicable ; Inapplicable ; Inapplicable ; Pass      ; Inapplicable ; Inapplicable ;
; module_fault_vector_pin[211] ; Inapplicable ; Inapplicable ; Inapplicable ; Inapplicable ; Inapplicable ; Pass      ; Inapplicable ; Inapplicable ; Pass      ; Pass      ; Inapplicable ; Inapplicable ; Inapplicable ; Inapplicable ; Pass         ; Inapplicable ; Inapplicable ; Pass         ; Inapplicable ; Inapplicable ; Inapplicable ; Inapplicable ; Inapplicable ; Inapplicable ; Inapplicable ; Inapplicable ; Inapplicable ; Pass      ; Inapplicable ; Inapplicable ;
; module_fault_vector_pin[212] ; Inapplicable ; Inapplicable ; Inapplicable ; Inapplicable ; Inapplicable ; Pass      ; Inapplicable ; Inapplicable ; Pass      ; Pass      ; Inapplicable ; Inapplicable ; Inapplicable ; Inapplicable ; Pass         ; Inapplicable ; Inapplicable ; Pass         ; Inapplicable ; Inapplicable ; Inapplicable ; Inapplicable ; Inapplicable ; Inapplicable ; Inapplicable ; Inapplicable ; Inapplicable ; Pass      ; Inapplicable ; Inapplicable ;
; module_fault_vector_pin[213] ; Inapplicable ; Inapplicable ; Inapplicable ; Inapplicable ; Inapplicable ; Pass      ; Inapplicable ; Inapplicable ; Pass      ; Pass      ; Inapplicable ; Inapplicable ; Inapplicable ; Inapplicable ; Pass         ; Inapplicable ; Inapplicable ; Pass         ; Inapplicable ; Inapplicable ; Inapplicable ; Inapplicable ; Inapplicable ; Inapplicable ; Inapplicable ; Inapplicable ; Inapplicable ; Pass      ; Inapplicable ; Inapplicable ;
; module_fault_vector_pin[214] ; Inapplicable ; Inapplicable ; Inapplicable ; Inapplicable ; Inapplicable ; Pass      ; Inapplicable ; Inapplicable ; Pass      ; Pass      ; Inapplicable ; Inapplicable ; Inapplicable ; Inapplicable ; Pass         ; Inapplicable ; Inapplicable ; Pass         ; Inapplicable ; Inapplicable ; Inapplicable ; Inapplicable ; Inapplicable ; Inapplicable ; Inapplicable ; Inapplicable ; Inapplicable ; Pass      ; Inapplicable ; Inapplicable ;
; module_fault_vector_pin[199] ; Inapplicable ; Inapplicable ; Inapplicable ; Inapplicable ; Inapplicable ; Pass      ; Inapplicable ; Inapplicable ; Pass      ; Pass      ; Inapplicable ; Inapplicable ; Inapplicable ; Inapplicable ; Pass         ; Inapplicable ; Inapplicable ; Pass         ; Inapplicable ; Inapplicable ; Inapplicable ; Inapplicable ; Inapplicable ; Inapplicable ; Inapplicable ; Inapplicable ; Inapplicable ; Pass      ; Inapplicable ; Inapplicable ;
; module_fault_vector_pin[200] ; Inapplicable ; Inapplicable ; Inapplicable ; Inapplicable ; Inapplicable ; Pass      ; Inapplicable ; Inapplicable ; Pass      ; Pass      ; Inapplicable ; Inapplicable ; Inapplicable ; Inapplicable ; Pass         ; Inapplicable ; Inapplicable ; Pass         ; Inapplicable ; Inapplicable ; Inapplicable ; Inapplicable ; Inapplicable ; Inapplicable ; Inapplicable ; Inapplicable ; Inapplicable ; Pass      ; Inapplicable ; Inapplicable ;
; module_fault_vector_pin[201] ; Inapplicable ; Inapplicable ; Inapplicable ; Inapplicable ; Inapplicable ; Pass      ; Inapplicable ; Inapplicable ; Pass      ; Pass      ; Inapplicable ; Inapplicable ; Inapplicable ; Inapplicable ; Pass         ; Inapplicable ; Inapplicable ; Pass         ; Inapplicable ; Inapplicable ; Inapplicable ; Inapplicable ; Inapplicable ; Inapplicable ; Inapplicable ; Inapplicable ; Inapplicable ; Pass      ; Inapplicable ; Inapplicable ;
; module_fault_vector_pin[202] ; Inapplicable ; Inapplicable ; Inapplicable ; Inapplicable ; Inapplicable ; Pass      ; Inapplicable ; Inapplicable ; Pass      ; Pass      ; Inapplicable ; Inapplicable ; Inapplicable ; Inapplicable ; Pass         ; Inapplicable ; Inapplicable ; Pass         ; Inapplicable ; Inapplicable ; Inapplicable ; Inapplicable ; Inapplicable ; Inapplicable ; Inapplicable ; Inapplicable ; Inapplicable ; Pass      ; Inapplicable ; Inapplicable ;
; module_fault_vector_pin[203] ; Inapplicable ; Inapplicable ; Inapplicable ; Inapplicable ; Inapplicable ; Pass      ; Inapplicable ; Inapplicable ; Pass      ; Pass      ; Inapplicable ; Inapplicable ; Inapplicable ; Inapplicable ; Pass         ; Inapplicable ; Inapplicable ; Pass         ; Inapplicable ; Inapplicable ; Inapplicable ; Inapplicable ; Inapplicable ; Inapplicable ; Inapplicable ; Inapplicable ; Inapplicable ; Pass      ; Inapplicable ; Inapplicable ;
; module_fault_vector_pin[204] ; Inapplicable ; Inapplicable ; Inapplicable ; Inapplicable ; Inapplicable ; Pass      ; Inapplicable ; Inapplicable ; Pass      ; Pass      ; Inapplicable ; Inapplicable ; Inapplicable ; Inapplicable ; Pass         ; Inapplicable ; Inapplicable ; Pass         ; Inapplicable ; Inapplicable ; Inapplicable ; Inapplicable ; Inapplicable ; Inapplicable ; Inapplicable ; Inapplicable ; Inapplicable ; Pass      ; Inapplicable ; Inapplicable ;
; module_fault_vector_pin[205] ; Inapplicable ; Inapplicable ; Inapplicable ; Inapplicable ; Inapplicable ; Pass      ; Inapplicable ; Inapplicable ; Pass      ; Pass      ; Inapplicable ; Inapplicable ; Inapplicable ; Inapplicable ; Pass         ; Inapplicable ; Inapplicable ; Pass         ; Inapplicable ; Inapplicable ; Inapplicable ; Inapplicable ; Inapplicable ; Inapplicable ; Inapplicable ; Inapplicable ; Inapplicable ; Pass      ; Inapplicable ; Inapplicable ;
; module_fault_vector_pin[206] ; Inapplicable ; Inapplicable ; Inapplicable ; Inapplicable ; Inapplicable ; Pass      ; Inapplicable ; Inapplicable ; Pass      ; Pass      ; Inapplicable ; Inapplicable ; Inapplicable ; Inapplicable ; Pass         ; Inapplicable ; Inapplicable ; Pass         ; Inapplicable ; Inapplicable ; Inapplicable ; Inapplicable ; Inapplicable ; Inapplicable ; Inapplicable ; Inapplicable ; Inapplicable ; Pass      ; Inapplicable ; Inapplicable ;
; module_fault_vector_pin[191] ; Inapplicable ; Inapplicable ; Inapplicable ; Inapplicable ; Inapplicable ; Pass      ; Inapplicable ; Inapplicable ; Pass      ; Pass      ; Inapplicable ; Inapplicable ; Inapplicable ; Inapplicable ; Pass         ; Inapplicable ; Inapplicable ; Pass         ; Inapplicable ; Inapplicable ; Inapplicable ; Inapplicable ; Inapplicable ; Inapplicable ; Inapplicable ; Inapplicable ; Inapplicable ; Pass      ; Inapplicable ; Inapplicable ;
; module_fault_vector_pin[192] ; Inapplicable ; Inapplicable ; Inapplicable ; Inapplicable ; Inapplicable ; Pass      ; Inapplicable ; Inapplicable ; Pass      ; Pass      ; Inapplicable ; Inapplicable ; Inapplicable ; Inapplicable ; Pass         ; Inapplicable ; Inapplicable ; Pass         ; Inapplicable ; Inapplicable ; Inapplicable ; Inapplicable ; Inapplicable ; Inapplicable ; Inapplicable ; Inapplicable ; Inapplicable ; Pass      ; Inapplicable ; Inapplicable ;
; module_fault_vector_pin[193] ; Inapplicable ; Inapplicable ; Inapplicable ; Inapplicable ; Inapplicable ; Pass      ; Inapplicable ; Inapplicable ; Pass      ; Pass      ; Inapplicable ; Inapplicable ; Inapplicable ; Inapplicable ; Pass         ; Inapplicable ; Inapplicable ; Pass         ; Inapplicable ; Inapplicable ; Inapplicable ; Inapplicable ; Inapplicable ; Inapplicable ; Inapplicable ; Inapplicable ; Inapplicable ; Pass      ; Inapplicable ; Inapplicable ;
; module_fault_vector_pin[194] ; Inapplicable ; Inapplicable ; Inapplicable ; Inapplicable ; Inapplicable ; Pass      ; Inapplicable ; Inapplicable ; Pass      ; Pass      ; Inapplicable ; Inapplicable ; Inapplicable ; Inapplicable ; Pass         ; Inapplicable ; Inapplicable ; Pass         ; Inapplicable ; Inapplicable ; Inapplicable ; Inapplicable ; Inapplicable ; Inapplicable ; Inapplicable ; Inapplicable ; Inapplicable ; Pass      ; Inapplicable ; Inapplicable ;
; module_fault_vector_pin[195] ; Inapplicable ; Inapplicable ; Inapplicable ; Inapplicable ; Inapplicable ; Pass      ; Inapplicable ; Inapplicable ; Pass      ; Pass      ; Inapplicable ; Inapplicable ; Inapplicable ; Inapplicable ; Pass         ; Inapplicable ; Inapplicable ; Pass         ; Inapplicable ; Inapplicable ; Inapplicable ; Inapplicable ; Inapplicable ; Inapplicable ; Inapplicable ; Inapplicable ; Inapplicable ; Pass      ; Inapplicable ; Inapplicable ;
; module_fault_vector_pin[196] ; Inapplicable ; Inapplicable ; Inapplicable ; Inapplicable ; Inapplicable ; Pass      ; Inapplicable ; Inapplicable ; Pass      ; Pass      ; Inapplicable ; Inapplicable ; Inapplicable ; Inapplicable ; Pass         ; Inapplicable ; Inapplicable ; Pass         ; Inapplicable ; Inapplicable ; Inapplicable ; Inapplicable ; Inapplicable ; Inapplicable ; Inapplicable ; Inapplicable ; Inapplicable ; Pass      ; Inapplicable ; Inapplicable ;
; module_fault_vector_pin[197] ; Inapplicable ; Inapplicable ; Inapplicable ; Inapplicable ; Inapplicable ; Pass      ; Inapplicable ; Inapplicable ; Pass      ; Pass      ; Inapplicable ; Inapplicable ; Inapplicable ; Inapplicable ; Pass         ; Inapplicable ; Inapplicable ; Pass         ; Inapplicable ; Inapplicable ; Inapplicable ; Inapplicable ; Inapplicable ; Inapplicable ; Inapplicable ; Inapplicable ; Inapplicable ; Pass      ; Inapplicable ; Inapplicable ;
; module_fault_vector_pin[198] ; Inapplicable ; Inapplicable ; Inapplicable ; Inapplicable ; Inapplicable ; Pass      ; Inapplicable ; Inapplicable ; Pass      ; Pass      ; Inapplicable ; Inapplicable ; Inapplicable ; Inapplicable ; Pass         ; Inapplicable ; Inapplicable ; Pass         ; Inapplicable ; Inapplicable ; Inapplicable ; Inapplicable ; Inapplicable ; Inapplicable ; Inapplicable ; Inapplicable ; Inapplicable ; Pass      ; Inapplicable ; Inapplicable ;
; module_fault_vector_pin[231] ; Inapplicable ; Inapplicable ; Inapplicable ; Inapplicable ; Inapplicable ; Pass      ; Inapplicable ; Inapplicable ; Pass      ; Pass      ; Inapplicable ; Inapplicable ; Inapplicable ; Inapplicable ; Pass         ; Inapplicable ; Inapplicable ; Pass         ; Inapplicable ; Inapplicable ; Inapplicable ; Inapplicable ; Inapplicable ; Inapplicable ; Inapplicable ; Inapplicable ; Inapplicable ; Pass      ; Inapplicable ; Inapplicable ;
; module_fault_vector_pin[232] ; Inapplicable ; Inapplicable ; Inapplicable ; Inapplicable ; Inapplicable ; Pass      ; Inapplicable ; Inapplicable ; Pass      ; Pass      ; Inapplicable ; Inapplicable ; Inapplicable ; Inapplicable ; Pass         ; Inapplicable ; Inapplicable ; Pass         ; Inapplicable ; Inapplicable ; Inapplicable ; Inapplicable ; Inapplicable ; Inapplicable ; Inapplicable ; Inapplicable ; Inapplicable ; Pass      ; Inapplicable ; Inapplicable ;
; module_fault_vector_pin[233] ; Inapplicable ; Inapplicable ; Inapplicable ; Inapplicable ; Inapplicable ; Pass      ; Inapplicable ; Inapplicable ; Pass      ; Pass      ; Inapplicable ; Inapplicable ; Inapplicable ; Inapplicable ; Pass         ; Inapplicable ; Inapplicable ; Pass         ; Inapplicable ; Inapplicable ; Inapplicable ; Inapplicable ; Inapplicable ; Inapplicable ; Inapplicable ; Inapplicable ; Inapplicable ; Pass      ; Inapplicable ; Inapplicable ;
; module_fault_vector_pin[234] ; Inapplicable ; Inapplicable ; Inapplicable ; Inapplicable ; Inapplicable ; Pass      ; Inapplicable ; Inapplicable ; Pass      ; Pass      ; Inapplicable ; Inapplicable ; Inapplicable ; Inapplicable ; Pass         ; Inapplicable ; Inapplicable ; Pass         ; Inapplicable ; Inapplicable ; Inapplicable ; Inapplicable ; Inapplicable ; Inapplicable ; Inapplicable ; Inapplicable ; Inapplicable ; Pass      ; Inapplicable ; Inapplicable ;
; module_fault_vector_pin[235] ; Inapplicable ; Inapplicable ; Inapplicable ; Inapplicable ; Inapplicable ; Pass      ; Inapplicable ; Inapplicable ; Pass      ; Pass      ; Inapplicable ; Inapplicable ; Inapplicable ; Inapplicable ; Pass         ; Inapplicable ; Inapplicable ; Pass         ; Inapplicable ; Inapplicable ; Inapplicable ; Inapplicable ; Inapplicable ; Inapplicable ; Inapplicable ; Inapplicable ; Inapplicable ; Pass      ; Inapplicable ; Inapplicable ;
; module_fault_vector_pin[236] ; Inapplicable ; Inapplicable ; Inapplicable ; Inapplicable ; Inapplicable ; Pass      ; Inapplicable ; Inapplicable ; Pass      ; Pass      ; Inapplicable ; Inapplicable ; Inapplicable ; Inapplicable ; Pass         ; Inapplicable ; Inapplicable ; Pass         ; Inapplicable ; Inapplicable ; Inapplicable ; Inapplicable ; Inapplicable ; Inapplicable ; Inapplicable ; Inapplicable ; Inapplicable ; Pass      ; Inapplicable ; Inapplicable ;
; module_fault_vector_pin[223] ; Inapplicable ; Inapplicable ; Inapplicable ; Inapplicable ; Inapplicable ; Pass      ; Inapplicable ; Inapplicable ; Pass      ; Pass      ; Inapplicable ; Inapplicable ; Inapplicable ; Inapplicable ; Pass         ; Inapplicable ; Inapplicable ; Pass         ; Inapplicable ; Inapplicable ; Inapplicable ; Inapplicable ; Inapplicable ; Inapplicable ; Inapplicable ; Inapplicable ; Inapplicable ; Pass      ; Inapplicable ; Inapplicable ;
; module_fault_vector_pin[224] ; Inapplicable ; Inapplicable ; Inapplicable ; Inapplicable ; Inapplicable ; Pass      ; Inapplicable ; Inapplicable ; Pass      ; Pass      ; Inapplicable ; Inapplicable ; Inapplicable ; Inapplicable ; Pass         ; Inapplicable ; Inapplicable ; Pass         ; Inapplicable ; Inapplicable ; Inapplicable ; Inapplicable ; Inapplicable ; Inapplicable ; Inapplicable ; Inapplicable ; Inapplicable ; Pass      ; Inapplicable ; Inapplicable ;
; module_fault_vector_pin[225] ; Inapplicable ; Inapplicable ; Inapplicable ; Inapplicable ; Inapplicable ; Pass      ; Inapplicable ; Inapplicable ; Pass      ; Pass      ; Inapplicable ; Inapplicable ; Inapplicable ; Inapplicable ; Pass         ; Inapplicable ; Inapplicable ; Pass         ; Inapplicable ; Inapplicable ; Inapplicable ; Inapplicable ; Inapplicable ; Inapplicable ; Inapplicable ; Inapplicable ; Inapplicable ; Pass      ; Inapplicable ; Inapplicable ;
; module_fault_vector_pin[226] ; Inapplicable ; Inapplicable ; Inapplicable ; Inapplicable ; Inapplicable ; Pass      ; Inapplicable ; Inapplicable ; Pass      ; Pass      ; Inapplicable ; Inapplicable ; Inapplicable ; Inapplicable ; Pass         ; Inapplicable ; Inapplicable ; Pass         ; Inapplicable ; Inapplicable ; Inapplicable ; Inapplicable ; Inapplicable ; Inapplicable ; Inapplicable ; Inapplicable ; Inapplicable ; Pass      ; Inapplicable ; Inapplicable ;
; module_fault_vector_pin[227] ; Inapplicable ; Inapplicable ; Inapplicable ; Inapplicable ; Inapplicable ; Pass      ; Inapplicable ; Inapplicable ; Pass      ; Pass      ; Inapplicable ; Inapplicable ; Inapplicable ; Inapplicable ; Pass         ; Inapplicable ; Inapplicable ; Pass         ; Inapplicable ; Inapplicable ; Inapplicable ; Inapplicable ; Inapplicable ; Inapplicable ; Inapplicable ; Inapplicable ; Inapplicable ; Pass      ; Inapplicable ; Inapplicable ;
; module_fault_vector_pin[228] ; Inapplicable ; Inapplicable ; Inapplicable ; Inapplicable ; Inapplicable ; Pass      ; Inapplicable ; Inapplicable ; Pass      ; Pass      ; Inapplicable ; Inapplicable ; Inapplicable ; Inapplicable ; Pass         ; Inapplicable ; Inapplicable ; Pass         ; Inapplicable ; Inapplicable ; Inapplicable ; Inapplicable ; Inapplicable ; Inapplicable ; Inapplicable ; Inapplicable ; Inapplicable ; Pass      ; Inapplicable ; Inapplicable ;
; module_fault_vector_pin[229] ; Inapplicable ; Inapplicable ; Inapplicable ; Inapplicable ; Inapplicable ; Pass      ; Inapplicable ; Inapplicable ; Pass      ; Pass      ; Inapplicable ; Inapplicable ; Inapplicable ; Inapplicable ; Pass         ; Inapplicable ; Inapplicable ; Pass         ; Inapplicable ; Inapplicable ; Inapplicable ; Inapplicable ; Inapplicable ; Inapplicable ; Inapplicable ; Inapplicable ; Inapplicable ; Pass      ; Inapplicable ; Inapplicable ;
; module_fault_vector_pin[230] ; Inapplicable ; Inapplicable ; Inapplicable ; Inapplicable ; Inapplicable ; Pass      ; Inapplicable ; Inapplicable ; Pass      ; Pass      ; Inapplicable ; Inapplicable ; Inapplicable ; Inapplicable ; Pass         ; Inapplicable ; Inapplicable ; Pass         ; Inapplicable ; Inapplicable ; Inapplicable ; Inapplicable ; Inapplicable ; Inapplicable ; Inapplicable ; Inapplicable ; Inapplicable ; Pass      ; Inapplicable ; Inapplicable ;
; module_fault_vector_pin[183] ; Inapplicable ; Inapplicable ; Inapplicable ; Inapplicable ; Inapplicable ; Pass      ; Inapplicable ; Inapplicable ; Pass      ; Pass      ; Inapplicable ; Inapplicable ; Inapplicable ; Inapplicable ; Pass         ; Inapplicable ; Inapplicable ; Pass         ; Inapplicable ; Inapplicable ; Inapplicable ; Inapplicable ; Inapplicable ; Inapplicable ; Inapplicable ; Inapplicable ; Inapplicable ; Pass      ; Inapplicable ; Inapplicable ;
; module_fault_vector_pin[184] ; Inapplicable ; Inapplicable ; Inapplicable ; Inapplicable ; Inapplicable ; Pass      ; Inapplicable ; Inapplicable ; Pass      ; Pass      ; Inapplicable ; Inapplicable ; Inapplicable ; Inapplicable ; Pass         ; Inapplicable ; Inapplicable ; Pass         ; Inapplicable ; Inapplicable ; Inapplicable ; Inapplicable ; Inapplicable ; Inapplicable ; Inapplicable ; Inapplicable ; Inapplicable ; Pass      ; Inapplicable ; Inapplicable ;
; module_fault_vector_pin[185] ; Inapplicable ; Inapplicable ; Inapplicable ; Inapplicable ; Inapplicable ; Pass      ; Inapplicable ; Inapplicable ; Pass      ; Pass      ; Inapplicable ; Inapplicable ; Inapplicable ; Inapplicable ; Pass         ; Inapplicable ; Inapplicable ; Pass         ; Inapplicable ; Inapplicable ; Inapplicable ; Inapplicable ; Inapplicable ; Inapplicable ; Inapplicable ; Inapplicable ; Inapplicable ; Pass      ; Inapplicable ; Inapplicable ;
; module_fault_vector_pin[186] ; Inapplicable ; Inapplicable ; Inapplicable ; Inapplicable ; Inapplicable ; Pass      ; Inapplicable ; Inapplicable ; Pass      ; Pass      ; Inapplicable ; Inapplicable ; Inapplicable ; Inapplicable ; Pass         ; Inapplicable ; Inapplicable ; Pass         ; Inapplicable ; Inapplicable ; Inapplicable ; Inapplicable ; Inapplicable ; Inapplicable ; Inapplicable ; Inapplicable ; Inapplicable ; Pass      ; Inapplicable ; Inapplicable ;
; module_fault_vector_pin[187] ; Inapplicable ; Inapplicable ; Inapplicable ; Inapplicable ; Inapplicable ; Pass      ; Inapplicable ; Inapplicable ; Pass      ; Pass      ; Inapplicable ; Inapplicable ; Inapplicable ; Inapplicable ; Pass         ; Inapplicable ; Inapplicable ; Pass         ; Inapplicable ; Inapplicable ; Inapplicable ; Inapplicable ; Inapplicable ; Inapplicable ; Inapplicable ; Inapplicable ; Inapplicable ; Pass      ; Inapplicable ; Inapplicable ;
; module_fault_vector_pin[188] ; Inapplicable ; Inapplicable ; Inapplicable ; Inapplicable ; Inapplicable ; Pass      ; Inapplicable ; Inapplicable ; Pass      ; Pass      ; Inapplicable ; Inapplicable ; Inapplicable ; Inapplicable ; Pass         ; Inapplicable ; Inapplicable ; Pass         ; Inapplicable ; Inapplicable ; Inapplicable ; Inapplicable ; Inapplicable ; Inapplicable ; Inapplicable ; Inapplicable ; Inapplicable ; Pass      ; Inapplicable ; Inapplicable ;
; module_fault_vector_pin[189] ; Inapplicable ; Inapplicable ; Inapplicable ; Inapplicable ; Inapplicable ; Pass      ; Inapplicable ; Inapplicable ; Pass      ; Pass      ; Inapplicable ; Inapplicable ; Inapplicable ; Inapplicable ; Pass         ; Inapplicable ; Inapplicable ; Pass         ; Inapplicable ; Inapplicable ; Inapplicable ; Inapplicable ; Inapplicable ; Inapplicable ; Inapplicable ; Inapplicable ; Inapplicable ; Pass      ; Inapplicable ; Inapplicable ;
; module_fault_vector_pin[190] ; Inapplicable ; Inapplicable ; Inapplicable ; Inapplicable ; Inapplicable ; Pass      ; Inapplicable ; Inapplicable ; Pass      ; Pass      ; Inapplicable ; Inapplicable ; Inapplicable ; Inapplicable ; Pass         ; Inapplicable ; Inapplicable ; Pass         ; Inapplicable ; Inapplicable ; Inapplicable ; Inapplicable ; Inapplicable ; Inapplicable ; Inapplicable ; Inapplicable ; Inapplicable ; Pass      ; Inapplicable ; Inapplicable ;
; module_fault_vector_pin[175] ; Inapplicable ; Inapplicable ; Inapplicable ; Inapplicable ; Inapplicable ; Pass      ; Inapplicable ; Inapplicable ; Pass      ; Pass      ; Inapplicable ; Inapplicable ; Inapplicable ; Inapplicable ; Pass         ; Inapplicable ; Inapplicable ; Pass         ; Inapplicable ; Inapplicable ; Inapplicable ; Inapplicable ; Inapplicable ; Inapplicable ; Inapplicable ; Inapplicable ; Inapplicable ; Pass      ; Inapplicable ; Inapplicable ;
; module_fault_vector_pin[176] ; Inapplicable ; Inapplicable ; Inapplicable ; Inapplicable ; Inapplicable ; Pass      ; Inapplicable ; Inapplicable ; Pass      ; Pass      ; Inapplicable ; Inapplicable ; Inapplicable ; Inapplicable ; Pass         ; Inapplicable ; Inapplicable ; Pass         ; Inapplicable ; Inapplicable ; Inapplicable ; Inapplicable ; Inapplicable ; Inapplicable ; Inapplicable ; Inapplicable ; Inapplicable ; Pass      ; Inapplicable ; Inapplicable ;
; module_fault_vector_pin[177] ; Inapplicable ; Inapplicable ; Inapplicable ; Inapplicable ; Inapplicable ; Pass      ; Inapplicable ; Inapplicable ; Pass      ; Pass      ; Inapplicable ; Inapplicable ; Inapplicable ; Inapplicable ; Pass         ; Inapplicable ; Inapplicable ; Pass         ; Inapplicable ; Inapplicable ; Inapplicable ; Inapplicable ; Inapplicable ; Inapplicable ; Inapplicable ; Inapplicable ; Inapplicable ; Pass      ; Inapplicable ; Inapplicable ;
; module_fault_vector_pin[178] ; Inapplicable ; Inapplicable ; Inapplicable ; Inapplicable ; Inapplicable ; Pass      ; Inapplicable ; Inapplicable ; Pass      ; Pass      ; Inapplicable ; Inapplicable ; Inapplicable ; Inapplicable ; Pass         ; Inapplicable ; Inapplicable ; Pass         ; Inapplicable ; Inapplicable ; Inapplicable ; Inapplicable ; Inapplicable ; Inapplicable ; Inapplicable ; Inapplicable ; Inapplicable ; Pass      ; Inapplicable ; Inapplicable ;
; module_fault_vector_pin[179] ; Inapplicable ; Inapplicable ; Inapplicable ; Inapplicable ; Inapplicable ; Pass      ; Inapplicable ; Inapplicable ; Pass      ; Pass      ; Inapplicable ; Inapplicable ; Inapplicable ; Inapplicable ; Pass         ; Inapplicable ; Inapplicable ; Pass         ; Inapplicable ; Inapplicable ; Inapplicable ; Inapplicable ; Inapplicable ; Inapplicable ; Inapplicable ; Inapplicable ; Inapplicable ; Pass      ; Inapplicable ; Inapplicable ;
; module_fault_vector_pin[180] ; Inapplicable ; Inapplicable ; Inapplicable ; Inapplicable ; Inapplicable ; Pass      ; Inapplicable ; Inapplicable ; Pass      ; Pass      ; Inapplicable ; Inapplicable ; Inapplicable ; Inapplicable ; Pass         ; Inapplicable ; Inapplicable ; Pass         ; Inapplicable ; Inapplicable ; Inapplicable ; Inapplicable ; Inapplicable ; Inapplicable ; Inapplicable ; Inapplicable ; Inapplicable ; Pass      ; Inapplicable ; Inapplicable ;
; module_fault_vector_pin[181] ; Inapplicable ; Inapplicable ; Inapplicable ; Inapplicable ; Inapplicable ; Pass      ; Inapplicable ; Inapplicable ; Pass      ; Pass      ; Inapplicable ; Inapplicable ; Inapplicable ; Inapplicable ; Pass         ; Inapplicable ; Inapplicable ; Pass         ; Inapplicable ; Inapplicable ; Inapplicable ; Inapplicable ; Inapplicable ; Inapplicable ; Inapplicable ; Inapplicable ; Inapplicable ; Pass      ; Inapplicable ; Inapplicable ;
; module_fault_vector_pin[182] ; Inapplicable ; Inapplicable ; Inapplicable ; Inapplicable ; Inapplicable ; Pass      ; Inapplicable ; Inapplicable ; Pass      ; Pass      ; Inapplicable ; Inapplicable ; Inapplicable ; Inapplicable ; Pass         ; Inapplicable ; Inapplicable ; Pass         ; Inapplicable ; Inapplicable ; Inapplicable ; Inapplicable ; Inapplicable ; Inapplicable ; Inapplicable ; Inapplicable ; Inapplicable ; Pass      ; Inapplicable ; Inapplicable ;
; module_fault_vector_pin[167] ; Inapplicable ; Inapplicable ; Inapplicable ; Inapplicable ; Inapplicable ; Pass      ; Inapplicable ; Inapplicable ; Pass      ; Pass      ; Inapplicable ; Inapplicable ; Inapplicable ; Inapplicable ; Pass         ; Inapplicable ; Inapplicable ; Pass         ; Inapplicable ; Inapplicable ; Inapplicable ; Inapplicable ; Inapplicable ; Inapplicable ; Inapplicable ; Inapplicable ; Inapplicable ; Pass      ; Inapplicable ; Inapplicable ;
; module_fault_vector_pin[168] ; Inapplicable ; Inapplicable ; Inapplicable ; Inapplicable ; Inapplicable ; Pass      ; Inapplicable ; Inapplicable ; Pass      ; Pass      ; Inapplicable ; Inapplicable ; Inapplicable ; Inapplicable ; Pass         ; Inapplicable ; Inapplicable ; Pass         ; Inapplicable ; Inapplicable ; Inapplicable ; Inapplicable ; Inapplicable ; Inapplicable ; Inapplicable ; Inapplicable ; Inapplicable ; Pass      ; Inapplicable ; Inapplicable ;
; module_fault_vector_pin[169] ; Inapplicable ; Inapplicable ; Inapplicable ; Inapplicable ; Inapplicable ; Pass      ; Inapplicable ; Inapplicable ; Pass      ; Pass      ; Inapplicable ; Inapplicable ; Inapplicable ; Inapplicable ; Pass         ; Inapplicable ; Inapplicable ; Pass         ; Inapplicable ; Inapplicable ; Inapplicable ; Inapplicable ; Inapplicable ; Inapplicable ; Inapplicable ; Inapplicable ; Inapplicable ; Pass      ; Inapplicable ; Inapplicable ;
; module_fault_vector_pin[170] ; Inapplicable ; Inapplicable ; Inapplicable ; Inapplicable ; Inapplicable ; Pass      ; Inapplicable ; Inapplicable ; Pass      ; Pass      ; Inapplicable ; Inapplicable ; Inapplicable ; Inapplicable ; Pass         ; Inapplicable ; Inapplicable ; Pass         ; Inapplicable ; Inapplicable ; Inapplicable ; Inapplicable ; Inapplicable ; Inapplicable ; Inapplicable ; Inapplicable ; Inapplicable ; Pass      ; Inapplicable ; Inapplicable ;
; module_fault_vector_pin[171] ; Inapplicable ; Inapplicable ; Inapplicable ; Inapplicable ; Inapplicable ; Pass      ; Inapplicable ; Inapplicable ; Pass      ; Pass      ; Inapplicable ; Inapplicable ; Inapplicable ; Inapplicable ; Pass         ; Inapplicable ; Inapplicable ; Pass         ; Inapplicable ; Inapplicable ; Inapplicable ; Inapplicable ; Inapplicable ; Inapplicable ; Inapplicable ; Inapplicable ; Inapplicable ; Pass      ; Inapplicable ; Inapplicable ;
; module_fault_vector_pin[172] ; Inapplicable ; Inapplicable ; Inapplicable ; Inapplicable ; Inapplicable ; Pass      ; Inapplicable ; Inapplicable ; Pass      ; Pass      ; Inapplicable ; Inapplicable ; Inapplicable ; Inapplicable ; Pass         ; Inapplicable ; Inapplicable ; Pass         ; Inapplicable ; Inapplicable ; Inapplicable ; Inapplicable ; Inapplicable ; Inapplicable ; Inapplicable ; Inapplicable ; Inapplicable ; Pass      ; Inapplicable ; Inapplicable ;
; module_fault_vector_pin[173] ; Inapplicable ; Inapplicable ; Inapplicable ; Inapplicable ; Inapplicable ; Pass      ; Inapplicable ; Inapplicable ; Pass      ; Pass      ; Inapplicable ; Inapplicable ; Inapplicable ; Inapplicable ; Pass         ; Inapplicable ; Inapplicable ; Pass         ; Inapplicable ; Inapplicable ; Inapplicable ; Inapplicable ; Inapplicable ; Inapplicable ; Inapplicable ; Inapplicable ; Inapplicable ; Pass      ; Inapplicable ; Inapplicable ;
; module_fault_vector_pin[174] ; Inapplicable ; Inapplicable ; Inapplicable ; Inapplicable ; Inapplicable ; Pass      ; Inapplicable ; Inapplicable ; Pass      ; Pass      ; Inapplicable ; Inapplicable ; Inapplicable ; Inapplicable ; Pass         ; Inapplicable ; Inapplicable ; Pass         ; Inapplicable ; Inapplicable ; Inapplicable ; Inapplicable ; Inapplicable ; Inapplicable ; Inapplicable ; Inapplicable ; Inapplicable ; Pass      ; Inapplicable ; Inapplicable ;
; module_fault_vector_pin[159] ; Inapplicable ; Inapplicable ; Inapplicable ; Inapplicable ; Inapplicable ; Pass      ; Inapplicable ; Inapplicable ; Pass      ; Pass      ; Inapplicable ; Inapplicable ; Inapplicable ; Inapplicable ; Pass         ; Inapplicable ; Inapplicable ; Pass         ; Inapplicable ; Inapplicable ; Inapplicable ; Inapplicable ; Inapplicable ; Inapplicable ; Inapplicable ; Inapplicable ; Inapplicable ; Pass      ; Inapplicable ; Inapplicable ;
; module_fault_vector_pin[160] ; Inapplicable ; Inapplicable ; Inapplicable ; Inapplicable ; Inapplicable ; Pass      ; Inapplicable ; Inapplicable ; Pass      ; Pass      ; Inapplicable ; Inapplicable ; Inapplicable ; Inapplicable ; Pass         ; Inapplicable ; Inapplicable ; Pass         ; Inapplicable ; Inapplicable ; Inapplicable ; Inapplicable ; Inapplicable ; Inapplicable ; Inapplicable ; Inapplicable ; Inapplicable ; Pass      ; Inapplicable ; Inapplicable ;
; module_fault_vector_pin[161] ; Inapplicable ; Inapplicable ; Inapplicable ; Inapplicable ; Inapplicable ; Pass      ; Inapplicable ; Inapplicable ; Pass      ; Pass      ; Inapplicable ; Inapplicable ; Inapplicable ; Inapplicable ; Pass         ; Inapplicable ; Inapplicable ; Pass         ; Inapplicable ; Inapplicable ; Inapplicable ; Inapplicable ; Inapplicable ; Inapplicable ; Inapplicable ; Inapplicable ; Inapplicable ; Pass      ; Inapplicable ; Inapplicable ;
; module_fault_vector_pin[162] ; Inapplicable ; Inapplicable ; Inapplicable ; Inapplicable ; Inapplicable ; Pass      ; Inapplicable ; Inapplicable ; Pass      ; Pass      ; Inapplicable ; Inapplicable ; Inapplicable ; Inapplicable ; Pass         ; Inapplicable ; Inapplicable ; Pass         ; Inapplicable ; Inapplicable ; Inapplicable ; Inapplicable ; Inapplicable ; Inapplicable ; Inapplicable ; Inapplicable ; Inapplicable ; Pass      ; Inapplicable ; Inapplicable ;
; module_fault_vector_pin[163] ; Inapplicable ; Inapplicable ; Inapplicable ; Inapplicable ; Inapplicable ; Pass      ; Inapplicable ; Inapplicable ; Pass      ; Pass      ; Inapplicable ; Inapplicable ; Inapplicable ; Inapplicable ; Pass         ; Inapplicable ; Inapplicable ; Pass         ; Inapplicable ; Inapplicable ; Inapplicable ; Inapplicable ; Inapplicable ; Inapplicable ; Inapplicable ; Inapplicable ; Inapplicable ; Pass      ; Inapplicable ; Inapplicable ;
; module_fault_vector_pin[164] ; Inapplicable ; Inapplicable ; Inapplicable ; Inapplicable ; Inapplicable ; Pass      ; Inapplicable ; Inapplicable ; Pass      ; Pass      ; Inapplicable ; Inapplicable ; Inapplicable ; Inapplicable ; Pass         ; Inapplicable ; Inapplicable ; Pass         ; Inapplicable ; Inapplicable ; Inapplicable ; Inapplicable ; Inapplicable ; Inapplicable ; Inapplicable ; Inapplicable ; Inapplicable ; Pass      ; Inapplicable ; Inapplicable ;
; module_fault_vector_pin[165] ; Inapplicable ; Inapplicable ; Inapplicable ; Inapplicable ; Inapplicable ; Pass      ; Inapplicable ; Inapplicable ; Pass      ; Pass      ; Inapplicable ; Inapplicable ; Inapplicable ; Inapplicable ; Pass         ; Inapplicable ; Inapplicable ; Pass         ; Inapplicable ; Inapplicable ; Inapplicable ; Inapplicable ; Inapplicable ; Inapplicable ; Inapplicable ; Inapplicable ; Inapplicable ; Pass      ; Inapplicable ; Inapplicable ;
; module_fault_vector_pin[166] ; Inapplicable ; Inapplicable ; Inapplicable ; Inapplicable ; Inapplicable ; Pass      ; Inapplicable ; Inapplicable ; Pass      ; Pass      ; Inapplicable ; Inapplicable ; Inapplicable ; Inapplicable ; Pass         ; Inapplicable ; Inapplicable ; Pass         ; Inapplicable ; Inapplicable ; Inapplicable ; Inapplicable ; Inapplicable ; Inapplicable ; Inapplicable ; Inapplicable ; Inapplicable ; Pass      ; Inapplicable ; Inapplicable ;
; module_fault_vector_pin[151] ; Inapplicable ; Inapplicable ; Inapplicable ; Inapplicable ; Inapplicable ; Pass      ; Inapplicable ; Inapplicable ; Pass      ; Pass      ; Inapplicable ; Inapplicable ; Inapplicable ; Inapplicable ; Pass         ; Inapplicable ; Inapplicable ; Pass         ; Inapplicable ; Inapplicable ; Inapplicable ; Inapplicable ; Inapplicable ; Inapplicable ; Inapplicable ; Inapplicable ; Inapplicable ; Pass      ; Inapplicable ; Inapplicable ;
; module_fault_vector_pin[152] ; Inapplicable ; Inapplicable ; Inapplicable ; Inapplicable ; Inapplicable ; Pass      ; Inapplicable ; Inapplicable ; Pass      ; Pass      ; Inapplicable ; Inapplicable ; Inapplicable ; Inapplicable ; Pass         ; Inapplicable ; Inapplicable ; Pass         ; Inapplicable ; Inapplicable ; Inapplicable ; Inapplicable ; Inapplicable ; Inapplicable ; Inapplicable ; Inapplicable ; Inapplicable ; Pass      ; Inapplicable ; Inapplicable ;
; module_fault_vector_pin[153] ; Inapplicable ; Inapplicable ; Inapplicable ; Inapplicable ; Inapplicable ; Pass      ; Inapplicable ; Inapplicable ; Pass      ; Pass      ; Inapplicable ; Inapplicable ; Inapplicable ; Inapplicable ; Pass         ; Inapplicable ; Inapplicable ; Pass         ; Inapplicable ; Inapplicable ; Inapplicable ; Inapplicable ; Inapplicable ; Inapplicable ; Inapplicable ; Inapplicable ; Inapplicable ; Pass      ; Inapplicable ; Inapplicable ;
; module_fault_vector_pin[154] ; Inapplicable ; Inapplicable ; Inapplicable ; Inapplicable ; Inapplicable ; Pass      ; Inapplicable ; Inapplicable ; Pass      ; Pass      ; Inapplicable ; Inapplicable ; Inapplicable ; Inapplicable ; Pass         ; Inapplicable ; Inapplicable ; Pass         ; Inapplicable ; Inapplicable ; Inapplicable ; Inapplicable ; Inapplicable ; Inapplicable ; Inapplicable ; Inapplicable ; Inapplicable ; Pass      ; Inapplicable ; Inapplicable ;
; module_fault_vector_pin[155] ; Inapplicable ; Inapplicable ; Inapplicable ; Inapplicable ; Inapplicable ; Pass      ; Inapplicable ; Inapplicable ; Pass      ; Pass      ; Inapplicable ; Inapplicable ; Inapplicable ; Inapplicable ; Pass         ; Inapplicable ; Inapplicable ; Pass         ; Inapplicable ; Inapplicable ; Inapplicable ; Inapplicable ; Inapplicable ; Inapplicable ; Inapplicable ; Inapplicable ; Inapplicable ; Pass      ; Inapplicable ; Inapplicable ;
; module_fault_vector_pin[156] ; Inapplicable ; Inapplicable ; Inapplicable ; Inapplicable ; Inapplicable ; Pass      ; Inapplicable ; Inapplicable ; Pass      ; Pass      ; Inapplicable ; Inapplicable ; Inapplicable ; Inapplicable ; Pass         ; Inapplicable ; Inapplicable ; Pass         ; Inapplicable ; Inapplicable ; Inapplicable ; Inapplicable ; Inapplicable ; Inapplicable ; Inapplicable ; Inapplicable ; Inapplicable ; Pass      ; Inapplicable ; Inapplicable ;
; module_fault_vector_pin[157] ; Inapplicable ; Inapplicable ; Inapplicable ; Inapplicable ; Inapplicable ; Pass      ; Inapplicable ; Inapplicable ; Pass      ; Pass      ; Inapplicable ; Inapplicable ; Inapplicable ; Inapplicable ; Pass         ; Inapplicable ; Inapplicable ; Pass         ; Inapplicable ; Inapplicable ; Inapplicable ; Inapplicable ; Inapplicable ; Inapplicable ; Inapplicable ; Inapplicable ; Inapplicable ; Pass      ; Inapplicable ; Inapplicable ;
; module_fault_vector_pin[158] ; Inapplicable ; Inapplicable ; Inapplicable ; Inapplicable ; Inapplicable ; Pass      ; Inapplicable ; Inapplicable ; Pass      ; Pass      ; Inapplicable ; Inapplicable ; Inapplicable ; Inapplicable ; Pass         ; Inapplicable ; Inapplicable ; Pass         ; Inapplicable ; Inapplicable ; Inapplicable ; Inapplicable ; Inapplicable ; Inapplicable ; Inapplicable ; Inapplicable ; Inapplicable ; Pass      ; Inapplicable ; Inapplicable ;
; module_fault_vector_pin[143] ; Inapplicable ; Inapplicable ; Inapplicable ; Inapplicable ; Inapplicable ; Pass      ; Inapplicable ; Inapplicable ; Pass      ; Pass      ; Inapplicable ; Inapplicable ; Inapplicable ; Inapplicable ; Pass         ; Inapplicable ; Inapplicable ; Pass         ; Inapplicable ; Inapplicable ; Inapplicable ; Inapplicable ; Inapplicable ; Inapplicable ; Inapplicable ; Inapplicable ; Inapplicable ; Pass      ; Inapplicable ; Inapplicable ;
; module_fault_vector_pin[144] ; Inapplicable ; Inapplicable ; Inapplicable ; Inapplicable ; Inapplicable ; Pass      ; Inapplicable ; Inapplicable ; Pass      ; Pass      ; Inapplicable ; Inapplicable ; Inapplicable ; Inapplicable ; Pass         ; Inapplicable ; Inapplicable ; Pass         ; Inapplicable ; Inapplicable ; Inapplicable ; Inapplicable ; Inapplicable ; Inapplicable ; Inapplicable ; Inapplicable ; Inapplicable ; Pass      ; Inapplicable ; Inapplicable ;
; module_fault_vector_pin[145] ; Inapplicable ; Inapplicable ; Inapplicable ; Inapplicable ; Inapplicable ; Pass      ; Inapplicable ; Inapplicable ; Pass      ; Pass      ; Inapplicable ; Inapplicable ; Inapplicable ; Inapplicable ; Pass         ; Inapplicable ; Inapplicable ; Pass         ; Inapplicable ; Inapplicable ; Inapplicable ; Inapplicable ; Inapplicable ; Inapplicable ; Inapplicable ; Inapplicable ; Inapplicable ; Pass      ; Inapplicable ; Inapplicable ;
; module_fault_vector_pin[146] ; Inapplicable ; Inapplicable ; Inapplicable ; Inapplicable ; Inapplicable ; Pass      ; Inapplicable ; Inapplicable ; Pass      ; Pass      ; Inapplicable ; Inapplicable ; Inapplicable ; Inapplicable ; Pass         ; Inapplicable ; Inapplicable ; Pass         ; Inapplicable ; Inapplicable ; Inapplicable ; Inapplicable ; Inapplicable ; Inapplicable ; Inapplicable ; Inapplicable ; Inapplicable ; Pass      ; Inapplicable ; Inapplicable ;
; module_fault_vector_pin[147] ; Inapplicable ; Inapplicable ; Inapplicable ; Inapplicable ; Inapplicable ; Pass      ; Inapplicable ; Inapplicable ; Pass      ; Pass      ; Inapplicable ; Inapplicable ; Inapplicable ; Inapplicable ; Pass         ; Inapplicable ; Inapplicable ; Pass         ; Inapplicable ; Inapplicable ; Inapplicable ; Inapplicable ; Inapplicable ; Inapplicable ; Inapplicable ; Inapplicable ; Inapplicable ; Pass      ; Inapplicable ; Inapplicable ;
; module_fault_vector_pin[148] ; Inapplicable ; Inapplicable ; Inapplicable ; Inapplicable ; Inapplicable ; Pass      ; Inapplicable ; Inapplicable ; Pass      ; Pass      ; Inapplicable ; Inapplicable ; Inapplicable ; Inapplicable ; Pass         ; Inapplicable ; Inapplicable ; Pass         ; Inapplicable ; Inapplicable ; Inapplicable ; Inapplicable ; Inapplicable ; Inapplicable ; Inapplicable ; Inapplicable ; Inapplicable ; Pass      ; Inapplicable ; Inapplicable ;
; module_fault_vector_pin[149] ; Inapplicable ; Inapplicable ; Inapplicable ; Inapplicable ; Inapplicable ; Pass      ; Inapplicable ; Inapplicable ; Pass      ; Pass      ; Inapplicable ; Inapplicable ; Inapplicable ; Inapplicable ; Pass         ; Inapplicable ; Inapplicable ; Pass         ; Inapplicable ; Inapplicable ; Inapplicable ; Inapplicable ; Inapplicable ; Inapplicable ; Inapplicable ; Inapplicable ; Inapplicable ; Pass      ; Inapplicable ; Inapplicable ;
; module_fault_vector_pin[150] ; Inapplicable ; Inapplicable ; Inapplicable ; Inapplicable ; Inapplicable ; Pass      ; Inapplicable ; Inapplicable ; Pass      ; Pass      ; Inapplicable ; Inapplicable ; Inapplicable ; Inapplicable ; Pass         ; Inapplicable ; Inapplicable ; Pass         ; Inapplicable ; Inapplicable ; Inapplicable ; Inapplicable ; Inapplicable ; Inapplicable ; Inapplicable ; Inapplicable ; Inapplicable ; Pass      ; Inapplicable ; Inapplicable ;
; module_fault_vector_pin[135] ; Inapplicable ; Inapplicable ; Inapplicable ; Inapplicable ; Inapplicable ; Pass      ; Inapplicable ; Inapplicable ; Pass      ; Pass      ; Inapplicable ; Inapplicable ; Inapplicable ; Inapplicable ; Pass         ; Inapplicable ; Inapplicable ; Pass         ; Inapplicable ; Inapplicable ; Inapplicable ; Inapplicable ; Inapplicable ; Inapplicable ; Inapplicable ; Inapplicable ; Inapplicable ; Pass      ; Inapplicable ; Inapplicable ;
; module_fault_vector_pin[136] ; Inapplicable ; Inapplicable ; Inapplicable ; Inapplicable ; Inapplicable ; Pass      ; Inapplicable ; Inapplicable ; Pass      ; Pass      ; Inapplicable ; Inapplicable ; Inapplicable ; Inapplicable ; Pass         ; Inapplicable ; Inapplicable ; Pass         ; Inapplicable ; Inapplicable ; Inapplicable ; Inapplicable ; Inapplicable ; Inapplicable ; Inapplicable ; Inapplicable ; Inapplicable ; Pass      ; Inapplicable ; Inapplicable ;
; module_fault_vector_pin[137] ; Inapplicable ; Inapplicable ; Inapplicable ; Inapplicable ; Inapplicable ; Pass      ; Inapplicable ; Inapplicable ; Pass      ; Pass      ; Inapplicable ; Inapplicable ; Inapplicable ; Inapplicable ; Pass         ; Inapplicable ; Inapplicable ; Pass         ; Inapplicable ; Inapplicable ; Inapplicable ; Inapplicable ; Inapplicable ; Inapplicable ; Inapplicable ; Inapplicable ; Inapplicable ; Pass      ; Inapplicable ; Inapplicable ;
; module_fault_vector_pin[138] ; Inapplicable ; Inapplicable ; Inapplicable ; Inapplicable ; Inapplicable ; Pass      ; Inapplicable ; Inapplicable ; Pass      ; Pass      ; Inapplicable ; Inapplicable ; Inapplicable ; Inapplicable ; Pass         ; Inapplicable ; Inapplicable ; Pass         ; Inapplicable ; Inapplicable ; Inapplicable ; Inapplicable ; Inapplicable ; Inapplicable ; Inapplicable ; Inapplicable ; Inapplicable ; Pass      ; Inapplicable ; Inapplicable ;
; module_fault_vector_pin[139] ; Inapplicable ; Inapplicable ; Inapplicable ; Inapplicable ; Inapplicable ; Pass      ; Inapplicable ; Inapplicable ; Pass      ; Pass      ; Inapplicable ; Inapplicable ; Inapplicable ; Inapplicable ; Pass         ; Inapplicable ; Inapplicable ; Pass         ; Inapplicable ; Inapplicable ; Inapplicable ; Inapplicable ; Inapplicable ; Inapplicable ; Inapplicable ; Inapplicable ; Inapplicable ; Pass      ; Inapplicable ; Inapplicable ;
; module_fault_vector_pin[140] ; Inapplicable ; Inapplicable ; Inapplicable ; Inapplicable ; Inapplicable ; Pass      ; Inapplicable ; Inapplicable ; Pass      ; Pass      ; Inapplicable ; Inapplicable ; Inapplicable ; Inapplicable ; Pass         ; Inapplicable ; Inapplicable ; Pass         ; Inapplicable ; Inapplicable ; Inapplicable ; Inapplicable ; Inapplicable ; Inapplicable ; Inapplicable ; Inapplicable ; Inapplicable ; Pass      ; Inapplicable ; Inapplicable ;
; module_fault_vector_pin[141] ; Inapplicable ; Inapplicable ; Inapplicable ; Inapplicable ; Inapplicable ; Pass      ; Inapplicable ; Inapplicable ; Pass      ; Pass      ; Inapplicable ; Inapplicable ; Inapplicable ; Inapplicable ; Pass         ; Inapplicable ; Inapplicable ; Pass         ; Inapplicable ; Inapplicable ; Inapplicable ; Inapplicable ; Inapplicable ; Inapplicable ; Inapplicable ; Inapplicable ; Inapplicable ; Pass      ; Inapplicable ; Inapplicable ;
; module_fault_vector_pin[142] ; Inapplicable ; Inapplicable ; Inapplicable ; Inapplicable ; Inapplicable ; Pass      ; Inapplicable ; Inapplicable ; Pass      ; Pass      ; Inapplicable ; Inapplicable ; Inapplicable ; Inapplicable ; Pass         ; Inapplicable ; Inapplicable ; Pass         ; Inapplicable ; Inapplicable ; Inapplicable ; Inapplicable ; Inapplicable ; Inapplicable ; Inapplicable ; Inapplicable ; Inapplicable ; Pass      ; Inapplicable ; Inapplicable ;
; module_fault_vector_pin[127] ; Inapplicable ; Inapplicable ; Inapplicable ; Inapplicable ; Inapplicable ; Pass      ; Inapplicable ; Inapplicable ; Pass      ; Pass      ; Inapplicable ; Inapplicable ; Inapplicable ; Inapplicable ; Pass         ; Inapplicable ; Inapplicable ; Pass         ; Inapplicable ; Inapplicable ; Inapplicable ; Inapplicable ; Inapplicable ; Inapplicable ; Inapplicable ; Inapplicable ; Inapplicable ; Pass      ; Inapplicable ; Inapplicable ;
; module_fault_vector_pin[128] ; Inapplicable ; Inapplicable ; Inapplicable ; Inapplicable ; Inapplicable ; Pass      ; Inapplicable ; Inapplicable ; Pass      ; Pass      ; Inapplicable ; Inapplicable ; Inapplicable ; Inapplicable ; Pass         ; Inapplicable ; Inapplicable ; Pass         ; Inapplicable ; Inapplicable ; Inapplicable ; Inapplicable ; Inapplicable ; Inapplicable ; Inapplicable ; Inapplicable ; Inapplicable ; Pass      ; Inapplicable ; Inapplicable ;
; module_fault_vector_pin[129] ; Inapplicable ; Inapplicable ; Inapplicable ; Inapplicable ; Inapplicable ; Pass      ; Inapplicable ; Inapplicable ; Pass      ; Pass      ; Inapplicable ; Inapplicable ; Inapplicable ; Inapplicable ; Pass         ; Inapplicable ; Inapplicable ; Pass         ; Inapplicable ; Inapplicable ; Inapplicable ; Inapplicable ; Inapplicable ; Inapplicable ; Inapplicable ; Inapplicable ; Inapplicable ; Pass      ; Inapplicable ; Inapplicable ;
; module_fault_vector_pin[130] ; Inapplicable ; Inapplicable ; Inapplicable ; Inapplicable ; Inapplicable ; Pass      ; Inapplicable ; Inapplicable ; Pass      ; Pass      ; Inapplicable ; Inapplicable ; Inapplicable ; Inapplicable ; Pass         ; Inapplicable ; Inapplicable ; Pass         ; Inapplicable ; Inapplicable ; Inapplicable ; Inapplicable ; Inapplicable ; Inapplicable ; Inapplicable ; Inapplicable ; Inapplicable ; Pass      ; Inapplicable ; Inapplicable ;
; module_fault_vector_pin[131] ; Inapplicable ; Inapplicable ; Inapplicable ; Inapplicable ; Inapplicable ; Pass      ; Inapplicable ; Inapplicable ; Pass      ; Pass      ; Inapplicable ; Inapplicable ; Inapplicable ; Inapplicable ; Pass         ; Inapplicable ; Inapplicable ; Pass         ; Inapplicable ; Inapplicable ; Inapplicable ; Inapplicable ; Inapplicable ; Inapplicable ; Inapplicable ; Inapplicable ; Inapplicable ; Pass      ; Inapplicable ; Inapplicable ;
; module_fault_vector_pin[132] ; Inapplicable ; Inapplicable ; Inapplicable ; Inapplicable ; Inapplicable ; Pass      ; Inapplicable ; Inapplicable ; Pass      ; Pass      ; Inapplicable ; Inapplicable ; Inapplicable ; Inapplicable ; Pass         ; Inapplicable ; Inapplicable ; Pass         ; Inapplicable ; Inapplicable ; Inapplicable ; Inapplicable ; Inapplicable ; Inapplicable ; Inapplicable ; Inapplicable ; Inapplicable ; Pass      ; Inapplicable ; Inapplicable ;
; module_fault_vector_pin[133] ; Inapplicable ; Inapplicable ; Inapplicable ; Inapplicable ; Inapplicable ; Pass      ; Inapplicable ; Inapplicable ; Pass      ; Pass      ; Inapplicable ; Inapplicable ; Inapplicable ; Inapplicable ; Pass         ; Inapplicable ; Inapplicable ; Pass         ; Inapplicable ; Inapplicable ; Inapplicable ; Inapplicable ; Inapplicable ; Inapplicable ; Inapplicable ; Inapplicable ; Inapplicable ; Pass      ; Inapplicable ; Inapplicable ;
; module_fault_vector_pin[134] ; Inapplicable ; Inapplicable ; Inapplicable ; Inapplicable ; Inapplicable ; Pass      ; Inapplicable ; Inapplicable ; Pass      ; Pass      ; Inapplicable ; Inapplicable ; Inapplicable ; Inapplicable ; Pass         ; Inapplicable ; Inapplicable ; Pass         ; Inapplicable ; Inapplicable ; Inapplicable ; Inapplicable ; Inapplicable ; Inapplicable ; Inapplicable ; Inapplicable ; Inapplicable ; Pass      ; Inapplicable ; Inapplicable ;
; module_fault_vector_pin[125] ; Inapplicable ; Inapplicable ; Inapplicable ; Inapplicable ; Inapplicable ; Pass      ; Inapplicable ; Inapplicable ; Pass      ; Pass      ; Inapplicable ; Inapplicable ; Inapplicable ; Inapplicable ; Pass         ; Inapplicable ; Inapplicable ; Pass         ; Inapplicable ; Inapplicable ; Inapplicable ; Inapplicable ; Inapplicable ; Inapplicable ; Inapplicable ; Inapplicable ; Inapplicable ; Pass      ; Inapplicable ; Inapplicable ;
; module_fault_vector_pin[126] ; Inapplicable ; Inapplicable ; Inapplicable ; Inapplicable ; Inapplicable ; Pass      ; Inapplicable ; Inapplicable ; Pass      ; Pass      ; Inapplicable ; Inapplicable ; Inapplicable ; Inapplicable ; Pass         ; Inapplicable ; Inapplicable ; Pass         ; Inapplicable ; Inapplicable ; Inapplicable ; Inapplicable ; Inapplicable ; Inapplicable ; Inapplicable ; Inapplicable ; Inapplicable ; Pass      ; Inapplicable ; Inapplicable ;
; module_fault_vector_pin[119] ; Inapplicable ; Inapplicable ; Inapplicable ; Inapplicable ; Inapplicable ; Pass      ; Inapplicable ; Inapplicable ; Pass      ; Pass      ; Inapplicable ; Inapplicable ; Inapplicable ; Inapplicable ; Pass         ; Inapplicable ; Inapplicable ; Pass         ; Inapplicable ; Inapplicable ; Inapplicable ; Inapplicable ; Inapplicable ; Inapplicable ; Inapplicable ; Inapplicable ; Inapplicable ; Pass      ; Inapplicable ; Inapplicable ;
; module_fault_vector_pin[120] ; Inapplicable ; Inapplicable ; Inapplicable ; Inapplicable ; Inapplicable ; Pass      ; Inapplicable ; Inapplicable ; Pass      ; Pass      ; Inapplicable ; Inapplicable ; Inapplicable ; Inapplicable ; Pass         ; Inapplicable ; Inapplicable ; Pass         ; Inapplicable ; Inapplicable ; Inapplicable ; Inapplicable ; Inapplicable ; Inapplicable ; Inapplicable ; Inapplicable ; Inapplicable ; Pass      ; Inapplicable ; Inapplicable ;
; module_fault_vector_pin[121] ; Inapplicable ; Inapplicable ; Inapplicable ; Inapplicable ; Inapplicable ; Pass      ; Inapplicable ; Inapplicable ; Pass      ; Pass      ; Inapplicable ; Inapplicable ; Inapplicable ; Inapplicable ; Pass         ; Inapplicable ; Inapplicable ; Pass         ; Inapplicable ; Inapplicable ; Inapplicable ; Inapplicable ; Inapplicable ; Inapplicable ; Inapplicable ; Inapplicable ; Inapplicable ; Pass      ; Inapplicable ; Inapplicable ;
; module_fault_vector_pin[122] ; Inapplicable ; Inapplicable ; Inapplicable ; Inapplicable ; Inapplicable ; Pass      ; Inapplicable ; Inapplicable ; Pass      ; Pass      ; Inapplicable ; Inapplicable ; Inapplicable ; Inapplicable ; Pass         ; Inapplicable ; Inapplicable ; Pass         ; Inapplicable ; Inapplicable ; Inapplicable ; Inapplicable ; Inapplicable ; Inapplicable ; Inapplicable ; Inapplicable ; Inapplicable ; Pass      ; Inapplicable ; Inapplicable ;
; module_fault_vector_pin[123] ; Inapplicable ; Inapplicable ; Inapplicable ; Inapplicable ; Inapplicable ; Pass      ; Inapplicable ; Inapplicable ; Pass      ; Pass      ; Inapplicable ; Inapplicable ; Inapplicable ; Inapplicable ; Pass         ; Inapplicable ; Inapplicable ; Pass         ; Inapplicable ; Inapplicable ; Inapplicable ; Inapplicable ; Inapplicable ; Inapplicable ; Inapplicable ; Inapplicable ; Inapplicable ; Pass      ; Inapplicable ; Inapplicable ;
; module_fault_vector_pin[124] ; Inapplicable ; Inapplicable ; Inapplicable ; Inapplicable ; Inapplicable ; Pass      ; Inapplicable ; Inapplicable ; Pass      ; Pass      ; Inapplicable ; Inapplicable ; Inapplicable ; Inapplicable ; Pass         ; Inapplicable ; Inapplicable ; Pass         ; Inapplicable ; Inapplicable ; Inapplicable ; Inapplicable ; Inapplicable ; Inapplicable ; Inapplicable ; Inapplicable ; Inapplicable ; Pass      ; Inapplicable ; Inapplicable ;
; module_fault_vector_pin[111] ; Inapplicable ; Inapplicable ; Inapplicable ; Inapplicable ; Inapplicable ; Pass      ; Inapplicable ; Inapplicable ; Pass      ; Pass      ; Inapplicable ; Inapplicable ; Inapplicable ; Inapplicable ; Pass         ; Inapplicable ; Inapplicable ; Pass         ; Inapplicable ; Inapplicable ; Inapplicable ; Inapplicable ; Inapplicable ; Inapplicable ; Inapplicable ; Inapplicable ; Inapplicable ; Pass      ; Inapplicable ; Inapplicable ;
; module_fault_vector_pin[112] ; Inapplicable ; Inapplicable ; Inapplicable ; Inapplicable ; Inapplicable ; Pass      ; Inapplicable ; Inapplicable ; Pass      ; Pass      ; Inapplicable ; Inapplicable ; Inapplicable ; Inapplicable ; Pass         ; Inapplicable ; Inapplicable ; Pass         ; Inapplicable ; Inapplicable ; Inapplicable ; Inapplicable ; Inapplicable ; Inapplicable ; Inapplicable ; Inapplicable ; Inapplicable ; Pass      ; Inapplicable ; Inapplicable ;
; module_fault_vector_pin[113] ; Inapplicable ; Inapplicable ; Inapplicable ; Inapplicable ; Inapplicable ; Pass      ; Inapplicable ; Inapplicable ; Pass      ; Pass      ; Inapplicable ; Inapplicable ; Inapplicable ; Inapplicable ; Pass         ; Inapplicable ; Inapplicable ; Pass         ; Inapplicable ; Inapplicable ; Inapplicable ; Inapplicable ; Inapplicable ; Inapplicable ; Inapplicable ; Inapplicable ; Inapplicable ; Pass      ; Inapplicable ; Inapplicable ;
; module_fault_vector_pin[114] ; Inapplicable ; Inapplicable ; Inapplicable ; Inapplicable ; Inapplicable ; Pass      ; Inapplicable ; Inapplicable ; Pass      ; Pass      ; Inapplicable ; Inapplicable ; Inapplicable ; Inapplicable ; Pass         ; Inapplicable ; Inapplicable ; Pass         ; Inapplicable ; Inapplicable ; Inapplicable ; Inapplicable ; Inapplicable ; Inapplicable ; Inapplicable ; Inapplicable ; Inapplicable ; Pass      ; Inapplicable ; Inapplicable ;
; module_fault_vector_pin[115] ; Inapplicable ; Inapplicable ; Inapplicable ; Inapplicable ; Inapplicable ; Pass      ; Inapplicable ; Inapplicable ; Pass      ; Pass      ; Inapplicable ; Inapplicable ; Inapplicable ; Inapplicable ; Pass         ; Inapplicable ; Inapplicable ; Pass         ; Inapplicable ; Inapplicable ; Inapplicable ; Inapplicable ; Inapplicable ; Inapplicable ; Inapplicable ; Inapplicable ; Inapplicable ; Pass      ; Inapplicable ; Inapplicable ;
; module_fault_vector_pin[116] ; Inapplicable ; Inapplicable ; Inapplicable ; Inapplicable ; Inapplicable ; Pass      ; Inapplicable ; Inapplicable ; Pass      ; Pass      ; Inapplicable ; Inapplicable ; Inapplicable ; Inapplicable ; Pass         ; Inapplicable ; Inapplicable ; Pass         ; Inapplicable ; Inapplicable ; Inapplicable ; Inapplicable ; Inapplicable ; Inapplicable ; Inapplicable ; Inapplicable ; Inapplicable ; Pass      ; Inapplicable ; Inapplicable ;
; module_fault_vector_pin[117] ; Inapplicable ; Inapplicable ; Inapplicable ; Inapplicable ; Inapplicable ; Pass      ; Inapplicable ; Inapplicable ; Pass      ; Pass      ; Inapplicable ; Inapplicable ; Inapplicable ; Inapplicable ; Pass         ; Inapplicable ; Inapplicable ; Pass         ; Inapplicable ; Inapplicable ; Inapplicable ; Inapplicable ; Inapplicable ; Inapplicable ; Inapplicable ; Inapplicable ; Inapplicable ; Pass      ; Inapplicable ; Inapplicable ;
; module_fault_vector_pin[118] ; Inapplicable ; Inapplicable ; Inapplicable ; Inapplicable ; Inapplicable ; Pass      ; Inapplicable ; Inapplicable ; Pass      ; Pass      ; Inapplicable ; Inapplicable ; Inapplicable ; Inapplicable ; Pass         ; Inapplicable ; Inapplicable ; Pass         ; Inapplicable ; Inapplicable ; Inapplicable ; Inapplicable ; Inapplicable ; Inapplicable ; Inapplicable ; Inapplicable ; Inapplicable ; Pass      ; Inapplicable ; Inapplicable ;
; module_fault_vector_pin[103] ; Inapplicable ; Inapplicable ; Inapplicable ; Inapplicable ; Inapplicable ; Pass      ; Inapplicable ; Inapplicable ; Pass      ; Pass      ; Inapplicable ; Inapplicable ; Inapplicable ; Inapplicable ; Pass         ; Inapplicable ; Inapplicable ; Pass         ; Inapplicable ; Inapplicable ; Inapplicable ; Inapplicable ; Inapplicable ; Inapplicable ; Inapplicable ; Inapplicable ; Inapplicable ; Pass      ; Inapplicable ; Inapplicable ;
; module_fault_vector_pin[104] ; Inapplicable ; Inapplicable ; Inapplicable ; Inapplicable ; Inapplicable ; Pass      ; Inapplicable ; Inapplicable ; Pass      ; Pass      ; Inapplicable ; Inapplicable ; Inapplicable ; Inapplicable ; Pass         ; Inapplicable ; Inapplicable ; Pass         ; Inapplicable ; Inapplicable ; Inapplicable ; Inapplicable ; Inapplicable ; Inapplicable ; Inapplicable ; Inapplicable ; Inapplicable ; Pass      ; Inapplicable ; Inapplicable ;
; module_fault_vector_pin[105] ; Inapplicable ; Inapplicable ; Inapplicable ; Inapplicable ; Inapplicable ; Pass      ; Inapplicable ; Inapplicable ; Pass      ; Pass      ; Inapplicable ; Inapplicable ; Inapplicable ; Inapplicable ; Pass         ; Inapplicable ; Inapplicable ; Pass         ; Inapplicable ; Inapplicable ; Inapplicable ; Inapplicable ; Inapplicable ; Inapplicable ; Inapplicable ; Inapplicable ; Inapplicable ; Pass      ; Inapplicable ; Inapplicable ;
; module_fault_vector_pin[106] ; Inapplicable ; Inapplicable ; Inapplicable ; Inapplicable ; Inapplicable ; Pass      ; Inapplicable ; Inapplicable ; Pass      ; Pass      ; Inapplicable ; Inapplicable ; Inapplicable ; Inapplicable ; Pass         ; Inapplicable ; Inapplicable ; Pass         ; Inapplicable ; Inapplicable ; Inapplicable ; Inapplicable ; Inapplicable ; Inapplicable ; Inapplicable ; Inapplicable ; Inapplicable ; Pass      ; Inapplicable ; Inapplicable ;
; module_fault_vector_pin[107] ; Inapplicable ; Inapplicable ; Inapplicable ; Inapplicable ; Inapplicable ; Pass      ; Inapplicable ; Inapplicable ; Pass      ; Pass      ; Inapplicable ; Inapplicable ; Inapplicable ; Inapplicable ; Pass         ; Inapplicable ; Inapplicable ; Pass         ; Inapplicable ; Inapplicable ; Inapplicable ; Inapplicable ; Inapplicable ; Inapplicable ; Inapplicable ; Inapplicable ; Inapplicable ; Pass      ; Inapplicable ; Inapplicable ;
; module_fault_vector_pin[108] ; Inapplicable ; Inapplicable ; Inapplicable ; Inapplicable ; Inapplicable ; Pass      ; Inapplicable ; Inapplicable ; Pass      ; Pass      ; Inapplicable ; Inapplicable ; Inapplicable ; Inapplicable ; Pass         ; Inapplicable ; Inapplicable ; Pass         ; Inapplicable ; Inapplicable ; Inapplicable ; Inapplicable ; Inapplicable ; Inapplicable ; Inapplicable ; Inapplicable ; Inapplicable ; Pass      ; Inapplicable ; Inapplicable ;
; module_fault_vector_pin[109] ; Inapplicable ; Inapplicable ; Inapplicable ; Inapplicable ; Inapplicable ; Pass      ; Inapplicable ; Inapplicable ; Pass      ; Pass      ; Inapplicable ; Inapplicable ; Inapplicable ; Inapplicable ; Pass         ; Inapplicable ; Inapplicable ; Pass         ; Inapplicable ; Inapplicable ; Inapplicable ; Inapplicable ; Inapplicable ; Inapplicable ; Inapplicable ; Inapplicable ; Inapplicable ; Pass      ; Inapplicable ; Inapplicable ;
; module_fault_vector_pin[110] ; Inapplicable ; Inapplicable ; Inapplicable ; Inapplicable ; Inapplicable ; Pass      ; Inapplicable ; Inapplicable ; Pass      ; Pass      ; Inapplicable ; Inapplicable ; Inapplicable ; Inapplicable ; Pass         ; Inapplicable ; Inapplicable ; Pass         ; Inapplicable ; Inapplicable ; Inapplicable ; Inapplicable ; Inapplicable ; Inapplicable ; Inapplicable ; Inapplicable ; Inapplicable ; Pass      ; Inapplicable ; Inapplicable ;
; module_fault_vector_pin[95]  ; Inapplicable ; Inapplicable ; Inapplicable ; Inapplicable ; Inapplicable ; Pass      ; Inapplicable ; Inapplicable ; Pass      ; Pass      ; Inapplicable ; Inapplicable ; Inapplicable ; Inapplicable ; Pass         ; Inapplicable ; Inapplicable ; Pass         ; Inapplicable ; Inapplicable ; Inapplicable ; Inapplicable ; Inapplicable ; Inapplicable ; Inapplicable ; Inapplicable ; Inapplicable ; Pass      ; Inapplicable ; Inapplicable ;
; module_fault_vector_pin[96]  ; Inapplicable ; Inapplicable ; Inapplicable ; Inapplicable ; Inapplicable ; Pass      ; Inapplicable ; Inapplicable ; Pass      ; Pass      ; Inapplicable ; Inapplicable ; Inapplicable ; Inapplicable ; Pass         ; Inapplicable ; Inapplicable ; Pass         ; Inapplicable ; Inapplicable ; Inapplicable ; Inapplicable ; Inapplicable ; Inapplicable ; Inapplicable ; Inapplicable ; Inapplicable ; Pass      ; Inapplicable ; Inapplicable ;
; module_fault_vector_pin[97]  ; Inapplicable ; Inapplicable ; Inapplicable ; Inapplicable ; Inapplicable ; Pass      ; Inapplicable ; Inapplicable ; Pass      ; Pass      ; Inapplicable ; Inapplicable ; Inapplicable ; Inapplicable ; Pass         ; Inapplicable ; Inapplicable ; Pass         ; Inapplicable ; Inapplicable ; Inapplicable ; Inapplicable ; Inapplicable ; Inapplicable ; Inapplicable ; Inapplicable ; Inapplicable ; Pass      ; Inapplicable ; Inapplicable ;
; module_fault_vector_pin[98]  ; Inapplicable ; Inapplicable ; Inapplicable ; Inapplicable ; Inapplicable ; Pass      ; Inapplicable ; Inapplicable ; Pass      ; Pass      ; Inapplicable ; Inapplicable ; Inapplicable ; Inapplicable ; Pass         ; Inapplicable ; Inapplicable ; Pass         ; Inapplicable ; Inapplicable ; Inapplicable ; Inapplicable ; Inapplicable ; Inapplicable ; Inapplicable ; Inapplicable ; Inapplicable ; Pass      ; Inapplicable ; Inapplicable ;
; module_fault_vector_pin[99]  ; Inapplicable ; Inapplicable ; Inapplicable ; Inapplicable ; Inapplicable ; Pass      ; Inapplicable ; Inapplicable ; Pass      ; Pass      ; Inapplicable ; Inapplicable ; Inapplicable ; Inapplicable ; Pass         ; Inapplicable ; Inapplicable ; Pass         ; Inapplicable ; Inapplicable ; Inapplicable ; Inapplicable ; Inapplicable ; Inapplicable ; Inapplicable ; Inapplicable ; Inapplicable ; Pass      ; Inapplicable ; Inapplicable ;
; module_fault_vector_pin[100] ; Inapplicable ; Inapplicable ; Inapplicable ; Inapplicable ; Inapplicable ; Pass      ; Inapplicable ; Inapplicable ; Pass      ; Pass      ; Inapplicable ; Inapplicable ; Inapplicable ; Inapplicable ; Pass         ; Inapplicable ; Inapplicable ; Pass         ; Inapplicable ; Inapplicable ; Inapplicable ; Inapplicable ; Inapplicable ; Inapplicable ; Inapplicable ; Inapplicable ; Inapplicable ; Pass      ; Inapplicable ; Inapplicable ;
; module_fault_vector_pin[101] ; Inapplicable ; Inapplicable ; Inapplicable ; Inapplicable ; Inapplicable ; Pass      ; Inapplicable ; Inapplicable ; Pass      ; Pass      ; Inapplicable ; Inapplicable ; Inapplicable ; Inapplicable ; Pass         ; Inapplicable ; Inapplicable ; Pass         ; Inapplicable ; Inapplicable ; Inapplicable ; Inapplicable ; Inapplicable ; Inapplicable ; Inapplicable ; Inapplicable ; Inapplicable ; Pass      ; Inapplicable ; Inapplicable ;
; module_fault_vector_pin[102] ; Inapplicable ; Inapplicable ; Inapplicable ; Inapplicable ; Inapplicable ; Pass      ; Inapplicable ; Inapplicable ; Pass      ; Pass      ; Inapplicable ; Inapplicable ; Inapplicable ; Inapplicable ; Pass         ; Inapplicable ; Inapplicable ; Pass         ; Inapplicable ; Inapplicable ; Inapplicable ; Inapplicable ; Inapplicable ; Inapplicable ; Inapplicable ; Inapplicable ; Inapplicable ; Pass      ; Inapplicable ; Inapplicable ;
; module_fault_vector_pin[87]  ; Inapplicable ; Inapplicable ; Inapplicable ; Inapplicable ; Inapplicable ; Pass      ; Inapplicable ; Inapplicable ; Pass      ; Pass      ; Inapplicable ; Inapplicable ; Inapplicable ; Inapplicable ; Pass         ; Inapplicable ; Inapplicable ; Pass         ; Inapplicable ; Inapplicable ; Inapplicable ; Inapplicable ; Inapplicable ; Inapplicable ; Inapplicable ; Inapplicable ; Inapplicable ; Pass      ; Inapplicable ; Inapplicable ;
; module_fault_vector_pin[88]  ; Inapplicable ; Inapplicable ; Inapplicable ; Inapplicable ; Inapplicable ; Pass      ; Inapplicable ; Inapplicable ; Pass      ; Pass      ; Inapplicable ; Inapplicable ; Inapplicable ; Inapplicable ; Pass         ; Inapplicable ; Inapplicable ; Pass         ; Inapplicable ; Inapplicable ; Inapplicable ; Inapplicable ; Inapplicable ; Inapplicable ; Inapplicable ; Inapplicable ; Inapplicable ; Pass      ; Inapplicable ; Inapplicable ;
; module_fault_vector_pin[89]  ; Inapplicable ; Inapplicable ; Inapplicable ; Inapplicable ; Inapplicable ; Pass      ; Inapplicable ; Inapplicable ; Pass      ; Pass      ; Inapplicable ; Inapplicable ; Inapplicable ; Inapplicable ; Pass         ; Inapplicable ; Inapplicable ; Pass         ; Inapplicable ; Inapplicable ; Inapplicable ; Inapplicable ; Inapplicable ; Inapplicable ; Inapplicable ; Inapplicable ; Inapplicable ; Pass      ; Inapplicable ; Inapplicable ;
; module_fault_vector_pin[90]  ; Inapplicable ; Inapplicable ; Inapplicable ; Inapplicable ; Inapplicable ; Pass      ; Inapplicable ; Inapplicable ; Pass      ; Pass      ; Inapplicable ; Inapplicable ; Inapplicable ; Inapplicable ; Pass         ; Inapplicable ; Inapplicable ; Pass         ; Inapplicable ; Inapplicable ; Inapplicable ; Inapplicable ; Inapplicable ; Inapplicable ; Inapplicable ; Inapplicable ; Inapplicable ; Pass      ; Inapplicable ; Inapplicable ;
; module_fault_vector_pin[91]  ; Inapplicable ; Inapplicable ; Inapplicable ; Inapplicable ; Inapplicable ; Pass      ; Inapplicable ; Inapplicable ; Pass      ; Pass      ; Inapplicable ; Inapplicable ; Inapplicable ; Inapplicable ; Pass         ; Inapplicable ; Inapplicable ; Pass         ; Inapplicable ; Inapplicable ; Inapplicable ; Inapplicable ; Inapplicable ; Inapplicable ; Inapplicable ; Inapplicable ; Inapplicable ; Pass      ; Inapplicable ; Inapplicable ;
; module_fault_vector_pin[92]  ; Inapplicable ; Inapplicable ; Inapplicable ; Inapplicable ; Inapplicable ; Pass      ; Inapplicable ; Inapplicable ; Pass      ; Pass      ; Inapplicable ; Inapplicable ; Inapplicable ; Inapplicable ; Pass         ; Inapplicable ; Inapplicable ; Pass         ; Inapplicable ; Inapplicable ; Inapplicable ; Inapplicable ; Inapplicable ; Inapplicable ; Inapplicable ; Inapplicable ; Inapplicable ; Pass      ; Inapplicable ; Inapplicable ;
; module_fault_vector_pin[93]  ; Inapplicable ; Inapplicable ; Inapplicable ; Inapplicable ; Inapplicable ; Pass      ; Inapplicable ; Inapplicable ; Pass      ; Pass      ; Inapplicable ; Inapplicable ; Inapplicable ; Inapplicable ; Pass         ; Inapplicable ; Inapplicable ; Pass         ; Inapplicable ; Inapplicable ; Inapplicable ; Inapplicable ; Inapplicable ; Inapplicable ; Inapplicable ; Inapplicable ; Inapplicable ; Pass      ; Inapplicable ; Inapplicable ;
; module_fault_vector_pin[94]  ; Inapplicable ; Inapplicable ; Inapplicable ; Inapplicable ; Inapplicable ; Pass      ; Inapplicable ; Inapplicable ; Pass      ; Pass      ; Inapplicable ; Inapplicable ; Inapplicable ; Inapplicable ; Pass         ; Inapplicable ; Inapplicable ; Pass         ; Inapplicable ; Inapplicable ; Inapplicable ; Inapplicable ; Inapplicable ; Inapplicable ; Inapplicable ; Inapplicable ; Inapplicable ; Pass      ; Inapplicable ; Inapplicable ;
; module_fault_vector_pin[79]  ; Inapplicable ; Inapplicable ; Inapplicable ; Inapplicable ; Inapplicable ; Pass      ; Inapplicable ; Inapplicable ; Pass      ; Pass      ; Inapplicable ; Inapplicable ; Inapplicable ; Inapplicable ; Pass         ; Inapplicable ; Inapplicable ; Pass         ; Inapplicable ; Inapplicable ; Inapplicable ; Inapplicable ; Inapplicable ; Inapplicable ; Inapplicable ; Inapplicable ; Inapplicable ; Pass      ; Inapplicable ; Inapplicable ;
; module_fault_vector_pin[80]  ; Inapplicable ; Inapplicable ; Inapplicable ; Inapplicable ; Inapplicable ; Pass      ; Inapplicable ; Inapplicable ; Pass      ; Pass      ; Inapplicable ; Inapplicable ; Inapplicable ; Inapplicable ; Pass         ; Inapplicable ; Inapplicable ; Pass         ; Inapplicable ; Inapplicable ; Inapplicable ; Inapplicable ; Inapplicable ; Inapplicable ; Inapplicable ; Inapplicable ; Inapplicable ; Pass      ; Inapplicable ; Inapplicable ;
; module_fault_vector_pin[81]  ; Inapplicable ; Inapplicable ; Inapplicable ; Inapplicable ; Inapplicable ; Pass      ; Inapplicable ; Inapplicable ; Pass      ; Pass      ; Inapplicable ; Inapplicable ; Inapplicable ; Inapplicable ; Pass         ; Inapplicable ; Inapplicable ; Pass         ; Inapplicable ; Inapplicable ; Inapplicable ; Inapplicable ; Inapplicable ; Inapplicable ; Inapplicable ; Inapplicable ; Inapplicable ; Pass      ; Inapplicable ; Inapplicable ;
; module_fault_vector_pin[82]  ; Inapplicable ; Inapplicable ; Inapplicable ; Inapplicable ; Inapplicable ; Pass      ; Inapplicable ; Inapplicable ; Pass      ; Pass      ; Inapplicable ; Inapplicable ; Inapplicable ; Inapplicable ; Pass         ; Inapplicable ; Inapplicable ; Pass         ; Inapplicable ; Inapplicable ; Inapplicable ; Inapplicable ; Inapplicable ; Inapplicable ; Inapplicable ; Inapplicable ; Inapplicable ; Pass      ; Inapplicable ; Inapplicable ;
; module_fault_vector_pin[83]  ; Inapplicable ; Inapplicable ; Inapplicable ; Inapplicable ; Inapplicable ; Pass      ; Inapplicable ; Inapplicable ; Pass      ; Pass      ; Inapplicable ; Inapplicable ; Inapplicable ; Inapplicable ; Pass         ; Inapplicable ; Inapplicable ; Pass         ; Inapplicable ; Inapplicable ; Inapplicable ; Inapplicable ; Inapplicable ; Inapplicable ; Inapplicable ; Inapplicable ; Inapplicable ; Pass      ; Inapplicable ; Inapplicable ;
; module_fault_vector_pin[84]  ; Inapplicable ; Inapplicable ; Inapplicable ; Inapplicable ; Inapplicable ; Pass      ; Inapplicable ; Inapplicable ; Pass      ; Pass      ; Inapplicable ; Inapplicable ; Inapplicable ; Inapplicable ; Pass         ; Inapplicable ; Inapplicable ; Pass         ; Inapplicable ; Inapplicable ; Inapplicable ; Inapplicable ; Inapplicable ; Inapplicable ; Inapplicable ; Inapplicable ; Inapplicable ; Pass      ; Inapplicable ; Inapplicable ;
; module_fault_vector_pin[85]  ; Inapplicable ; Inapplicable ; Inapplicable ; Inapplicable ; Inapplicable ; Pass      ; Inapplicable ; Inapplicable ; Pass      ; Pass      ; Inapplicable ; Inapplicable ; Inapplicable ; Inapplicable ; Pass         ; Inapplicable ; Inapplicable ; Pass         ; Inapplicable ; Inapplicable ; Inapplicable ; Inapplicable ; Inapplicable ; Inapplicable ; Inapplicable ; Inapplicable ; Inapplicable ; Pass      ; Inapplicable ; Inapplicable ;
; module_fault_vector_pin[86]  ; Inapplicable ; Inapplicable ; Inapplicable ; Inapplicable ; Inapplicable ; Pass      ; Inapplicable ; Inapplicable ; Pass      ; Pass      ; Inapplicable ; Inapplicable ; Inapplicable ; Inapplicable ; Pass         ; Inapplicable ; Inapplicable ; Pass         ; Inapplicable ; Inapplicable ; Inapplicable ; Inapplicable ; Inapplicable ; Inapplicable ; Inapplicable ; Inapplicable ; Inapplicable ; Pass      ; Inapplicable ; Inapplicable ;
; module_fault_vector_pin[71]  ; Inapplicable ; Inapplicable ; Inapplicable ; Inapplicable ; Inapplicable ; Pass      ; Inapplicable ; Inapplicable ; Pass      ; Pass      ; Inapplicable ; Inapplicable ; Inapplicable ; Inapplicable ; Pass         ; Inapplicable ; Inapplicable ; Pass         ; Inapplicable ; Inapplicable ; Inapplicable ; Inapplicable ; Inapplicable ; Inapplicable ; Inapplicable ; Inapplicable ; Inapplicable ; Pass      ; Inapplicable ; Inapplicable ;
; module_fault_vector_pin[72]  ; Inapplicable ; Inapplicable ; Inapplicable ; Inapplicable ; Inapplicable ; Pass      ; Inapplicable ; Inapplicable ; Pass      ; Pass      ; Inapplicable ; Inapplicable ; Inapplicable ; Inapplicable ; Pass         ; Inapplicable ; Inapplicable ; Pass         ; Inapplicable ; Inapplicable ; Inapplicable ; Inapplicable ; Inapplicable ; Inapplicable ; Inapplicable ; Inapplicable ; Inapplicable ; Pass      ; Inapplicable ; Inapplicable ;
; module_fault_vector_pin[73]  ; Inapplicable ; Inapplicable ; Inapplicable ; Inapplicable ; Inapplicable ; Pass      ; Inapplicable ; Inapplicable ; Pass      ; Pass      ; Inapplicable ; Inapplicable ; Inapplicable ; Inapplicable ; Pass         ; Inapplicable ; Inapplicable ; Pass         ; Inapplicable ; Inapplicable ; Inapplicable ; Inapplicable ; Inapplicable ; Inapplicable ; Inapplicable ; Inapplicable ; Inapplicable ; Pass      ; Inapplicable ; Inapplicable ;
; module_fault_vector_pin[74]  ; Inapplicable ; Inapplicable ; Inapplicable ; Inapplicable ; Inapplicable ; Pass      ; Inapplicable ; Inapplicable ; Pass      ; Pass      ; Inapplicable ; Inapplicable ; Inapplicable ; Inapplicable ; Pass         ; Inapplicable ; Inapplicable ; Pass         ; Inapplicable ; Inapplicable ; Inapplicable ; Inapplicable ; Inapplicable ; Inapplicable ; Inapplicable ; Inapplicable ; Inapplicable ; Pass      ; Inapplicable ; Inapplicable ;
; module_fault_vector_pin[75]  ; Inapplicable ; Inapplicable ; Inapplicable ; Inapplicable ; Inapplicable ; Pass      ; Inapplicable ; Inapplicable ; Pass      ; Pass      ; Inapplicable ; Inapplicable ; Inapplicable ; Inapplicable ; Pass         ; Inapplicable ; Inapplicable ; Pass         ; Inapplicable ; Inapplicable ; Inapplicable ; Inapplicable ; Inapplicable ; Inapplicable ; Inapplicable ; Inapplicable ; Inapplicable ; Pass      ; Inapplicable ; Inapplicable ;
; module_fault_vector_pin[76]  ; Inapplicable ; Inapplicable ; Inapplicable ; Inapplicable ; Inapplicable ; Pass      ; Inapplicable ; Inapplicable ; Pass      ; Pass      ; Inapplicable ; Inapplicable ; Inapplicable ; Inapplicable ; Pass         ; Inapplicable ; Inapplicable ; Pass         ; Inapplicable ; Inapplicable ; Inapplicable ; Inapplicable ; Inapplicable ; Inapplicable ; Inapplicable ; Inapplicable ; Inapplicable ; Pass      ; Inapplicable ; Inapplicable ;
; module_fault_vector_pin[77]  ; Inapplicable ; Inapplicable ; Inapplicable ; Inapplicable ; Inapplicable ; Pass      ; Inapplicable ; Inapplicable ; Pass      ; Pass      ; Inapplicable ; Inapplicable ; Inapplicable ; Inapplicable ; Pass         ; Inapplicable ; Inapplicable ; Pass         ; Inapplicable ; Inapplicable ; Inapplicable ; Inapplicable ; Inapplicable ; Inapplicable ; Inapplicable ; Inapplicable ; Inapplicable ; Pass      ; Inapplicable ; Inapplicable ;
; module_fault_vector_pin[78]  ; Inapplicable ; Inapplicable ; Inapplicable ; Inapplicable ; Inapplicable ; Pass      ; Inapplicable ; Inapplicable ; Pass      ; Pass      ; Inapplicable ; Inapplicable ; Inapplicable ; Inapplicable ; Pass         ; Inapplicable ; Inapplicable ; Pass         ; Inapplicable ; Inapplicable ; Inapplicable ; Inapplicable ; Inapplicable ; Inapplicable ; Inapplicable ; Inapplicable ; Inapplicable ; Pass      ; Inapplicable ; Inapplicable ;
; module_fault_vector_pin[63]  ; Inapplicable ; Inapplicable ; Inapplicable ; Inapplicable ; Inapplicable ; Pass      ; Inapplicable ; Inapplicable ; Pass      ; Pass      ; Inapplicable ; Inapplicable ; Inapplicable ; Inapplicable ; Pass         ; Inapplicable ; Inapplicable ; Pass         ; Inapplicable ; Inapplicable ; Inapplicable ; Inapplicable ; Inapplicable ; Inapplicable ; Inapplicable ; Inapplicable ; Inapplicable ; Pass      ; Inapplicable ; Inapplicable ;
; module_fault_vector_pin[64]  ; Inapplicable ; Inapplicable ; Inapplicable ; Inapplicable ; Inapplicable ; Pass      ; Inapplicable ; Inapplicable ; Pass      ; Pass      ; Inapplicable ; Inapplicable ; Inapplicable ; Inapplicable ; Pass         ; Inapplicable ; Inapplicable ; Pass         ; Inapplicable ; Inapplicable ; Inapplicable ; Inapplicable ; Inapplicable ; Inapplicable ; Inapplicable ; Inapplicable ; Inapplicable ; Pass      ; Inapplicable ; Inapplicable ;
; module_fault_vector_pin[65]  ; Inapplicable ; Inapplicable ; Inapplicable ; Inapplicable ; Inapplicable ; Pass      ; Inapplicable ; Inapplicable ; Pass      ; Pass      ; Inapplicable ; Inapplicable ; Inapplicable ; Inapplicable ; Pass         ; Inapplicable ; Inapplicable ; Pass         ; Inapplicable ; Inapplicable ; Inapplicable ; Inapplicable ; Inapplicable ; Inapplicable ; Inapplicable ; Inapplicable ; Inapplicable ; Pass      ; Inapplicable ; Inapplicable ;
; module_fault_vector_pin[66]  ; Inapplicable ; Inapplicable ; Inapplicable ; Inapplicable ; Inapplicable ; Pass      ; Inapplicable ; Inapplicable ; Pass      ; Pass      ; Inapplicable ; Inapplicable ; Inapplicable ; Inapplicable ; Pass         ; Inapplicable ; Inapplicable ; Pass         ; Inapplicable ; Inapplicable ; Inapplicable ; Inapplicable ; Inapplicable ; Inapplicable ; Inapplicable ; Inapplicable ; Inapplicable ; Pass      ; Inapplicable ; Inapplicable ;
; module_fault_vector_pin[67]  ; Inapplicable ; Inapplicable ; Inapplicable ; Inapplicable ; Inapplicable ; Pass      ; Inapplicable ; Inapplicable ; Pass      ; Pass      ; Inapplicable ; Inapplicable ; Inapplicable ; Inapplicable ; Pass         ; Inapplicable ; Inapplicable ; Pass         ; Inapplicable ; Inapplicable ; Inapplicable ; Inapplicable ; Inapplicable ; Inapplicable ; Inapplicable ; Inapplicable ; Inapplicable ; Pass      ; Inapplicable ; Inapplicable ;
; module_fault_vector_pin[68]  ; Inapplicable ; Inapplicable ; Inapplicable ; Inapplicable ; Inapplicable ; Pass      ; Inapplicable ; Inapplicable ; Pass      ; Pass      ; Inapplicable ; Inapplicable ; Inapplicable ; Inapplicable ; Pass         ; Inapplicable ; Inapplicable ; Pass         ; Inapplicable ; Inapplicable ; Inapplicable ; Inapplicable ; Inapplicable ; Inapplicable ; Inapplicable ; Inapplicable ; Inapplicable ; Pass      ; Inapplicable ; Inapplicable ;
; module_fault_vector_pin[69]  ; Inapplicable ; Inapplicable ; Inapplicable ; Inapplicable ; Inapplicable ; Pass      ; Inapplicable ; Inapplicable ; Pass      ; Pass      ; Inapplicable ; Inapplicable ; Inapplicable ; Inapplicable ; Pass         ; Inapplicable ; Inapplicable ; Pass         ; Inapplicable ; Inapplicable ; Inapplicable ; Inapplicable ; Inapplicable ; Inapplicable ; Inapplicable ; Inapplicable ; Inapplicable ; Pass      ; Inapplicable ; Inapplicable ;
; module_fault_vector_pin[70]  ; Inapplicable ; Inapplicable ; Inapplicable ; Inapplicable ; Inapplicable ; Pass      ; Inapplicable ; Inapplicable ; Pass      ; Pass      ; Inapplicable ; Inapplicable ; Inapplicable ; Inapplicable ; Pass         ; Inapplicable ; Inapplicable ; Pass         ; Inapplicable ; Inapplicable ; Inapplicable ; Inapplicable ; Inapplicable ; Inapplicable ; Inapplicable ; Inapplicable ; Inapplicable ; Pass      ; Inapplicable ; Inapplicable ;
; module_fault_vector_pin[61]  ; Inapplicable ; Inapplicable ; Inapplicable ; Inapplicable ; Inapplicable ; Pass      ; Inapplicable ; Inapplicable ; Pass      ; Pass      ; Inapplicable ; Inapplicable ; Inapplicable ; Inapplicable ; Pass         ; Inapplicable ; Inapplicable ; Pass         ; Inapplicable ; Inapplicable ; Inapplicable ; Inapplicable ; Inapplicable ; Inapplicable ; Inapplicable ; Inapplicable ; Inapplicable ; Pass      ; Inapplicable ; Inapplicable ;
; module_fault_vector_pin[62]  ; Inapplicable ; Inapplicable ; Inapplicable ; Inapplicable ; Inapplicable ; Pass      ; Inapplicable ; Inapplicable ; Pass      ; Pass      ; Inapplicable ; Inapplicable ; Inapplicable ; Inapplicable ; Pass         ; Inapplicable ; Inapplicable ; Pass         ; Inapplicable ; Inapplicable ; Inapplicable ; Inapplicable ; Inapplicable ; Inapplicable ; Inapplicable ; Inapplicable ; Inapplicable ; Pass      ; Inapplicable ; Inapplicable ;
; module_fault_vector_pin[39]  ; Inapplicable ; Inapplicable ; Inapplicable ; Inapplicable ; Inapplicable ; Pass      ; Inapplicable ; Inapplicable ; Pass      ; Pass      ; Inapplicable ; Inapplicable ; Inapplicable ; Inapplicable ; Pass         ; Inapplicable ; Inapplicable ; Pass         ; Inapplicable ; Inapplicable ; Inapplicable ; Inapplicable ; Inapplicable ; Inapplicable ; Inapplicable ; Inapplicable ; Inapplicable ; Pass      ; Inapplicable ; Inapplicable ;
; module_fault_vector_pin[40]  ; Inapplicable ; Inapplicable ; Inapplicable ; Inapplicable ; Inapplicable ; Pass      ; Inapplicable ; Inapplicable ; Pass      ; Pass      ; Inapplicable ; Inapplicable ; Inapplicable ; Inapplicable ; Pass         ; Inapplicable ; Inapplicable ; Pass         ; Inapplicable ; Inapplicable ; Inapplicable ; Inapplicable ; Inapplicable ; Inapplicable ; Inapplicable ; Inapplicable ; Inapplicable ; Pass      ; Inapplicable ; Inapplicable ;
; module_fault_vector_pin[41]  ; Inapplicable ; Inapplicable ; Inapplicable ; Inapplicable ; Inapplicable ; Pass      ; Inapplicable ; Inapplicable ; Pass      ; Pass      ; Inapplicable ; Inapplicable ; Inapplicable ; Inapplicable ; Pass         ; Inapplicable ; Inapplicable ; Pass         ; Inapplicable ; Inapplicable ; Inapplicable ; Inapplicable ; Inapplicable ; Inapplicable ; Inapplicable ; Inapplicable ; Inapplicable ; Pass      ; Inapplicable ; Inapplicable ;
; module_fault_vector_pin[42]  ; Inapplicable ; Inapplicable ; Inapplicable ; Inapplicable ; Inapplicable ; Pass      ; Inapplicable ; Inapplicable ; Pass      ; Pass      ; Inapplicable ; Inapplicable ; Inapplicable ; Inapplicable ; Pass         ; Inapplicable ; Inapplicable ; Pass         ; Inapplicable ; Inapplicable ; Inapplicable ; Inapplicable ; Inapplicable ; Inapplicable ; Inapplicable ; Inapplicable ; Inapplicable ; Pass      ; Inapplicable ; Inapplicable ;
; module_fault_vector_pin[43]  ; Inapplicable ; Inapplicable ; Inapplicable ; Inapplicable ; Inapplicable ; Pass      ; Inapplicable ; Inapplicable ; Pass      ; Pass      ; Inapplicable ; Inapplicable ; Inapplicable ; Inapplicable ; Pass         ; Inapplicable ; Inapplicable ; Pass         ; Inapplicable ; Inapplicable ; Inapplicable ; Inapplicable ; Inapplicable ; Inapplicable ; Inapplicable ; Inapplicable ; Inapplicable ; Pass      ; Inapplicable ; Inapplicable ;
; module_fault_vector_pin[44]  ; Inapplicable ; Inapplicable ; Inapplicable ; Inapplicable ; Inapplicable ; Pass      ; Inapplicable ; Inapplicable ; Pass      ; Pass      ; Inapplicable ; Inapplicable ; Inapplicable ; Inapplicable ; Pass         ; Inapplicable ; Inapplicable ; Pass         ; Inapplicable ; Inapplicable ; Inapplicable ; Inapplicable ; Inapplicable ; Inapplicable ; Inapplicable ; Inapplicable ; Inapplicable ; Pass      ; Inapplicable ; Inapplicable ;
; module_fault_vector_pin[45]  ; Inapplicable ; Inapplicable ; Inapplicable ; Inapplicable ; Inapplicable ; Pass      ; Inapplicable ; Inapplicable ; Pass      ; Pass      ; Inapplicable ; Inapplicable ; Inapplicable ; Inapplicable ; Pass         ; Inapplicable ; Inapplicable ; Pass         ; Inapplicable ; Inapplicable ; Inapplicable ; Inapplicable ; Inapplicable ; Inapplicable ; Inapplicable ; Inapplicable ; Inapplicable ; Pass      ; Inapplicable ; Inapplicable ;
; module_fault_vector_pin[46]  ; Inapplicable ; Inapplicable ; Inapplicable ; Inapplicable ; Inapplicable ; Pass      ; Inapplicable ; Inapplicable ; Pass      ; Pass      ; Inapplicable ; Inapplicable ; Inapplicable ; Inapplicable ; Pass         ; Inapplicable ; Inapplicable ; Pass         ; Inapplicable ; Inapplicable ; Inapplicable ; Inapplicable ; Inapplicable ; Inapplicable ; Inapplicable ; Inapplicable ; Inapplicable ; Pass      ; Inapplicable ; Inapplicable ;
; module_fault_vector_pin[31]  ; Inapplicable ; Inapplicable ; Inapplicable ; Inapplicable ; Inapplicable ; Pass      ; Inapplicable ; Inapplicable ; Pass      ; Pass      ; Inapplicable ; Inapplicable ; Inapplicable ; Inapplicable ; Pass         ; Inapplicable ; Inapplicable ; Pass         ; Inapplicable ; Inapplicable ; Inapplicable ; Inapplicable ; Inapplicable ; Inapplicable ; Inapplicable ; Inapplicable ; Inapplicable ; Pass      ; Inapplicable ; Inapplicable ;
; module_fault_vector_pin[32]  ; Inapplicable ; Inapplicable ; Inapplicable ; Inapplicable ; Inapplicable ; Pass      ; Inapplicable ; Inapplicable ; Pass      ; Pass      ; Inapplicable ; Inapplicable ; Inapplicable ; Inapplicable ; Pass         ; Inapplicable ; Inapplicable ; Pass         ; Inapplicable ; Inapplicable ; Inapplicable ; Inapplicable ; Inapplicable ; Inapplicable ; Inapplicable ; Inapplicable ; Inapplicable ; Pass      ; Inapplicable ; Inapplicable ;
; module_fault_vector_pin[33]  ; Inapplicable ; Inapplicable ; Inapplicable ; Inapplicable ; Inapplicable ; Pass      ; Inapplicable ; Inapplicable ; Pass      ; Pass      ; Inapplicable ; Inapplicable ; Inapplicable ; Inapplicable ; Pass         ; Inapplicable ; Inapplicable ; Pass         ; Inapplicable ; Inapplicable ; Inapplicable ; Inapplicable ; Inapplicable ; Inapplicable ; Inapplicable ; Inapplicable ; Inapplicable ; Pass      ; Inapplicable ; Inapplicable ;
; module_fault_vector_pin[34]  ; Inapplicable ; Inapplicable ; Inapplicable ; Inapplicable ; Inapplicable ; Pass      ; Inapplicable ; Inapplicable ; Pass      ; Pass      ; Inapplicable ; Inapplicable ; Inapplicable ; Inapplicable ; Pass         ; Inapplicable ; Inapplicable ; Pass         ; Inapplicable ; Inapplicable ; Inapplicable ; Inapplicable ; Inapplicable ; Inapplicable ; Inapplicable ; Inapplicable ; Inapplicable ; Pass      ; Inapplicable ; Inapplicable ;
; module_fault_vector_pin[35]  ; Inapplicable ; Inapplicable ; Inapplicable ; Inapplicable ; Inapplicable ; Pass      ; Inapplicable ; Inapplicable ; Pass      ; Pass      ; Inapplicable ; Inapplicable ; Inapplicable ; Inapplicable ; Pass         ; Inapplicable ; Inapplicable ; Pass         ; Inapplicable ; Inapplicable ; Inapplicable ; Inapplicable ; Inapplicable ; Inapplicable ; Inapplicable ; Inapplicable ; Inapplicable ; Pass      ; Inapplicable ; Inapplicable ;
; module_fault_vector_pin[36]  ; Inapplicable ; Inapplicable ; Inapplicable ; Inapplicable ; Inapplicable ; Pass      ; Inapplicable ; Inapplicable ; Pass      ; Pass      ; Inapplicable ; Inapplicable ; Inapplicable ; Inapplicable ; Pass         ; Inapplicable ; Inapplicable ; Pass         ; Inapplicable ; Inapplicable ; Inapplicable ; Inapplicable ; Inapplicable ; Inapplicable ; Inapplicable ; Inapplicable ; Inapplicable ; Pass      ; Inapplicable ; Inapplicable ;
; module_fault_vector_pin[37]  ; Inapplicable ; Inapplicable ; Inapplicable ; Inapplicable ; Inapplicable ; Pass      ; Inapplicable ; Inapplicable ; Pass      ; Pass      ; Inapplicable ; Inapplicable ; Inapplicable ; Inapplicable ; Pass         ; Inapplicable ; Inapplicable ; Pass         ; Inapplicable ; Inapplicable ; Inapplicable ; Inapplicable ; Inapplicable ; Inapplicable ; Inapplicable ; Inapplicable ; Inapplicable ; Pass      ; Inapplicable ; Inapplicable ;
; module_fault_vector_pin[38]  ; Inapplicable ; Inapplicable ; Inapplicable ; Inapplicable ; Inapplicable ; Pass      ; Inapplicable ; Inapplicable ; Pass      ; Pass      ; Inapplicable ; Inapplicable ; Inapplicable ; Inapplicable ; Pass         ; Inapplicable ; Inapplicable ; Pass         ; Inapplicable ; Inapplicable ; Inapplicable ; Inapplicable ; Inapplicable ; Inapplicable ; Inapplicable ; Inapplicable ; Inapplicable ; Pass      ; Inapplicable ; Inapplicable ;
; module_fault_vector_pin[55]  ; Inapplicable ; Inapplicable ; Inapplicable ; Inapplicable ; Inapplicable ; Pass      ; Inapplicable ; Inapplicable ; Pass      ; Pass      ; Inapplicable ; Inapplicable ; Inapplicable ; Inapplicable ; Pass         ; Inapplicable ; Inapplicable ; Pass         ; Inapplicable ; Inapplicable ; Inapplicable ; Inapplicable ; Inapplicable ; Inapplicable ; Inapplicable ; Inapplicable ; Inapplicable ; Pass      ; Inapplicable ; Inapplicable ;
; module_fault_vector_pin[56]  ; Inapplicable ; Inapplicable ; Inapplicable ; Inapplicable ; Inapplicable ; Pass      ; Inapplicable ; Inapplicable ; Pass      ; Pass      ; Inapplicable ; Inapplicable ; Inapplicable ; Inapplicable ; Pass         ; Inapplicable ; Inapplicable ; Pass         ; Inapplicable ; Inapplicable ; Inapplicable ; Inapplicable ; Inapplicable ; Inapplicable ; Inapplicable ; Inapplicable ; Inapplicable ; Pass      ; Inapplicable ; Inapplicable ;
; module_fault_vector_pin[57]  ; Inapplicable ; Inapplicable ; Inapplicable ; Inapplicable ; Inapplicable ; Pass      ; Inapplicable ; Inapplicable ; Pass      ; Pass      ; Inapplicable ; Inapplicable ; Inapplicable ; Inapplicable ; Pass         ; Inapplicable ; Inapplicable ; Pass         ; Inapplicable ; Inapplicable ; Inapplicable ; Inapplicable ; Inapplicable ; Inapplicable ; Inapplicable ; Inapplicable ; Inapplicable ; Pass      ; Inapplicable ; Inapplicable ;
; module_fault_vector_pin[58]  ; Inapplicable ; Inapplicable ; Inapplicable ; Inapplicable ; Inapplicable ; Pass      ; Inapplicable ; Inapplicable ; Pass      ; Pass      ; Inapplicable ; Inapplicable ; Inapplicable ; Inapplicable ; Pass         ; Inapplicable ; Inapplicable ; Pass         ; Inapplicable ; Inapplicable ; Inapplicable ; Inapplicable ; Inapplicable ; Inapplicable ; Inapplicable ; Inapplicable ; Inapplicable ; Pass      ; Inapplicable ; Inapplicable ;
; module_fault_vector_pin[59]  ; Inapplicable ; Inapplicable ; Inapplicable ; Inapplicable ; Inapplicable ; Pass      ; Inapplicable ; Inapplicable ; Pass      ; Pass      ; Inapplicable ; Inapplicable ; Inapplicable ; Inapplicable ; Pass         ; Inapplicable ; Inapplicable ; Pass         ; Inapplicable ; Inapplicable ; Inapplicable ; Inapplicable ; Inapplicable ; Inapplicable ; Inapplicable ; Inapplicable ; Inapplicable ; Pass      ; Inapplicable ; Inapplicable ;
; module_fault_vector_pin[60]  ; Inapplicable ; Inapplicable ; Inapplicable ; Inapplicable ; Inapplicable ; Pass      ; Inapplicable ; Inapplicable ; Pass      ; Pass      ; Inapplicable ; Inapplicable ; Inapplicable ; Inapplicable ; Pass         ; Inapplicable ; Inapplicable ; Pass         ; Inapplicable ; Inapplicable ; Inapplicable ; Inapplicable ; Inapplicable ; Inapplicable ; Inapplicable ; Inapplicable ; Inapplicable ; Pass      ; Inapplicable ; Inapplicable ;
; module_fault_vector_pin[47]  ; Inapplicable ; Inapplicable ; Inapplicable ; Inapplicable ; Inapplicable ; Pass      ; Inapplicable ; Inapplicable ; Pass      ; Pass      ; Inapplicable ; Inapplicable ; Inapplicable ; Inapplicable ; Pass         ; Inapplicable ; Inapplicable ; Pass         ; Inapplicable ; Inapplicable ; Inapplicable ; Inapplicable ; Inapplicable ; Inapplicable ; Inapplicable ; Inapplicable ; Inapplicable ; Pass      ; Inapplicable ; Inapplicable ;
; module_fault_vector_pin[48]  ; Inapplicable ; Inapplicable ; Inapplicable ; Inapplicable ; Inapplicable ; Pass      ; Inapplicable ; Inapplicable ; Pass      ; Pass      ; Inapplicable ; Inapplicable ; Inapplicable ; Inapplicable ; Pass         ; Inapplicable ; Inapplicable ; Pass         ; Inapplicable ; Inapplicable ; Inapplicable ; Inapplicable ; Inapplicable ; Inapplicable ; Inapplicable ; Inapplicable ; Inapplicable ; Pass      ; Inapplicable ; Inapplicable ;
; module_fault_vector_pin[49]  ; Inapplicable ; Inapplicable ; Inapplicable ; Inapplicable ; Inapplicable ; Pass      ; Inapplicable ; Inapplicable ; Pass      ; Pass      ; Inapplicable ; Inapplicable ; Inapplicable ; Inapplicable ; Pass         ; Inapplicable ; Inapplicable ; Pass         ; Inapplicable ; Inapplicable ; Inapplicable ; Inapplicable ; Inapplicable ; Inapplicable ; Inapplicable ; Inapplicable ; Inapplicable ; Pass      ; Inapplicable ; Inapplicable ;
; module_fault_vector_pin[50]  ; Inapplicable ; Inapplicable ; Inapplicable ; Inapplicable ; Inapplicable ; Pass      ; Inapplicable ; Inapplicable ; Pass      ; Pass      ; Inapplicable ; Inapplicable ; Inapplicable ; Inapplicable ; Pass         ; Inapplicable ; Inapplicable ; Pass         ; Inapplicable ; Inapplicable ; Inapplicable ; Inapplicable ; Inapplicable ; Inapplicable ; Inapplicable ; Inapplicable ; Inapplicable ; Pass      ; Inapplicable ; Inapplicable ;
; module_fault_vector_pin[51]  ; Inapplicable ; Inapplicable ; Inapplicable ; Inapplicable ; Inapplicable ; Pass      ; Inapplicable ; Inapplicable ; Pass      ; Pass      ; Inapplicable ; Inapplicable ; Inapplicable ; Inapplicable ; Pass         ; Inapplicable ; Inapplicable ; Pass         ; Inapplicable ; Inapplicable ; Inapplicable ; Inapplicable ; Inapplicable ; Inapplicable ; Inapplicable ; Inapplicable ; Inapplicable ; Pass      ; Inapplicable ; Inapplicable ;
; module_fault_vector_pin[52]  ; Inapplicable ; Inapplicable ; Inapplicable ; Inapplicable ; Inapplicable ; Pass      ; Inapplicable ; Inapplicable ; Pass      ; Pass      ; Inapplicable ; Inapplicable ; Inapplicable ; Inapplicable ; Pass         ; Inapplicable ; Inapplicable ; Pass         ; Inapplicable ; Inapplicable ; Inapplicable ; Inapplicable ; Inapplicable ; Inapplicable ; Inapplicable ; Inapplicable ; Inapplicable ; Pass      ; Inapplicable ; Inapplicable ;
; module_fault_vector_pin[53]  ; Inapplicable ; Inapplicable ; Inapplicable ; Inapplicable ; Inapplicable ; Pass      ; Inapplicable ; Inapplicable ; Pass      ; Pass      ; Inapplicable ; Inapplicable ; Inapplicable ; Inapplicable ; Pass         ; Inapplicable ; Inapplicable ; Pass         ; Inapplicable ; Inapplicable ; Inapplicable ; Inapplicable ; Inapplicable ; Inapplicable ; Inapplicable ; Inapplicable ; Inapplicable ; Pass      ; Inapplicable ; Inapplicable ;
; module_fault_vector_pin[54]  ; Inapplicable ; Inapplicable ; Inapplicable ; Inapplicable ; Inapplicable ; Pass      ; Inapplicable ; Inapplicable ; Pass      ; Pass      ; Inapplicable ; Inapplicable ; Inapplicable ; Inapplicable ; Pass         ; Inapplicable ; Inapplicable ; Pass         ; Inapplicable ; Inapplicable ; Inapplicable ; Inapplicable ; Inapplicable ; Inapplicable ; Inapplicable ; Inapplicable ; Inapplicable ; Pass      ; Inapplicable ; Inapplicable ;
; module_fault_vector_pin[29]  ; Inapplicable ; Inapplicable ; Inapplicable ; Inapplicable ; Inapplicable ; Pass      ; Inapplicable ; Inapplicable ; Pass      ; Pass      ; Inapplicable ; Inapplicable ; Inapplicable ; Inapplicable ; Pass         ; Inapplicable ; Inapplicable ; Pass         ; Inapplicable ; Inapplicable ; Inapplicable ; Inapplicable ; Inapplicable ; Inapplicable ; Inapplicable ; Inapplicable ; Inapplicable ; Pass      ; Inapplicable ; Inapplicable ;
; module_fault_vector_pin[30]  ; Inapplicable ; Inapplicable ; Inapplicable ; Inapplicable ; Inapplicable ; Pass      ; Inapplicable ; Inapplicable ; Pass      ; Pass      ; Inapplicable ; Inapplicable ; Inapplicable ; Inapplicable ; Pass         ; Inapplicable ; Inapplicable ; Pass         ; Inapplicable ; Inapplicable ; Inapplicable ; Inapplicable ; Inapplicable ; Inapplicable ; Inapplicable ; Inapplicable ; Inapplicable ; Pass      ; Inapplicable ; Inapplicable ;
; module_fault_vector_pin[23]  ; Inapplicable ; Inapplicable ; Inapplicable ; Inapplicable ; Inapplicable ; Pass      ; Inapplicable ; Inapplicable ; Pass      ; Pass      ; Inapplicable ; Inapplicable ; Inapplicable ; Inapplicable ; Pass         ; Inapplicable ; Inapplicable ; Pass         ; Inapplicable ; Inapplicable ; Inapplicable ; Inapplicable ; Inapplicable ; Inapplicable ; Inapplicable ; Inapplicable ; Inapplicable ; Pass      ; Inapplicable ; Inapplicable ;
; module_fault_vector_pin[24]  ; Inapplicable ; Inapplicable ; Inapplicable ; Inapplicable ; Inapplicable ; Pass      ; Inapplicable ; Inapplicable ; Pass      ; Pass      ; Inapplicable ; Inapplicable ; Inapplicable ; Inapplicable ; Pass         ; Inapplicable ; Inapplicable ; Pass         ; Inapplicable ; Inapplicable ; Inapplicable ; Inapplicable ; Inapplicable ; Inapplicable ; Inapplicable ; Inapplicable ; Inapplicable ; Pass      ; Inapplicable ; Inapplicable ;
; module_fault_vector_pin[25]  ; Inapplicable ; Inapplicable ; Inapplicable ; Inapplicable ; Inapplicable ; Pass      ; Inapplicable ; Inapplicable ; Pass      ; Pass      ; Inapplicable ; Inapplicable ; Inapplicable ; Inapplicable ; Pass         ; Inapplicable ; Inapplicable ; Pass         ; Inapplicable ; Inapplicable ; Inapplicable ; Inapplicable ; Inapplicable ; Inapplicable ; Inapplicable ; Inapplicable ; Inapplicable ; Pass      ; Inapplicable ; Inapplicable ;
; module_fault_vector_pin[26]  ; Inapplicable ; Inapplicable ; Inapplicable ; Inapplicable ; Inapplicable ; Pass      ; Inapplicable ; Inapplicable ; Pass      ; Pass      ; Inapplicable ; Inapplicable ; Inapplicable ; Inapplicable ; Pass         ; Inapplicable ; Inapplicable ; Pass         ; Inapplicable ; Inapplicable ; Inapplicable ; Inapplicable ; Inapplicable ; Inapplicable ; Inapplicable ; Inapplicable ; Inapplicable ; Pass      ; Inapplicable ; Inapplicable ;
; module_fault_vector_pin[27]  ; Inapplicable ; Inapplicable ; Inapplicable ; Inapplicable ; Inapplicable ; Pass      ; Inapplicable ; Inapplicable ; Pass      ; Pass      ; Inapplicable ; Inapplicable ; Inapplicable ; Inapplicable ; Pass         ; Inapplicable ; Inapplicable ; Pass         ; Inapplicable ; Inapplicable ; Inapplicable ; Inapplicable ; Inapplicable ; Inapplicable ; Inapplicable ; Inapplicable ; Inapplicable ; Pass      ; Inapplicable ; Inapplicable ;
; module_fault_vector_pin[28]  ; Inapplicable ; Inapplicable ; Inapplicable ; Inapplicable ; Inapplicable ; Pass      ; Inapplicable ; Inapplicable ; Pass      ; Pass      ; Inapplicable ; Inapplicable ; Inapplicable ; Inapplicable ; Pass         ; Inapplicable ; Inapplicable ; Pass         ; Inapplicable ; Inapplicable ; Inapplicable ; Inapplicable ; Inapplicable ; Inapplicable ; Inapplicable ; Inapplicable ; Inapplicable ; Pass      ; Inapplicable ; Inapplicable ;
; module_fault_vector_pin[15]  ; Inapplicable ; Inapplicable ; Inapplicable ; Inapplicable ; Inapplicable ; Pass      ; Inapplicable ; Inapplicable ; Pass      ; Pass      ; Inapplicable ; Inapplicable ; Inapplicable ; Inapplicable ; Pass         ; Inapplicable ; Inapplicable ; Pass         ; Inapplicable ; Inapplicable ; Inapplicable ; Inapplicable ; Inapplicable ; Inapplicable ; Inapplicable ; Inapplicable ; Inapplicable ; Pass      ; Inapplicable ; Inapplicable ;
; module_fault_vector_pin[16]  ; Inapplicable ; Inapplicable ; Inapplicable ; Inapplicable ; Inapplicable ; Pass      ; Inapplicable ; Inapplicable ; Pass      ; Pass      ; Inapplicable ; Inapplicable ; Inapplicable ; Inapplicable ; Pass         ; Inapplicable ; Inapplicable ; Pass         ; Inapplicable ; Inapplicable ; Inapplicable ; Inapplicable ; Inapplicable ; Inapplicable ; Inapplicable ; Inapplicable ; Inapplicable ; Pass      ; Inapplicable ; Inapplicable ;
; module_fault_vector_pin[17]  ; Inapplicable ; Inapplicable ; Inapplicable ; Inapplicable ; Inapplicable ; Pass      ; Inapplicable ; Inapplicable ; Pass      ; Pass      ; Inapplicable ; Inapplicable ; Inapplicable ; Inapplicable ; Pass         ; Inapplicable ; Inapplicable ; Pass         ; Inapplicable ; Inapplicable ; Inapplicable ; Inapplicable ; Inapplicable ; Inapplicable ; Inapplicable ; Inapplicable ; Inapplicable ; Pass      ; Inapplicable ; Inapplicable ;
; module_fault_vector_pin[18]  ; Inapplicable ; Inapplicable ; Inapplicable ; Inapplicable ; Inapplicable ; Pass      ; Inapplicable ; Inapplicable ; Pass      ; Pass      ; Inapplicable ; Inapplicable ; Inapplicable ; Inapplicable ; Pass         ; Inapplicable ; Inapplicable ; Pass         ; Inapplicable ; Inapplicable ; Inapplicable ; Inapplicable ; Inapplicable ; Inapplicable ; Inapplicable ; Inapplicable ; Inapplicable ; Pass      ; Inapplicable ; Inapplicable ;
; module_fault_vector_pin[19]  ; Inapplicable ; Inapplicable ; Inapplicable ; Inapplicable ; Inapplicable ; Pass      ; Inapplicable ; Inapplicable ; Pass      ; Pass      ; Inapplicable ; Inapplicable ; Inapplicable ; Inapplicable ; Pass         ; Inapplicable ; Inapplicable ; Pass         ; Inapplicable ; Inapplicable ; Inapplicable ; Inapplicable ; Inapplicable ; Inapplicable ; Inapplicable ; Inapplicable ; Inapplicable ; Pass      ; Inapplicable ; Inapplicable ;
; module_fault_vector_pin[20]  ; Inapplicable ; Inapplicable ; Inapplicable ; Inapplicable ; Inapplicable ; Pass      ; Inapplicable ; Inapplicable ; Pass      ; Pass      ; Inapplicable ; Inapplicable ; Inapplicable ; Inapplicable ; Pass         ; Inapplicable ; Inapplicable ; Pass         ; Inapplicable ; Inapplicable ; Inapplicable ; Inapplicable ; Inapplicable ; Inapplicable ; Inapplicable ; Inapplicable ; Inapplicable ; Pass      ; Inapplicable ; Inapplicable ;
; module_fault_vector_pin[21]  ; Inapplicable ; Inapplicable ; Inapplicable ; Inapplicable ; Inapplicable ; Pass      ; Inapplicable ; Inapplicable ; Pass      ; Pass      ; Inapplicable ; Inapplicable ; Inapplicable ; Inapplicable ; Pass         ; Inapplicable ; Inapplicable ; Pass         ; Inapplicable ; Inapplicable ; Inapplicable ; Inapplicable ; Inapplicable ; Inapplicable ; Inapplicable ; Inapplicable ; Inapplicable ; Pass      ; Inapplicable ; Inapplicable ;
; module_fault_vector_pin[22]  ; Inapplicable ; Inapplicable ; Inapplicable ; Inapplicable ; Inapplicable ; Pass      ; Inapplicable ; Inapplicable ; Pass      ; Pass      ; Inapplicable ; Inapplicable ; Inapplicable ; Inapplicable ; Pass         ; Inapplicable ; Inapplicable ; Pass         ; Inapplicable ; Inapplicable ; Inapplicable ; Inapplicable ; Inapplicable ; Inapplicable ; Inapplicable ; Inapplicable ; Inapplicable ; Pass      ; Inapplicable ; Inapplicable ;
; module_fault_vector_pin[13]  ; Inapplicable ; Inapplicable ; Inapplicable ; Inapplicable ; Inapplicable ; Pass      ; Inapplicable ; Inapplicable ; Pass      ; Pass      ; Inapplicable ; Inapplicable ; Inapplicable ; Inapplicable ; Pass         ; Inapplicable ; Inapplicable ; Pass         ; Inapplicable ; Inapplicable ; Inapplicable ; Inapplicable ; Inapplicable ; Inapplicable ; Inapplicable ; Inapplicable ; Inapplicable ; Pass      ; Inapplicable ; Inapplicable ;
; module_fault_vector_pin[14]  ; Inapplicable ; Inapplicable ; Inapplicable ; Inapplicable ; Inapplicable ; Pass      ; Inapplicable ; Inapplicable ; Pass      ; Pass      ; Inapplicable ; Inapplicable ; Inapplicable ; Inapplicable ; Pass         ; Inapplicable ; Inapplicable ; Pass         ; Inapplicable ; Inapplicable ; Inapplicable ; Inapplicable ; Inapplicable ; Inapplicable ; Inapplicable ; Inapplicable ; Inapplicable ; Pass      ; Inapplicable ; Inapplicable ;
; module_fault_vector_pin[6]   ; Inapplicable ; Inapplicable ; Inapplicable ; Inapplicable ; Inapplicable ; Pass      ; Inapplicable ; Inapplicable ; Pass      ; Pass      ; Inapplicable ; Inapplicable ; Inapplicable ; Inapplicable ; Pass         ; Inapplicable ; Inapplicable ; Pass         ; Inapplicable ; Inapplicable ; Inapplicable ; Inapplicable ; Inapplicable ; Inapplicable ; Inapplicable ; Inapplicable ; Inapplicable ; Pass      ; Inapplicable ; Inapplicable ;
; module_fault_vector_pin[3]   ; Inapplicable ; Inapplicable ; Inapplicable ; Inapplicable ; Inapplicable ; Pass      ; Inapplicable ; Inapplicable ; Pass      ; Pass      ; Inapplicable ; Inapplicable ; Inapplicable ; Inapplicable ; Pass         ; Inapplicable ; Inapplicable ; Pass         ; Inapplicable ; Inapplicable ; Inapplicable ; Inapplicable ; Inapplicable ; Inapplicable ; Inapplicable ; Inapplicable ; Inapplicable ; Pass      ; Inapplicable ; Inapplicable ;
; module_fault_vector_pin[4]   ; Inapplicable ; Inapplicable ; Inapplicable ; Inapplicable ; Inapplicable ; Pass      ; Inapplicable ; Inapplicable ; Pass      ; Pass      ; Inapplicable ; Inapplicable ; Inapplicable ; Inapplicable ; Pass         ; Inapplicable ; Inapplicable ; Pass         ; Inapplicable ; Inapplicable ; Inapplicable ; Inapplicable ; Inapplicable ; Inapplicable ; Inapplicable ; Inapplicable ; Inapplicable ; Pass      ; Inapplicable ; Inapplicable ;
; module_fault_vector_pin[5]   ; Inapplicable ; Inapplicable ; Inapplicable ; Inapplicable ; Inapplicable ; Pass      ; Inapplicable ; Inapplicable ; Pass      ; Pass      ; Inapplicable ; Inapplicable ; Inapplicable ; Inapplicable ; Pass         ; Inapplicable ; Inapplicable ; Pass         ; Inapplicable ; Inapplicable ; Inapplicable ; Inapplicable ; Inapplicable ; Inapplicable ; Inapplicable ; Inapplicable ; Inapplicable ; Pass      ; Inapplicable ; Inapplicable ;
; module_fault_vector_pin[2]   ; Inapplicable ; Inapplicable ; Inapplicable ; Inapplicable ; Inapplicable ; Pass      ; Inapplicable ; Inapplicable ; Pass      ; Pass      ; Inapplicable ; Inapplicable ; Inapplicable ; Inapplicable ; Pass         ; Inapplicable ; Inapplicable ; Pass         ; Inapplicable ; Inapplicable ; Inapplicable ; Inapplicable ; Inapplicable ; Inapplicable ; Inapplicable ; Inapplicable ; Inapplicable ; Pass      ; Inapplicable ; Inapplicable ;
; module_fault_vector_pin[0]   ; Inapplicable ; Inapplicable ; Inapplicable ; Inapplicable ; Inapplicable ; Pass      ; Inapplicable ; Inapplicable ; Pass      ; Pass      ; Inapplicable ; Inapplicable ; Inapplicable ; Inapplicable ; Pass         ; Inapplicable ; Inapplicable ; Pass         ; Inapplicable ; Inapplicable ; Inapplicable ; Inapplicable ; Inapplicable ; Inapplicable ; Inapplicable ; Inapplicable ; Inapplicable ; Pass      ; Inapplicable ; Inapplicable ;
; module_fault_vector_pin[1]   ; Inapplicable ; Inapplicable ; Inapplicable ; Inapplicable ; Inapplicable ; Pass      ; Inapplicable ; Inapplicable ; Pass      ; Pass      ; Inapplicable ; Inapplicable ; Inapplicable ; Inapplicable ; Pass         ; Inapplicable ; Inapplicable ; Pass         ; Inapplicable ; Inapplicable ; Inapplicable ; Inapplicable ; Inapplicable ; Inapplicable ; Inapplicable ; Inapplicable ; Inapplicable ; Pass      ; Inapplicable ; Inapplicable ;
; module_fault_vector_pin[7]   ; Inapplicable ; Inapplicable ; Inapplicable ; Inapplicable ; Inapplicable ; Pass      ; Inapplicable ; Inapplicable ; Pass      ; Pass      ; Inapplicable ; Inapplicable ; Inapplicable ; Inapplicable ; Pass         ; Inapplicable ; Inapplicable ; Pass         ; Inapplicable ; Inapplicable ; Inapplicable ; Inapplicable ; Inapplicable ; Inapplicable ; Inapplicable ; Inapplicable ; Inapplicable ; Pass      ; Inapplicable ; Inapplicable ;
; module_fault_vector_pin[8]   ; Inapplicable ; Inapplicable ; Inapplicable ; Inapplicable ; Inapplicable ; Pass      ; Inapplicable ; Inapplicable ; Pass      ; Pass      ; Inapplicable ; Inapplicable ; Inapplicable ; Inapplicable ; Pass         ; Inapplicable ; Inapplicable ; Pass         ; Inapplicable ; Inapplicable ; Inapplicable ; Inapplicable ; Inapplicable ; Inapplicable ; Inapplicable ; Inapplicable ; Inapplicable ; Pass      ; Inapplicable ; Inapplicable ;
; module_fault_vector_pin[9]   ; Inapplicable ; Inapplicable ; Inapplicable ; Inapplicable ; Inapplicable ; Pass      ; Inapplicable ; Inapplicable ; Pass      ; Pass      ; Inapplicable ; Inapplicable ; Inapplicable ; Inapplicable ; Pass         ; Inapplicable ; Inapplicable ; Pass         ; Inapplicable ; Inapplicable ; Inapplicable ; Inapplicable ; Inapplicable ; Inapplicable ; Inapplicable ; Inapplicable ; Inapplicable ; Pass      ; Inapplicable ; Inapplicable ;
; module_fault_vector_pin[10]  ; Inapplicable ; Inapplicable ; Inapplicable ; Inapplicable ; Inapplicable ; Pass      ; Inapplicable ; Inapplicable ; Pass      ; Pass      ; Inapplicable ; Inapplicable ; Inapplicable ; Inapplicable ; Pass         ; Inapplicable ; Inapplicable ; Pass         ; Inapplicable ; Inapplicable ; Inapplicable ; Inapplicable ; Inapplicable ; Inapplicable ; Inapplicable ; Inapplicable ; Inapplicable ; Pass      ; Inapplicable ; Inapplicable ;
; module_fault_vector_pin[11]  ; Inapplicable ; Inapplicable ; Inapplicable ; Inapplicable ; Inapplicable ; Pass      ; Inapplicable ; Inapplicable ; Pass      ; Pass      ; Inapplicable ; Inapplicable ; Inapplicable ; Inapplicable ; Pass         ; Inapplicable ; Inapplicable ; Pass         ; Inapplicable ; Inapplicable ; Inapplicable ; Inapplicable ; Inapplicable ; Inapplicable ; Inapplicable ; Inapplicable ; Inapplicable ; Pass      ; Inapplicable ; Inapplicable ;
; module_fault_vector_pin[12]  ; Inapplicable ; Inapplicable ; Inapplicable ; Inapplicable ; Inapplicable ; Pass      ; Inapplicable ; Inapplicable ; Pass      ; Pass      ; Inapplicable ; Inapplicable ; Inapplicable ; Inapplicable ; Pass         ; Inapplicable ; Inapplicable ; Pass         ; Inapplicable ; Inapplicable ; Inapplicable ; Inapplicable ; Inapplicable ; Inapplicable ; Inapplicable ; Inapplicable ; Inapplicable ; Pass      ; Inapplicable ; Inapplicable ;
; module_fault_vector_pin[239] ; Inapplicable ; Inapplicable ; Inapplicable ; Inapplicable ; Inapplicable ; Pass      ; Inapplicable ; Inapplicable ; Pass      ; Pass      ; Inapplicable ; Inapplicable ; Inapplicable ; Inapplicable ; Pass         ; Inapplicable ; Inapplicable ; Pass         ; Inapplicable ; Inapplicable ; Inapplicable ; Inapplicable ; Inapplicable ; Inapplicable ; Inapplicable ; Inapplicable ; Inapplicable ; Pass      ; Inapplicable ; Inapplicable ;
+------------------------------+--------------+--------------+--------------+--------------+--------------+-----------+--------------+--------------+-----------+-----------+--------------+--------------+--------------+--------------+--------------+--------------+--------------+--------------+--------------+--------------+--------------+--------------+--------------+--------------+--------------+--------------+--------------+-----------+--------------+--------------+


+-----------------------------------------------------------------------------------------------+
; Fitter Device Options                                                                         ;
+------------------------------------------------------------------+----------------------------+
; Option                                                           ; Setting                    ;
+------------------------------------------------------------------+----------------------------+
; Enable user-supplied start-up clock (CLKUSR)                     ; Off                        ;
; Enable device-wide reset (DEV_CLRn)                              ; Off                        ;
; Enable device-wide output enable (DEV_OE)                        ; Off                        ;
; Enable INIT_DONE output                                          ; Off                        ;
; Configuration scheme                                             ; Active Serial              ;
; Error detection CRC                                              ; Off                        ;
; Enable input tri-state on active configuration pins in user mode ; Off                        ;
; Active Serial clock source                                       ; 40 MHz Internal Oscillator ;
; Configuration Voltage Level                                      ; Auto                       ;
; Force Configuration Voltage Level                                ; Off                        ;
; nCEO                                                             ; As output driving ground   ;
; Data[0]                                                          ; As input tri-stated        ;
; Data[1]/ASDO                                                     ; As input tri-stated        ;
; Data[7..2]                                                       ; Unreserved                 ;
; FLASH_nCE/nCSO                                                   ; As input tri-stated        ;
; DCLK                                                             ; As output driving ground   ;
; Base pin-out file on sameframe device                            ; Off                        ;
+------------------------------------------------------------------+----------------------------+


+------------------------------------+
; Operating Settings and Conditions  ;
+---------------------------+--------+
; Setting                   ; Value  ;
+---------------------------+--------+
; Nominal Core Voltage      ; 1.20 V ;
; Low Junction Temperature  ; 0 °C   ;
; High Junction Temperature ; 85 °C  ;
+---------------------------+--------+


+-----------------+
; Fitter Messages ;
+-----------------+
Warning (18236): Number of processors has not been specified which may cause overloading on shared machines.  Set the global assignment NUM_PARALLEL_PROCESSORS in your QSF to an appropriate value for best performance.
Info (20030): Parallel compilation is enabled and will use 6 of the 6 processors detected
Info (119006): Selected device EP4CGX75DF27C8 for design "ssa_top"
Info (21077): Low junction temperature is 0 degrees C
Info (21077): High junction temperature is 85 degrees C
Info (171003): Fitter is performing an Auto Fit compilation, which may decrease Fitter effort to reduce compilation time
Warning (292013): Feature LogicLock is only available with a valid subscription license. You can purchase a software subscription to gain full access to this feature.
Info (176444): Device migration not selected. If you intend to use device migration later, you may need to change the pin assignments as they may be incompatible with other devices
    Info (176445): Device EP4CGX50DF27C8 is compatible
    Info (176445): Device EP4CGX150DF27C8 is compatible
    Info (176445): Device EP4CGX110DF27C8 is compatible
Info (169124): Fitter converted 5 user pins into dedicated programming pins
    Info (169125): Pin ~ALTERA_NCEO~ is reserved at location AC7
    Info (169125): Pin ~ALTERA_DATA0~ is reserved at location D6
    Info (169125): Pin ~ALTERA_ASDO_DATA1~ is reserved at location E6
    Info (169125): Pin ~ALTERA_NCSO~ is reserved at location D5
    Info (169125): Pin ~ALTERA_DCLK~ is reserved at location F6
Warning (15714): Some pins have incomplete I/O assignments. Refer to the I/O Assignment Warnings report for details
Critical Warning (169085): No exact pin location assignment(s) for 279 pins of 279 total pins. For the list of pins please refer to the I/O Assignment Warnings table in the fitter report.
Info (332104): Reading SDC File: 'ssa_timing.sdc'
Info (332143): No user constrained clock uncertainty found in the design. Calling "derive_clock_uncertainty"
Info (332154): The derive_clock_uncertainty command did not apply clock uncertainty to any clock-to-clock transfers.
Info (332129): Detected timing requirements -- optimizing circuit to achieve only the specified requirements
Info (332111): Found 3 clocks
    Info (332111):   Period   Clock Name
    Info (332111): ======== ============
    Info (332111):   10.000     clk_fast
    Info (332111):   20.000      clk_sys
    Info (332111):  100.000 clk_telemetry
Info (176353): Automatically promoted node clk_fast_pin~input (placed in PIN T15 (CLKIO13, DIFFCLK_7n, REFCLK2n)) File: A:/VHDL/ssa_interlock_project/ssa_interlock_system/rtl/custom/ssa_top.v Line: 3
    Info (176355): Automatically promoted destinations to use location or clock signal Global Clock CLKCTRL_G29
Info (176353): Automatically promoted node clk_sys_pin~input (placed in PIN T14 (CLKIO12, DIFFCLK_7p, REFCLK2p)) File: A:/VHDL/ssa_interlock_project/ssa_interlock_system/rtl/custom/ssa_top.v Line: 5
    Info (176355): Automatically promoted destinations to use location or clock signal Global Clock CLKCTRL_G28
Info (176353): Automatically promoted node rst_n_pin~input (placed in PIN AF14 (CLKIO15, DIFFCLK_6n)) File: A:/VHDL/ssa_interlock_project/ssa_interlock_system/rtl/custom/ssa_top.v Line: 6
    Info (176355): Automatically promoted destinations to use location or clock signal Global Clock CLKCTRL_G27
Info (176233): Starting register packing
Info (176235): Finished register packing
    Extra Info (176219): No registers were packed into other blocks
Info (176214): Statistics of I/O pins that need to be placed that use the same VCCIO and VREF, before I/O pin placement
    Info (176211): Number of I/O pins in group: 276 (unused VREF, 2.5V VCCIO, 274 input, 2 output, 0 bidirectional)
        Info (176212): I/O standards used: 2.5 V.
Info (176215): I/O bank details before I/O pin placement
    Info (176214): Statistics of I/O banks
        Info (176213): I/O bank number QL1 does not use VREF pins and has undetermined VCCIO pins. 0 total pin(s) used --  0 pins available
        Info (176213): I/O bank number QL0 does not use VREF pins and has undetermined VCCIO pins. 0 total pin(s) used --  0 pins available
        Info (176213): I/O bank number 3 does not use VREF pins and has undetermined VCCIO pins. 1 total pin(s) used --  45 pins available
        Info (176213): I/O bank number 3B does not use VREF pins and has undetermined VCCIO pins. 0 total pin(s) used --  2 pins available
        Info (176213): I/O bank number 3A does not use VREF pins and has undetermined VCCIO pins. 2 total pin(s) used --  0 pins available
        Info (176213): I/O bank number 4 does not use VREF pins and has undetermined VCCIO pins. 1 total pin(s) used --  44 pins available
        Info (176213): I/O bank number 5 does not use VREF pins and has undetermined VCCIO pins. 0 total pin(s) used --  55 pins available
        Info (176213): I/O bank number 6 does not use VREF pins and has undetermined VCCIO pins. 0 total pin(s) used --  55 pins available
        Info (176213): I/O bank number 7 does not use VREF pins and has undetermined VCCIO pins. 0 total pin(s) used --  46 pins available
        Info (176213): I/O bank number 8A does not use VREF pins and has undetermined VCCIO pins. 0 total pin(s) used --  2 pins available
        Info (176213): I/O bank number 8 does not use VREF pins and has undetermined VCCIO pins. 0 total pin(s) used --  48 pins available
        Info (176213): I/O bank number 8B does not use VREF pins and has undetermined VCCIO pins. 0 total pin(s) used --  2 pins available
        Info (176213): I/O bank number 9 does not use VREF pins and has undetermined VCCIO pins. 4 total pin(s) used --  0 pins available
Info (171121): Fitter preparation operations ending: elapsed time is 00:00:02
Info (14896): Fitter has disabled Advanced Physical Optimization because it is not supported for the current family.
Info (170189): Fitter placement preparation operations beginning
Info (170190): Fitter placement preparation operations ending: elapsed time is 00:00:00
Info (170191): Fitter placement operations beginning
Info (170137): Fitter placement was successful
Info (170192): Fitter placement operations ending: elapsed time is 00:00:04
Info (170193): Fitter routing operations beginning
Info (170195): Router estimated average interconnect usage is 0% of the available device resources
    Info (170196): Router estimated peak interconnect usage is 2% of the available device resources in the region that extends from location X46_Y11 to location X57_Y21
Info (170199): The Fitter performed an Auto Fit compilation.  Optimizations were skipped to reduce compilation time.
    Info (170201): Optimizations that may affect the design's routability were skipped
    Info (170200): Optimizations that may affect the design's timing were skipped
Info (170194): Fitter routing operations ending: elapsed time is 00:00:01
Info (11888): Total time spent on timing analysis during the Fitter is 0.16 seconds.
Info (334003): Started post-fitting delay annotation
Info (334004): Delay annotation completed successfully
Info (334003): Started post-fitting delay annotation
Info (334004): Delay annotation completed successfully
Info (11218): Fitter post-fit operations ending: elapsed time is 00:00:01
Warning (169177): 2 pins must meet Intel FPGA requirements for 3.3-, 3.0-, and 2.5-V interfaces. For more information, refer to AN 447: Interfacing Cyclone IV GX Devices with 3.3/3.0/2.5-V LVTTL/LVCMOS I/O Systems.
    Info (169178): Pin clk_fast_pin uses I/O standard 2.5 V at T15 File: A:/VHDL/ssa_interlock_project/ssa_interlock_system/rtl/custom/ssa_top.v Line: 3
    Info (169178): Pin clk_sys_pin uses I/O standard 2.5 V at T14 File: A:/VHDL/ssa_interlock_project/ssa_interlock_system/rtl/custom/ssa_top.v Line: 5
Info (144001): Generated suppressed messages file A:/VHDL/ssa_interlock_project/ssa_interlock_system/output_files/ssa_top.fit.smsg
Info: Quartus Prime Fitter was successful. 0 errors, 5 warnings
    Info: Peak virtual memory: 5904 megabytes
    Info: Processing ended: Tue Jun 30 21:47:17 2026
    Info: Elapsed time: 00:00:13
    Info: Total CPU time (on all processors): 00:00:15


+----------------------------+
; Fitter Suppressed Messages ;
+----------------------------+
The suppressed messages can be found in A:/VHDL/ssa_interlock_project/ssa_interlock_system/output_files/ssa_top.fit.smsg.


