Timing Analyzer report for ssa_top
Tue Jun 30 21:47:23 2026
Quartus Prime Version 22.1std.2 Build 922 07/20/2023 SC Lite Edition


---------------------
; Table of Contents ;
---------------------
  1. Legal Notice
  2. Timing Analyzer Summary
  3. Parallel Compilation
  4. SDC File List
  5. Clocks
  6. Slow 1200mV 85C Model Fmax Summary
  7. Timing Closure Recommendations
  8. Slow 1200mV 85C Model Setup Summary
  9. Slow 1200mV 85C Model Hold Summary
 10. Slow 1200mV 85C Model Recovery Summary
 11. Slow 1200mV 85C Model Removal Summary
 12. Slow 1200mV 85C Model Minimum Pulse Width Summary
 13. Slow 1200mV 85C Model Setup: 'clk_fast'
 14. Slow 1200mV 85C Model Setup: 'clk_sys'
 15. Slow 1200mV 85C Model Setup: 'clk_telemetry'
 16. Slow 1200mV 85C Model Hold: 'clk_sys'
 17. Slow 1200mV 85C Model Hold: 'clk_fast'
 18. Slow 1200mV 85C Model Hold: 'clk_telemetry'
 19. Slow 1200mV 85C Model Metastability Summary
 20. Slow 1200mV 0C Model Fmax Summary
 21. Slow 1200mV 0C Model Setup Summary
 22. Slow 1200mV 0C Model Hold Summary
 23. Slow 1200mV 0C Model Recovery Summary
 24. Slow 1200mV 0C Model Removal Summary
 25. Slow 1200mV 0C Model Minimum Pulse Width Summary
 26. Slow 1200mV 0C Model Setup: 'clk_fast'
 27. Slow 1200mV 0C Model Setup: 'clk_sys'
 28. Slow 1200mV 0C Model Setup: 'clk_telemetry'
 29. Slow 1200mV 0C Model Hold: 'clk_sys'
 30. Slow 1200mV 0C Model Hold: 'clk_fast'
 31. Slow 1200mV 0C Model Hold: 'clk_telemetry'
 32. Slow 1200mV 0C Model Metastability Summary
 33. Fast 1200mV 0C Model Setup Summary
 34. Fast 1200mV 0C Model Hold Summary
 35. Fast 1200mV 0C Model Recovery Summary
 36. Fast 1200mV 0C Model Removal Summary
 37. Fast 1200mV 0C Model Minimum Pulse Width Summary
 38. Fast 1200mV 0C Model Setup: 'clk_fast'
 39. Fast 1200mV 0C Model Setup: 'clk_sys'
 40. Fast 1200mV 0C Model Setup: 'clk_telemetry'
 41. Fast 1200mV 0C Model Hold: 'clk_sys'
 42. Fast 1200mV 0C Model Hold: 'clk_fast'
 43. Fast 1200mV 0C Model Hold: 'clk_telemetry'
 44. Fast 1200mV 0C Model Metastability Summary
 45. Multicorner Timing Analysis Summary
 46. Board Trace Model Assignments
 47. Input Transition Times
 48. Signal Integrity Metrics (Slow 1200mv 0c Model)
 49. Signal Integrity Metrics (Slow 1200mv 85c Model)
 50. Signal Integrity Metrics (Fast 1200mv 0c Model)
 51. Setup Transfers
 52. Hold Transfers
 53. Report TCCS
 54. Report RSKM
 55. Unconstrained Paths Summary
 56. Clock Status Summary
 57. Unconstrained Input Ports
 58. Unconstrained Output Ports
 59. Unconstrained Input Ports
 60. Unconstrained Output Ports
 61. Timing Analyzer Messages



----------------
; Legal Notice ;
----------------
Copyright (C) 2023  Intel Corporation. All rights reserved.
Your use of Intel Corporation's design tools, logic functions 
and other software and tools, and any partner logic 
functions, and any output files from any of the foregoing 
(including device programming or simulation files), and any 
associated documentation or information are expressly subject 
to the terms and conditions of the Intel Program License 
Subscription Agreement, the Intel Quartus Prime License Agreement,
the Intel FPGA IP License Agreement, or other applicable license
agreement, including, without limitation, that your use is for
the sole purpose of programming logic devices manufactured by
Intel and sold by Intel or its authorized distributors.  Please
refer to the applicable agreement for further details, at
https://fpgasoftware.intel.com/eula.



+--------------------------------------------------------------------------------+
; Timing Analyzer Summary                                                        ;
+-----------------------+--------------------------------------------------------+
; Quartus Prime Version ; Version 22.1std.2 Build 922 07/20/2023 SC Lite Edition ;
; Timing Analyzer       ; Legacy Timing Analyzer                                 ;
; Revision Name         ; ssa_top                                                ;
; Device Family         ; Cyclone IV GX                                          ;
; Device Name           ; EP4CGX75DF27C8                                         ;
; Timing Models         ; Final                                                  ;
; Delay Model           ; Combined                                               ;
; Rise/Fall Delays      ; Enabled                                                ;
+-----------------------+--------------------------------------------------------+


+------------------------------------------+
; Parallel Compilation                     ;
+----------------------------+-------------+
; Processors                 ; Number      ;
+----------------------------+-------------+
; Number detected on machine ; 12          ;
; Maximum allowed            ; 6           ;
;                            ;             ;
; Average used               ; 1.06        ;
; Maximum used               ; 6           ;
;                            ;             ;
; Usage by Processor         ; % Time Used ;
;     Processor 1            ; 100.0%      ;
;     Processor 2            ;   1.5%      ;
;     Processors 3-6         ;   1.1%      ;
+----------------------------+-------------+


+----------------------------------------------------+
; SDC File List                                      ;
+----------------+--------+--------------------------+
; SDC File Path  ; Status ; Read at                  ;
+----------------+--------+--------------------------+
; ssa_timing.sdc ; OK     ; Tue Jun 30 21:47:22 2026 ;
+----------------+--------+--------------------------+


+---------------------------------------------------------------------------------------------------------------------------------------------------------------------------------------------------+
; Clocks                                                                                                                                                                                            ;
+---------------+------+---------+-----------+-------+--------+------------+-----------+-------------+-------+--------+-----------+------------+----------+--------+--------+-----------------------+
; Clock Name    ; Type ; Period  ; Frequency ; Rise  ; Fall   ; Duty Cycle ; Divide by ; Multiply by ; Phase ; Offset ; Edge List ; Edge Shift ; Inverted ; Master ; Source ; Targets               ;
+---------------+------+---------+-----------+-------+--------+------------+-----------+-------------+-------+--------+-----------+------------+----------+--------+--------+-----------------------+
; clk_fast      ; Base ; 10.000  ; 100.0 MHz ; 0.000 ; 5.000  ;            ;           ;             ;       ;        ;           ;            ;          ;        ;        ; { clk_fast_pin }      ;
; clk_sys       ; Base ; 20.000  ; 50.0 MHz  ; 0.000 ; 10.000 ;            ;           ;             ;       ;        ;           ;            ;          ;        ;        ; { clk_sys_pin }       ;
; clk_telemetry ; Base ; 100.000 ; 10.0 MHz  ; 0.000 ; 50.000 ;            ;           ;             ;       ;        ;           ;            ;          ;        ;        ; { clk_telemetry_pin } ;
+---------------+------+---------+-----------+-------+--------+------------+-----------+-------------+-------+--------+-----------+------------+----------+--------+--------+-----------------------+


+--------------------------------------------------------------------------------------------------------------+
; Slow 1200mV 85C Model Fmax Summary                                                                           ;
+------------+-----------------+---------------+---------------------------------------------------------------+
; Fmax       ; Restricted Fmax ; Clock Name    ; Note                                                          ;
+------------+-----------------+---------------+---------------------------------------------------------------+
; 151.52 MHz ; 151.52 MHz      ; clk_fast      ;                                                               ;
; 174.31 MHz ; 174.31 MHz      ; clk_sys       ;                                                               ;
; 473.71 MHz ; 250.0 MHz       ; clk_telemetry ; limit due to minimum period restriction (max I/O toggle rate) ;
+------------+-----------------+---------------+---------------------------------------------------------------+
This panel reports FMAX for every clock in the design, regardless of the user-specified clock periods.  FMAX is only computed for paths where the source and destination registers or ports are driven by the same clock.  Paths of different clocks, including generated clocks, are ignored.  For paths between a clock and its inversion, FMAX is computed as if the rising and falling edges are scaled along with FMAX, such that the duty cycle (in terms of a percentage) is maintained. Altera recommends that you always use clock constraints and other slack reports for sign-off analysis.


----------------------------------
; Timing Closure Recommendations ;
----------------------------------
HTML report is unavailable in plain text report export.


+----------------------------------------+
; Slow 1200mV 85C Model Setup Summary    ;
+---------------+--------+---------------+
; Clock         ; Slack  ; End Point TNS ;
+---------------+--------+---------------+
; clk_fast      ; 3.400  ; 0.000         ;
; clk_sys       ; 14.263 ; 0.000         ;
; clk_telemetry ; 97.889 ; 0.000         ;
+---------------+--------+---------------+


+---------------------------------------+
; Slow 1200mV 85C Model Hold Summary    ;
+---------------+-------+---------------+
; Clock         ; Slack ; End Point TNS ;
+---------------+-------+---------------+
; clk_sys       ; 0.440 ; 0.000         ;
; clk_fast      ; 0.523 ; 0.000         ;
; clk_telemetry ; 1.474 ; 0.000         ;
+---------------+-------+---------------+


------------------------------------------
; Slow 1200mV 85C Model Recovery Summary ;
------------------------------------------
No paths to report.


-----------------------------------------
; Slow 1200mV 85C Model Removal Summary ;
-----------------------------------------
No paths to report.


+---------------------------------------------------+
; Slow 1200mV 85C Model Minimum Pulse Width Summary ;
+---------------+--------+--------------------------+
; Clock         ; Slack  ; End Point TNS            ;
+---------------+--------+--------------------------+
; clk_fast      ; 4.659  ; 0.000                    ;
; clk_sys       ; 9.658  ; 0.000                    ;
; clk_telemetry ; 49.702 ; 0.000                    ;
+---------------+--------+--------------------------+


+---------------------------------------------------------------------------------------------------------------------------------------------------------------+
; Slow 1200mV 85C Model Setup: 'clk_fast'                                                                                                                       ;
+-------+----------------------------------------+----------------------------------------+--------------+-------------+--------------+------------+------------+
; Slack ; From Node                              ; To Node                                ; Launch Clock ; Latch Clock ; Relationship ; Clock Skew ; Data Delay ;
+-------+----------------------------------------+----------------------------------------+--------------+-------------+--------------+------------+------------+
; 3.400 ; iir_rc_filter:u_filter|accumulator[20] ; iir_rc_filter:u_filter|accumulator[31] ; clk_fast     ; clk_fast    ; 10.000       ; -0.093     ; 6.508      ;
; 3.502 ; iir_rc_filter:u_filter|accumulator[20] ; iir_rc_filter:u_filter|accumulator[30] ; clk_fast     ; clk_fast    ; 10.000       ; -0.093     ; 6.406      ;
; 3.546 ; iir_rc_filter:u_filter|accumulator[20] ; iir_rc_filter:u_filter|accumulator[29] ; clk_fast     ; clk_fast    ; 10.000       ; -0.093     ; 6.362      ;
; 3.560 ; iir_rc_filter:u_filter|accumulator[18] ; iir_rc_filter:u_filter|accumulator[31] ; clk_fast     ; clk_fast    ; 10.000       ; -0.093     ; 6.348      ;
; 3.656 ; iir_rc_filter:u_filter|accumulator[20] ; iir_rc_filter:u_filter|accumulator[28] ; clk_fast     ; clk_fast    ; 10.000       ; -0.093     ; 6.252      ;
; 3.662 ; iir_rc_filter:u_filter|accumulator[18] ; iir_rc_filter:u_filter|accumulator[30] ; clk_fast     ; clk_fast    ; 10.000       ; -0.093     ; 6.246      ;
; 3.689 ; iir_rc_filter:u_filter|accumulator[19] ; iir_rc_filter:u_filter|accumulator[30] ; clk_fast     ; clk_fast    ; 10.000       ; -0.093     ; 6.219      ;
; 3.704 ; iir_rc_filter:u_filter|accumulator[20] ; iir_rc_filter:u_filter|accumulator[27] ; clk_fast     ; clk_fast    ; 10.000       ; -0.093     ; 6.204      ;
; 3.706 ; iir_rc_filter:u_filter|accumulator[18] ; iir_rc_filter:u_filter|accumulator[29] ; clk_fast     ; clk_fast    ; 10.000       ; -0.093     ; 6.202      ;
; 3.719 ; iir_rc_filter:u_filter|accumulator[19] ; iir_rc_filter:u_filter|accumulator[31] ; clk_fast     ; clk_fast    ; 10.000       ; -0.093     ; 6.189      ;
; 3.757 ; iir_rc_filter:u_filter|accumulator[15] ; iir_rc_filter:u_filter|accumulator[30] ; clk_fast     ; clk_fast    ; 10.000       ; -0.098     ; 6.146      ;
; 3.787 ; iir_rc_filter:u_filter|accumulator[15] ; iir_rc_filter:u_filter|accumulator[31] ; clk_fast     ; clk_fast    ; 10.000       ; -0.098     ; 6.116      ;
; 3.802 ; iir_rc_filter:u_filter|accumulator[20] ; iir_rc_filter:u_filter|accumulator[26] ; clk_fast     ; clk_fast    ; 10.000       ; -0.093     ; 6.106      ;
; 3.814 ; iir_rc_filter:u_filter|accumulator[3]  ; iir_rc_filter:u_filter|accumulator[31] ; clk_fast     ; clk_fast    ; 10.000       ; -0.098     ; 6.089      ;
; 3.816 ; iir_rc_filter:u_filter|accumulator[18] ; iir_rc_filter:u_filter|accumulator[28] ; clk_fast     ; clk_fast    ; 10.000       ; -0.093     ; 6.092      ;
; 3.835 ; iir_rc_filter:u_filter|accumulator[19] ; iir_rc_filter:u_filter|accumulator[28] ; clk_fast     ; clk_fast    ; 10.000       ; -0.093     ; 6.073      ;
; 3.850 ; iir_rc_filter:u_filter|accumulator[20] ; iir_rc_filter:u_filter|accumulator[25] ; clk_fast     ; clk_fast    ; 10.000       ; -0.093     ; 6.058      ;
; 3.850 ; iir_rc_filter:u_filter|accumulator[13] ; iir_rc_filter:u_filter|accumulator[30] ; clk_fast     ; clk_fast    ; 10.000       ; -0.098     ; 6.053      ;
; 3.853 ; iir_rc_filter:u_filter|accumulator[21] ; iir_rc_filter:u_filter|accumulator[30] ; clk_fast     ; clk_fast    ; 10.000       ; -0.093     ; 6.055      ;
; 3.859 ; iir_rc_filter:u_filter|accumulator[17] ; iir_rc_filter:u_filter|accumulator[30] ; clk_fast     ; clk_fast    ; 10.000       ; -0.093     ; 6.049      ;
; 3.864 ; iir_rc_filter:u_filter|accumulator[18] ; iir_rc_filter:u_filter|accumulator[27] ; clk_fast     ; clk_fast    ; 10.000       ; -0.093     ; 6.044      ;
; 3.865 ; iir_rc_filter:u_filter|accumulator[19] ; iir_rc_filter:u_filter|accumulator[29] ; clk_fast     ; clk_fast    ; 10.000       ; -0.093     ; 6.043      ;
; 3.880 ; iir_rc_filter:u_filter|accumulator[13] ; iir_rc_filter:u_filter|accumulator[31] ; clk_fast     ; clk_fast    ; 10.000       ; -0.098     ; 6.023      ;
; 3.883 ; iir_rc_filter:u_filter|accumulator[21] ; iir_rc_filter:u_filter|accumulator[31] ; clk_fast     ; clk_fast    ; 10.000       ; -0.093     ; 6.025      ;
; 3.889 ; iir_rc_filter:u_filter|accumulator[17] ; iir_rc_filter:u_filter|accumulator[31] ; clk_fast     ; clk_fast    ; 10.000       ; -0.093     ; 6.019      ;
; 3.903 ; iir_rc_filter:u_filter|accumulator[15] ; iir_rc_filter:u_filter|accumulator[28] ; clk_fast     ; clk_fast    ; 10.000       ; -0.098     ; 6.000      ;
; 3.916 ; iir_rc_filter:u_filter|accumulator[3]  ; iir_rc_filter:u_filter|accumulator[30] ; clk_fast     ; clk_fast    ; 10.000       ; -0.098     ; 5.987      ;
; 3.930 ; iir_rc_filter:u_filter|accumulator[14] ; iir_rc_filter:u_filter|accumulator[31] ; clk_fast     ; clk_fast    ; 10.000       ; -0.098     ; 5.973      ;
; 3.933 ; iir_rc_filter:u_filter|accumulator[15] ; iir_rc_filter:u_filter|accumulator[29] ; clk_fast     ; clk_fast    ; 10.000       ; -0.098     ; 5.970      ;
; 3.948 ; iir_rc_filter:u_filter|accumulator[20] ; iir_rc_filter:u_filter|accumulator[24] ; clk_fast     ; clk_fast    ; 10.000       ; -0.093     ; 5.960      ;
; 3.960 ; iir_rc_filter:u_filter|accumulator[3]  ; iir_rc_filter:u_filter|accumulator[29] ; clk_fast     ; clk_fast    ; 10.000       ; -0.098     ; 5.943      ;
; 3.962 ; iir_rc_filter:u_filter|accumulator[18] ; iir_rc_filter:u_filter|accumulator[26] ; clk_fast     ; clk_fast    ; 10.000       ; -0.093     ; 5.946      ;
; 3.981 ; iir_rc_filter:u_filter|accumulator[19] ; iir_rc_filter:u_filter|accumulator[26] ; clk_fast     ; clk_fast    ; 10.000       ; -0.093     ; 5.927      ;
; 3.996 ; iir_rc_filter:u_filter|accumulator[20] ; iir_rc_filter:u_filter|accumulator[23] ; clk_fast     ; clk_fast    ; 10.000       ; -0.093     ; 5.912      ;
; 3.996 ; iir_rc_filter:u_filter|accumulator[13] ; iir_rc_filter:u_filter|accumulator[28] ; clk_fast     ; clk_fast    ; 10.000       ; -0.098     ; 5.907      ;
; 3.999 ; iir_rc_filter:u_filter|accumulator[21] ; iir_rc_filter:u_filter|accumulator[28] ; clk_fast     ; clk_fast    ; 10.000       ; -0.093     ; 5.909      ;
; 4.005 ; iir_rc_filter:u_filter|accumulator[17] ; iir_rc_filter:u_filter|accumulator[28] ; clk_fast     ; clk_fast    ; 10.000       ; -0.093     ; 5.903      ;
; 4.010 ; iir_rc_filter:u_filter|accumulator[18] ; iir_rc_filter:u_filter|accumulator[25] ; clk_fast     ; clk_fast    ; 10.000       ; -0.093     ; 5.898      ;
; 4.011 ; iir_rc_filter:u_filter|accumulator[19] ; iir_rc_filter:u_filter|accumulator[27] ; clk_fast     ; clk_fast    ; 10.000       ; -0.093     ; 5.897      ;
; 4.026 ; iir_rc_filter:u_filter|accumulator[13] ; iir_rc_filter:u_filter|accumulator[29] ; clk_fast     ; clk_fast    ; 10.000       ; -0.098     ; 5.877      ;
; 4.029 ; iir_rc_filter:u_filter|accumulator[21] ; iir_rc_filter:u_filter|accumulator[29] ; clk_fast     ; clk_fast    ; 10.000       ; -0.093     ; 5.879      ;
; 4.030 ; iir_rc_filter:u_filter|accumulator[23] ; iir_rc_filter:u_filter|accumulator[30] ; clk_fast     ; clk_fast    ; 10.000       ; -0.093     ; 5.878      ;
; 4.032 ; iir_rc_filter:u_filter|accumulator[14] ; iir_rc_filter:u_filter|accumulator[30] ; clk_fast     ; clk_fast    ; 10.000       ; -0.098     ; 5.871      ;
; 4.033 ; iir_rc_filter:u_filter|accumulator[2]  ; iir_rc_filter:u_filter|accumulator[30] ; clk_fast     ; clk_fast    ; 10.000       ; -0.096     ; 5.872      ;
; 4.035 ; iir_rc_filter:u_filter|accumulator[17] ; iir_rc_filter:u_filter|accumulator[29] ; clk_fast     ; clk_fast    ; 10.000       ; -0.093     ; 5.873      ;
; 4.049 ; iir_rc_filter:u_filter|accumulator[15] ; iir_rc_filter:u_filter|accumulator[26] ; clk_fast     ; clk_fast    ; 10.000       ; -0.098     ; 5.854      ;
; 4.060 ; iir_rc_filter:u_filter|accumulator[23] ; iir_rc_filter:u_filter|accumulator[31] ; clk_fast     ; clk_fast    ; 10.000       ; -0.093     ; 5.848      ;
; 4.063 ; iir_rc_filter:u_filter|accumulator[2]  ; iir_rc_filter:u_filter|accumulator[31] ; clk_fast     ; clk_fast    ; 10.000       ; -0.096     ; 5.842      ;
; 4.070 ; iir_rc_filter:u_filter|accumulator[3]  ; iir_rc_filter:u_filter|accumulator[28] ; clk_fast     ; clk_fast    ; 10.000       ; -0.098     ; 5.833      ;
; 4.075 ; iir_rc_filter:u_filter|accumulator[1]  ; iir_rc_filter:u_filter|accumulator[31] ; clk_fast     ; clk_fast    ; 10.000       ; -0.097     ; 5.829      ;
; 4.076 ; iir_rc_filter:u_filter|accumulator[14] ; iir_rc_filter:u_filter|accumulator[29] ; clk_fast     ; clk_fast    ; 10.000       ; -0.098     ; 5.827      ;
; 4.079 ; iir_rc_filter:u_filter|accumulator[15] ; iir_rc_filter:u_filter|accumulator[27] ; clk_fast     ; clk_fast    ; 10.000       ; -0.098     ; 5.824      ;
; 4.094 ; iir_rc_filter:u_filter|accumulator[20] ; iir_rc_filter:u_filter|accumulator[22] ; clk_fast     ; clk_fast    ; 10.000       ; -0.093     ; 5.814      ;
; 4.100 ; iir_rc_filter:u_filter|accumulator[16] ; iir_rc_filter:u_filter|accumulator[31] ; clk_fast     ; clk_fast    ; 10.000       ; -0.098     ; 5.803      ;
; 4.108 ; iir_rc_filter:u_filter|accumulator[18] ; iir_rc_filter:u_filter|accumulator[24] ; clk_fast     ; clk_fast    ; 10.000       ; -0.093     ; 5.800      ;
; 4.118 ; iir_rc_filter:u_filter|accumulator[3]  ; iir_rc_filter:u_filter|accumulator[27] ; clk_fast     ; clk_fast    ; 10.000       ; -0.098     ; 5.785      ;
; 4.127 ; iir_rc_filter:u_filter|accumulator[19] ; iir_rc_filter:u_filter|accumulator[24] ; clk_fast     ; clk_fast    ; 10.000       ; -0.093     ; 5.781      ;
; 4.140 ; iir_rc_filter:u_filter|accumulator[0]  ; iir_rc_filter:u_filter|accumulator[30] ; clk_fast     ; clk_fast    ; 10.000       ; -0.097     ; 5.764      ;
; 4.142 ; iir_rc_filter:u_filter|accumulator[20] ; iir_rc_filter:u_filter|accumulator[21] ; clk_fast     ; clk_fast    ; 10.000       ; -0.093     ; 5.766      ;
; 4.142 ; iir_rc_filter:u_filter|accumulator[13] ; iir_rc_filter:u_filter|accumulator[26] ; clk_fast     ; clk_fast    ; 10.000       ; -0.098     ; 5.761      ;
; 4.145 ; iir_rc_filter:u_filter|accumulator[21] ; iir_rc_filter:u_filter|accumulator[26] ; clk_fast     ; clk_fast    ; 10.000       ; -0.093     ; 5.763      ;
; 4.149 ; iir_rc_filter:u_filter|accumulator[22] ; iir_rc_filter:u_filter|accumulator[31] ; clk_fast     ; clk_fast    ; 10.000       ; -0.093     ; 5.759      ;
; 4.151 ; iir_rc_filter:u_filter|accumulator[17] ; iir_rc_filter:u_filter|accumulator[26] ; clk_fast     ; clk_fast    ; 10.000       ; -0.093     ; 5.757      ;
; 4.152 ; iir_rc_filter:u_filter|accumulator[26] ; iir_rc_filter:u_filter|accumulator[31] ; clk_fast     ; clk_fast    ; 10.000       ; -0.093     ; 5.756      ;
; 4.156 ; iir_rc_filter:u_filter|accumulator[18] ; iir_rc_filter:u_filter|accumulator[23] ; clk_fast     ; clk_fast    ; 10.000       ; -0.093     ; 5.752      ;
; 4.157 ; iir_rc_filter:u_filter|accumulator[19] ; iir_rc_filter:u_filter|accumulator[25] ; clk_fast     ; clk_fast    ; 10.000       ; -0.093     ; 5.751      ;
; 4.167 ; iir_rc_filter:u_filter|accumulator[0]  ; iir_rc_filter:u_filter|accumulator[31] ; clk_fast     ; clk_fast    ; 10.000       ; -0.097     ; 5.737      ;
; 4.172 ; iir_rc_filter:u_filter|accumulator[13] ; iir_rc_filter:u_filter|accumulator[27] ; clk_fast     ; clk_fast    ; 10.000       ; -0.098     ; 5.731      ;
; 4.175 ; iir_rc_filter:u_filter|accumulator[21] ; iir_rc_filter:u_filter|accumulator[27] ; clk_fast     ; clk_fast    ; 10.000       ; -0.093     ; 5.733      ;
; 4.176 ; iir_rc_filter:u_filter|accumulator[23] ; iir_rc_filter:u_filter|accumulator[28] ; clk_fast     ; clk_fast    ; 10.000       ; -0.093     ; 5.732      ;
; 4.177 ; iir_rc_filter:u_filter|accumulator[1]  ; iir_rc_filter:u_filter|accumulator[30] ; clk_fast     ; clk_fast    ; 10.000       ; -0.097     ; 5.727      ;
; 4.179 ; iir_rc_filter:u_filter|accumulator[2]  ; iir_rc_filter:u_filter|accumulator[28] ; clk_fast     ; clk_fast    ; 10.000       ; -0.096     ; 5.726      ;
; 4.181 ; iir_rc_filter:u_filter|accumulator[17] ; iir_rc_filter:u_filter|accumulator[27] ; clk_fast     ; clk_fast    ; 10.000       ; -0.093     ; 5.727      ;
; 4.186 ; iir_rc_filter:u_filter|accumulator[14] ; iir_rc_filter:u_filter|accumulator[28] ; clk_fast     ; clk_fast    ; 10.000       ; -0.098     ; 5.717      ;
; 4.195 ; iir_rc_filter:u_filter|accumulator[15] ; iir_rc_filter:u_filter|accumulator[24] ; clk_fast     ; clk_fast    ; 10.000       ; -0.098     ; 5.708      ;
; 4.202 ; iir_rc_filter:u_filter|accumulator[16] ; iir_rc_filter:u_filter|accumulator[30] ; clk_fast     ; clk_fast    ; 10.000       ; -0.098     ; 5.701      ;
; 4.206 ; iir_rc_filter:u_filter|accumulator[23] ; iir_rc_filter:u_filter|accumulator[29] ; clk_fast     ; clk_fast    ; 10.000       ; -0.093     ; 5.702      ;
; 4.209 ; iir_rc_filter:u_filter|accumulator[2]  ; iir_rc_filter:u_filter|accumulator[29] ; clk_fast     ; clk_fast    ; 10.000       ; -0.096     ; 5.696      ;
; 4.216 ; iir_rc_filter:u_filter|accumulator[3]  ; iir_rc_filter:u_filter|accumulator[26] ; clk_fast     ; clk_fast    ; 10.000       ; -0.098     ; 5.687      ;
; 4.221 ; iir_rc_filter:u_filter|accumulator[1]  ; iir_rc_filter:u_filter|accumulator[29] ; clk_fast     ; clk_fast    ; 10.000       ; -0.097     ; 5.683      ;
; 4.225 ; iir_rc_filter:u_filter|accumulator[15] ; iir_rc_filter:u_filter|accumulator[25] ; clk_fast     ; clk_fast    ; 10.000       ; -0.098     ; 5.678      ;
; 4.230 ; iir_rc_filter:u_filter|accumulator[4]  ; iir_rc_filter:u_filter|accumulator[30] ; clk_fast     ; clk_fast    ; 10.000       ; -0.098     ; 5.673      ;
; 4.234 ; iir_rc_filter:u_filter|accumulator[14] ; iir_rc_filter:u_filter|accumulator[27] ; clk_fast     ; clk_fast    ; 10.000       ; -0.098     ; 5.669      ;
; 4.237 ; iir_rc_filter:u_filter|accumulator[5]  ; iir_rc_filter:u_filter|accumulator[31] ; clk_fast     ; clk_fast    ; 10.000       ; -0.098     ; 5.666      ;
; 4.240 ; iir_rc_filter:u_filter|accumulator[20] ; iir_rc_filter:u_filter|accumulator[20] ; clk_fast     ; clk_fast    ; 10.000       ; -0.093     ; 5.668      ;
; 4.246 ; iir_rc_filter:u_filter|accumulator[16] ; iir_rc_filter:u_filter|accumulator[29] ; clk_fast     ; clk_fast    ; 10.000       ; -0.098     ; 5.657      ;
; 4.251 ; iir_rc_filter:u_filter|accumulator[22] ; iir_rc_filter:u_filter|accumulator[30] ; clk_fast     ; clk_fast    ; 10.000       ; -0.093     ; 5.657      ;
; 4.254 ; iir_rc_filter:u_filter|accumulator[26] ; iir_rc_filter:u_filter|accumulator[30] ; clk_fast     ; clk_fast    ; 10.000       ; -0.093     ; 5.654      ;
; 4.254 ; iir_rc_filter:u_filter|accumulator[18] ; iir_rc_filter:u_filter|accumulator[22] ; clk_fast     ; clk_fast    ; 10.000       ; -0.093     ; 5.654      ;
; 4.260 ; iir_rc_filter:u_filter|accumulator[4]  ; iir_rc_filter:u_filter|accumulator[31] ; clk_fast     ; clk_fast    ; 10.000       ; -0.098     ; 5.643      ;
; 4.264 ; iir_rc_filter:u_filter|accumulator[3]  ; iir_rc_filter:u_filter|accumulator[25] ; clk_fast     ; clk_fast    ; 10.000       ; -0.098     ; 5.639      ;
; 4.273 ; iir_rc_filter:u_filter|accumulator[19] ; iir_rc_filter:u_filter|accumulator[22] ; clk_fast     ; clk_fast    ; 10.000       ; -0.093     ; 5.635      ;
; 4.279 ; iir_rc_filter:u_filter|accumulator[28] ; iir_rc_filter:u_filter|accumulator[31] ; clk_fast     ; clk_fast    ; 10.000       ; -0.093     ; 5.629      ;
; 4.283 ; iir_rc_filter:u_filter|accumulator[24] ; iir_rc_filter:u_filter|accumulator[31] ; clk_fast     ; clk_fast    ; 10.000       ; -0.093     ; 5.625      ;
; 4.286 ; iir_rc_filter:u_filter|accumulator[0]  ; iir_rc_filter:u_filter|accumulator[28] ; clk_fast     ; clk_fast    ; 10.000       ; -0.097     ; 5.618      ;
; 4.288 ; iir_rc_filter:u_filter|accumulator[20] ; iir_rc_filter:u_filter|accumulator[19] ; clk_fast     ; clk_fast    ; 10.000       ; -0.093     ; 5.620      ;
; 4.288 ; iir_rc_filter:u_filter|accumulator[13] ; iir_rc_filter:u_filter|accumulator[24] ; clk_fast     ; clk_fast    ; 10.000       ; -0.098     ; 5.615      ;
; 4.291 ; iir_rc_filter:u_filter|accumulator[21] ; iir_rc_filter:u_filter|accumulator[24] ; clk_fast     ; clk_fast    ; 10.000       ; -0.093     ; 5.617      ;
; 4.295 ; iir_rc_filter:u_filter|accumulator[22] ; iir_rc_filter:u_filter|accumulator[29] ; clk_fast     ; clk_fast    ; 10.000       ; -0.093     ; 5.613      ;
; 4.297 ; iir_rc_filter:u_filter|accumulator[17] ; iir_rc_filter:u_filter|accumulator[24] ; clk_fast     ; clk_fast    ; 10.000       ; -0.093     ; 5.611      ;
+-------+----------------------------------------+----------------------------------------+--------------+-------------+--------------+------------+------------+


+--------------------------------------------------------------------------------------------------------------------------------------------------------------------------------------------------------------------+
; Slow 1200mV 85C Model Setup: 'clk_sys'                                                                                                                                                                             ;
+--------+------------------------------------------------------------------+------------------------------------------------------------------+--------------+-------------+--------------+------------+------------+
; Slack  ; From Node                                                        ; To Node                                                          ; Launch Clock ; Latch Clock ; Relationship ; Clock Skew ; Data Delay ;
+--------+------------------------------------------------------------------+------------------------------------------------------------------+--------------+-------------+--------------+------------+------------+
; 14.263 ; interlock_aggregation_matrix:u_central_brain|holdoff_counter[4]  ; interlock_aggregation_matrix:u_central_brain|holdoff_counter[11] ; clk_sys      ; clk_sys     ; 20.000       ; -0.094     ; 5.644      ;
; 14.263 ; interlock_aggregation_matrix:u_central_brain|holdoff_counter[4]  ; interlock_aggregation_matrix:u_central_brain|holdoff_counter[10] ; clk_sys      ; clk_sys     ; 20.000       ; -0.094     ; 5.644      ;
; 14.263 ; interlock_aggregation_matrix:u_central_brain|holdoff_counter[4]  ; interlock_aggregation_matrix:u_central_brain|holdoff_counter[0]  ; clk_sys      ; clk_sys     ; 20.000       ; -0.094     ; 5.644      ;
; 14.263 ; interlock_aggregation_matrix:u_central_brain|holdoff_counter[4]  ; interlock_aggregation_matrix:u_central_brain|holdoff_counter[1]  ; clk_sys      ; clk_sys     ; 20.000       ; -0.094     ; 5.644      ;
; 14.263 ; interlock_aggregation_matrix:u_central_brain|holdoff_counter[4]  ; interlock_aggregation_matrix:u_central_brain|holdoff_counter[2]  ; clk_sys      ; clk_sys     ; 20.000       ; -0.094     ; 5.644      ;
; 14.263 ; interlock_aggregation_matrix:u_central_brain|holdoff_counter[4]  ; interlock_aggregation_matrix:u_central_brain|holdoff_counter[3]  ; clk_sys      ; clk_sys     ; 20.000       ; -0.094     ; 5.644      ;
; 14.263 ; interlock_aggregation_matrix:u_central_brain|holdoff_counter[4]  ; interlock_aggregation_matrix:u_central_brain|holdoff_counter[4]  ; clk_sys      ; clk_sys     ; 20.000       ; -0.094     ; 5.644      ;
; 14.263 ; interlock_aggregation_matrix:u_central_brain|holdoff_counter[4]  ; interlock_aggregation_matrix:u_central_brain|holdoff_counter[5]  ; clk_sys      ; clk_sys     ; 20.000       ; -0.094     ; 5.644      ;
; 14.263 ; interlock_aggregation_matrix:u_central_brain|holdoff_counter[4]  ; interlock_aggregation_matrix:u_central_brain|holdoff_counter[6]  ; clk_sys      ; clk_sys     ; 20.000       ; -0.094     ; 5.644      ;
; 14.263 ; interlock_aggregation_matrix:u_central_brain|holdoff_counter[4]  ; interlock_aggregation_matrix:u_central_brain|holdoff_counter[7]  ; clk_sys      ; clk_sys     ; 20.000       ; -0.094     ; 5.644      ;
; 14.263 ; interlock_aggregation_matrix:u_central_brain|holdoff_counter[4]  ; interlock_aggregation_matrix:u_central_brain|holdoff_counter[8]  ; clk_sys      ; clk_sys     ; 20.000       ; -0.094     ; 5.644      ;
; 14.263 ; interlock_aggregation_matrix:u_central_brain|holdoff_counter[4]  ; interlock_aggregation_matrix:u_central_brain|holdoff_counter[9]  ; clk_sys      ; clk_sys     ; 20.000       ; -0.094     ; 5.644      ;
; 14.270 ; interlock_aggregation_matrix:u_central_brain|holdoff_counter[5]  ; interlock_aggregation_matrix:u_central_brain|holdoff_counter[11] ; clk_sys      ; clk_sys     ; 20.000       ; -0.094     ; 5.637      ;
; 14.270 ; interlock_aggregation_matrix:u_central_brain|holdoff_counter[5]  ; interlock_aggregation_matrix:u_central_brain|holdoff_counter[10] ; clk_sys      ; clk_sys     ; 20.000       ; -0.094     ; 5.637      ;
; 14.270 ; interlock_aggregation_matrix:u_central_brain|holdoff_counter[5]  ; interlock_aggregation_matrix:u_central_brain|holdoff_counter[0]  ; clk_sys      ; clk_sys     ; 20.000       ; -0.094     ; 5.637      ;
; 14.270 ; interlock_aggregation_matrix:u_central_brain|holdoff_counter[5]  ; interlock_aggregation_matrix:u_central_brain|holdoff_counter[1]  ; clk_sys      ; clk_sys     ; 20.000       ; -0.094     ; 5.637      ;
; 14.270 ; interlock_aggregation_matrix:u_central_brain|holdoff_counter[5]  ; interlock_aggregation_matrix:u_central_brain|holdoff_counter[2]  ; clk_sys      ; clk_sys     ; 20.000       ; -0.094     ; 5.637      ;
; 14.270 ; interlock_aggregation_matrix:u_central_brain|holdoff_counter[5]  ; interlock_aggregation_matrix:u_central_brain|holdoff_counter[3]  ; clk_sys      ; clk_sys     ; 20.000       ; -0.094     ; 5.637      ;
; 14.270 ; interlock_aggregation_matrix:u_central_brain|holdoff_counter[5]  ; interlock_aggregation_matrix:u_central_brain|holdoff_counter[4]  ; clk_sys      ; clk_sys     ; 20.000       ; -0.094     ; 5.637      ;
; 14.270 ; interlock_aggregation_matrix:u_central_brain|holdoff_counter[5]  ; interlock_aggregation_matrix:u_central_brain|holdoff_counter[5]  ; clk_sys      ; clk_sys     ; 20.000       ; -0.094     ; 5.637      ;
; 14.270 ; interlock_aggregation_matrix:u_central_brain|holdoff_counter[5]  ; interlock_aggregation_matrix:u_central_brain|holdoff_counter[6]  ; clk_sys      ; clk_sys     ; 20.000       ; -0.094     ; 5.637      ;
; 14.270 ; interlock_aggregation_matrix:u_central_brain|holdoff_counter[5]  ; interlock_aggregation_matrix:u_central_brain|holdoff_counter[7]  ; clk_sys      ; clk_sys     ; 20.000       ; -0.094     ; 5.637      ;
; 14.270 ; interlock_aggregation_matrix:u_central_brain|holdoff_counter[5]  ; interlock_aggregation_matrix:u_central_brain|holdoff_counter[8]  ; clk_sys      ; clk_sys     ; 20.000       ; -0.094     ; 5.637      ;
; 14.270 ; interlock_aggregation_matrix:u_central_brain|holdoff_counter[5]  ; interlock_aggregation_matrix:u_central_brain|holdoff_counter[9]  ; clk_sys      ; clk_sys     ; 20.000       ; -0.094     ; 5.637      ;
; 14.473 ; interlock_aggregation_matrix:u_central_brain|holdoff_counter[2]  ; interlock_aggregation_matrix:u_central_brain|holdoff_counter[11] ; clk_sys      ; clk_sys     ; 20.000       ; -0.094     ; 5.434      ;
; 14.473 ; interlock_aggregation_matrix:u_central_brain|holdoff_counter[2]  ; interlock_aggregation_matrix:u_central_brain|holdoff_counter[10] ; clk_sys      ; clk_sys     ; 20.000       ; -0.094     ; 5.434      ;
; 14.473 ; interlock_aggregation_matrix:u_central_brain|holdoff_counter[2]  ; interlock_aggregation_matrix:u_central_brain|holdoff_counter[0]  ; clk_sys      ; clk_sys     ; 20.000       ; -0.094     ; 5.434      ;
; 14.473 ; interlock_aggregation_matrix:u_central_brain|holdoff_counter[2]  ; interlock_aggregation_matrix:u_central_brain|holdoff_counter[1]  ; clk_sys      ; clk_sys     ; 20.000       ; -0.094     ; 5.434      ;
; 14.473 ; interlock_aggregation_matrix:u_central_brain|holdoff_counter[2]  ; interlock_aggregation_matrix:u_central_brain|holdoff_counter[2]  ; clk_sys      ; clk_sys     ; 20.000       ; -0.094     ; 5.434      ;
; 14.473 ; interlock_aggregation_matrix:u_central_brain|holdoff_counter[2]  ; interlock_aggregation_matrix:u_central_brain|holdoff_counter[3]  ; clk_sys      ; clk_sys     ; 20.000       ; -0.094     ; 5.434      ;
; 14.473 ; interlock_aggregation_matrix:u_central_brain|holdoff_counter[2]  ; interlock_aggregation_matrix:u_central_brain|holdoff_counter[4]  ; clk_sys      ; clk_sys     ; 20.000       ; -0.094     ; 5.434      ;
; 14.473 ; interlock_aggregation_matrix:u_central_brain|holdoff_counter[2]  ; interlock_aggregation_matrix:u_central_brain|holdoff_counter[5]  ; clk_sys      ; clk_sys     ; 20.000       ; -0.094     ; 5.434      ;
; 14.473 ; interlock_aggregation_matrix:u_central_brain|holdoff_counter[2]  ; interlock_aggregation_matrix:u_central_brain|holdoff_counter[6]  ; clk_sys      ; clk_sys     ; 20.000       ; -0.094     ; 5.434      ;
; 14.473 ; interlock_aggregation_matrix:u_central_brain|holdoff_counter[2]  ; interlock_aggregation_matrix:u_central_brain|holdoff_counter[7]  ; clk_sys      ; clk_sys     ; 20.000       ; -0.094     ; 5.434      ;
; 14.473 ; interlock_aggregation_matrix:u_central_brain|holdoff_counter[2]  ; interlock_aggregation_matrix:u_central_brain|holdoff_counter[8]  ; clk_sys      ; clk_sys     ; 20.000       ; -0.094     ; 5.434      ;
; 14.473 ; interlock_aggregation_matrix:u_central_brain|holdoff_counter[2]  ; interlock_aggregation_matrix:u_central_brain|holdoff_counter[9]  ; clk_sys      ; clk_sys     ; 20.000       ; -0.094     ; 5.434      ;
; 14.605 ; interlock_aggregation_matrix:u_central_brain|holdoff_counter[3]  ; interlock_aggregation_matrix:u_central_brain|holdoff_counter[11] ; clk_sys      ; clk_sys     ; 20.000       ; -0.094     ; 5.302      ;
; 14.605 ; interlock_aggregation_matrix:u_central_brain|holdoff_counter[3]  ; interlock_aggregation_matrix:u_central_brain|holdoff_counter[10] ; clk_sys      ; clk_sys     ; 20.000       ; -0.094     ; 5.302      ;
; 14.605 ; interlock_aggregation_matrix:u_central_brain|holdoff_counter[3]  ; interlock_aggregation_matrix:u_central_brain|holdoff_counter[0]  ; clk_sys      ; clk_sys     ; 20.000       ; -0.094     ; 5.302      ;
; 14.605 ; interlock_aggregation_matrix:u_central_brain|holdoff_counter[3]  ; interlock_aggregation_matrix:u_central_brain|holdoff_counter[1]  ; clk_sys      ; clk_sys     ; 20.000       ; -0.094     ; 5.302      ;
; 14.605 ; interlock_aggregation_matrix:u_central_brain|holdoff_counter[3]  ; interlock_aggregation_matrix:u_central_brain|holdoff_counter[2]  ; clk_sys      ; clk_sys     ; 20.000       ; -0.094     ; 5.302      ;
; 14.605 ; interlock_aggregation_matrix:u_central_brain|holdoff_counter[3]  ; interlock_aggregation_matrix:u_central_brain|holdoff_counter[3]  ; clk_sys      ; clk_sys     ; 20.000       ; -0.094     ; 5.302      ;
; 14.605 ; interlock_aggregation_matrix:u_central_brain|holdoff_counter[3]  ; interlock_aggregation_matrix:u_central_brain|holdoff_counter[4]  ; clk_sys      ; clk_sys     ; 20.000       ; -0.094     ; 5.302      ;
; 14.605 ; interlock_aggregation_matrix:u_central_brain|holdoff_counter[3]  ; interlock_aggregation_matrix:u_central_brain|holdoff_counter[5]  ; clk_sys      ; clk_sys     ; 20.000       ; -0.094     ; 5.302      ;
; 14.605 ; interlock_aggregation_matrix:u_central_brain|holdoff_counter[3]  ; interlock_aggregation_matrix:u_central_brain|holdoff_counter[6]  ; clk_sys      ; clk_sys     ; 20.000       ; -0.094     ; 5.302      ;
; 14.605 ; interlock_aggregation_matrix:u_central_brain|holdoff_counter[3]  ; interlock_aggregation_matrix:u_central_brain|holdoff_counter[7]  ; clk_sys      ; clk_sys     ; 20.000       ; -0.094     ; 5.302      ;
; 14.605 ; interlock_aggregation_matrix:u_central_brain|holdoff_counter[3]  ; interlock_aggregation_matrix:u_central_brain|holdoff_counter[8]  ; clk_sys      ; clk_sys     ; 20.000       ; -0.094     ; 5.302      ;
; 14.605 ; interlock_aggregation_matrix:u_central_brain|holdoff_counter[3]  ; interlock_aggregation_matrix:u_central_brain|holdoff_counter[9]  ; clk_sys      ; clk_sys     ; 20.000       ; -0.094     ; 5.302      ;
; 14.941 ; interlock_aggregation_matrix:u_central_brain|holdoff_counter[7]  ; interlock_aggregation_matrix:u_central_brain|holdoff_counter[11] ; clk_sys      ; clk_sys     ; 20.000       ; -0.094     ; 4.966      ;
; 14.941 ; interlock_aggregation_matrix:u_central_brain|holdoff_counter[7]  ; interlock_aggregation_matrix:u_central_brain|holdoff_counter[10] ; clk_sys      ; clk_sys     ; 20.000       ; -0.094     ; 4.966      ;
; 14.941 ; interlock_aggregation_matrix:u_central_brain|holdoff_counter[7]  ; interlock_aggregation_matrix:u_central_brain|holdoff_counter[0]  ; clk_sys      ; clk_sys     ; 20.000       ; -0.094     ; 4.966      ;
; 14.941 ; interlock_aggregation_matrix:u_central_brain|holdoff_counter[7]  ; interlock_aggregation_matrix:u_central_brain|holdoff_counter[1]  ; clk_sys      ; clk_sys     ; 20.000       ; -0.094     ; 4.966      ;
; 14.941 ; interlock_aggregation_matrix:u_central_brain|holdoff_counter[7]  ; interlock_aggregation_matrix:u_central_brain|holdoff_counter[2]  ; clk_sys      ; clk_sys     ; 20.000       ; -0.094     ; 4.966      ;
; 14.941 ; interlock_aggregation_matrix:u_central_brain|holdoff_counter[7]  ; interlock_aggregation_matrix:u_central_brain|holdoff_counter[3]  ; clk_sys      ; clk_sys     ; 20.000       ; -0.094     ; 4.966      ;
; 14.941 ; interlock_aggregation_matrix:u_central_brain|holdoff_counter[7]  ; interlock_aggregation_matrix:u_central_brain|holdoff_counter[4]  ; clk_sys      ; clk_sys     ; 20.000       ; -0.094     ; 4.966      ;
; 14.941 ; interlock_aggregation_matrix:u_central_brain|holdoff_counter[7]  ; interlock_aggregation_matrix:u_central_brain|holdoff_counter[5]  ; clk_sys      ; clk_sys     ; 20.000       ; -0.094     ; 4.966      ;
; 14.941 ; interlock_aggregation_matrix:u_central_brain|holdoff_counter[7]  ; interlock_aggregation_matrix:u_central_brain|holdoff_counter[6]  ; clk_sys      ; clk_sys     ; 20.000       ; -0.094     ; 4.966      ;
; 14.941 ; interlock_aggregation_matrix:u_central_brain|holdoff_counter[7]  ; interlock_aggregation_matrix:u_central_brain|holdoff_counter[7]  ; clk_sys      ; clk_sys     ; 20.000       ; -0.094     ; 4.966      ;
; 14.941 ; interlock_aggregation_matrix:u_central_brain|holdoff_counter[7]  ; interlock_aggregation_matrix:u_central_brain|holdoff_counter[8]  ; clk_sys      ; clk_sys     ; 20.000       ; -0.094     ; 4.966      ;
; 14.941 ; interlock_aggregation_matrix:u_central_brain|holdoff_counter[7]  ; interlock_aggregation_matrix:u_central_brain|holdoff_counter[9]  ; clk_sys      ; clk_sys     ; 20.000       ; -0.094     ; 4.966      ;
; 15.089 ; interlock_aggregation_matrix:u_central_brain|holdoff_counter[8]  ; interlock_aggregation_matrix:u_central_brain|holdoff_counter[11] ; clk_sys      ; clk_sys     ; 20.000       ; -0.094     ; 4.818      ;
; 15.089 ; interlock_aggregation_matrix:u_central_brain|holdoff_counter[8]  ; interlock_aggregation_matrix:u_central_brain|holdoff_counter[10] ; clk_sys      ; clk_sys     ; 20.000       ; -0.094     ; 4.818      ;
; 15.089 ; interlock_aggregation_matrix:u_central_brain|holdoff_counter[8]  ; interlock_aggregation_matrix:u_central_brain|holdoff_counter[0]  ; clk_sys      ; clk_sys     ; 20.000       ; -0.094     ; 4.818      ;
; 15.089 ; interlock_aggregation_matrix:u_central_brain|holdoff_counter[8]  ; interlock_aggregation_matrix:u_central_brain|holdoff_counter[1]  ; clk_sys      ; clk_sys     ; 20.000       ; -0.094     ; 4.818      ;
; 15.089 ; interlock_aggregation_matrix:u_central_brain|holdoff_counter[8]  ; interlock_aggregation_matrix:u_central_brain|holdoff_counter[2]  ; clk_sys      ; clk_sys     ; 20.000       ; -0.094     ; 4.818      ;
; 15.089 ; interlock_aggregation_matrix:u_central_brain|holdoff_counter[8]  ; interlock_aggregation_matrix:u_central_brain|holdoff_counter[3]  ; clk_sys      ; clk_sys     ; 20.000       ; -0.094     ; 4.818      ;
; 15.089 ; interlock_aggregation_matrix:u_central_brain|holdoff_counter[8]  ; interlock_aggregation_matrix:u_central_brain|holdoff_counter[4]  ; clk_sys      ; clk_sys     ; 20.000       ; -0.094     ; 4.818      ;
; 15.089 ; interlock_aggregation_matrix:u_central_brain|holdoff_counter[8]  ; interlock_aggregation_matrix:u_central_brain|holdoff_counter[5]  ; clk_sys      ; clk_sys     ; 20.000       ; -0.094     ; 4.818      ;
; 15.089 ; interlock_aggregation_matrix:u_central_brain|holdoff_counter[8]  ; interlock_aggregation_matrix:u_central_brain|holdoff_counter[6]  ; clk_sys      ; clk_sys     ; 20.000       ; -0.094     ; 4.818      ;
; 15.089 ; interlock_aggregation_matrix:u_central_brain|holdoff_counter[8]  ; interlock_aggregation_matrix:u_central_brain|holdoff_counter[7]  ; clk_sys      ; clk_sys     ; 20.000       ; -0.094     ; 4.818      ;
; 15.089 ; interlock_aggregation_matrix:u_central_brain|holdoff_counter[8]  ; interlock_aggregation_matrix:u_central_brain|holdoff_counter[8]  ; clk_sys      ; clk_sys     ; 20.000       ; -0.094     ; 4.818      ;
; 15.089 ; interlock_aggregation_matrix:u_central_brain|holdoff_counter[8]  ; interlock_aggregation_matrix:u_central_brain|holdoff_counter[9]  ; clk_sys      ; clk_sys     ; 20.000       ; -0.094     ; 4.818      ;
; 15.402 ; interlock_aggregation_matrix:u_central_brain|holdoff_counter[6]  ; interlock_aggregation_matrix:u_central_brain|holdoff_counter[11] ; clk_sys      ; clk_sys     ; 20.000       ; -0.094     ; 4.505      ;
; 15.402 ; interlock_aggregation_matrix:u_central_brain|holdoff_counter[6]  ; interlock_aggregation_matrix:u_central_brain|holdoff_counter[10] ; clk_sys      ; clk_sys     ; 20.000       ; -0.094     ; 4.505      ;
; 15.402 ; interlock_aggregation_matrix:u_central_brain|holdoff_counter[6]  ; interlock_aggregation_matrix:u_central_brain|holdoff_counter[0]  ; clk_sys      ; clk_sys     ; 20.000       ; -0.094     ; 4.505      ;
; 15.402 ; interlock_aggregation_matrix:u_central_brain|holdoff_counter[6]  ; interlock_aggregation_matrix:u_central_brain|holdoff_counter[1]  ; clk_sys      ; clk_sys     ; 20.000       ; -0.094     ; 4.505      ;
; 15.402 ; interlock_aggregation_matrix:u_central_brain|holdoff_counter[6]  ; interlock_aggregation_matrix:u_central_brain|holdoff_counter[2]  ; clk_sys      ; clk_sys     ; 20.000       ; -0.094     ; 4.505      ;
; 15.402 ; interlock_aggregation_matrix:u_central_brain|holdoff_counter[6]  ; interlock_aggregation_matrix:u_central_brain|holdoff_counter[3]  ; clk_sys      ; clk_sys     ; 20.000       ; -0.094     ; 4.505      ;
; 15.402 ; interlock_aggregation_matrix:u_central_brain|holdoff_counter[6]  ; interlock_aggregation_matrix:u_central_brain|holdoff_counter[4]  ; clk_sys      ; clk_sys     ; 20.000       ; -0.094     ; 4.505      ;
; 15.402 ; interlock_aggregation_matrix:u_central_brain|holdoff_counter[6]  ; interlock_aggregation_matrix:u_central_brain|holdoff_counter[5]  ; clk_sys      ; clk_sys     ; 20.000       ; -0.094     ; 4.505      ;
; 15.402 ; interlock_aggregation_matrix:u_central_brain|holdoff_counter[6]  ; interlock_aggregation_matrix:u_central_brain|holdoff_counter[6]  ; clk_sys      ; clk_sys     ; 20.000       ; -0.094     ; 4.505      ;
; 15.402 ; interlock_aggregation_matrix:u_central_brain|holdoff_counter[6]  ; interlock_aggregation_matrix:u_central_brain|holdoff_counter[7]  ; clk_sys      ; clk_sys     ; 20.000       ; -0.094     ; 4.505      ;
; 15.402 ; interlock_aggregation_matrix:u_central_brain|holdoff_counter[6]  ; interlock_aggregation_matrix:u_central_brain|holdoff_counter[8]  ; clk_sys      ; clk_sys     ; 20.000       ; -0.094     ; 4.505      ;
; 15.402 ; interlock_aggregation_matrix:u_central_brain|holdoff_counter[6]  ; interlock_aggregation_matrix:u_central_brain|holdoff_counter[9]  ; clk_sys      ; clk_sys     ; 20.000       ; -0.094     ; 4.505      ;
; 15.740 ; interlock_aggregation_matrix:u_central_brain|holdoff_counter[4]  ; interlock_aggregation_matrix:u_central_brain|psu_contactor_o     ; clk_sys      ; clk_sys     ; 20.000       ; -0.105     ; 4.156      ;
; 15.747 ; interlock_aggregation_matrix:u_central_brain|holdoff_counter[5]  ; interlock_aggregation_matrix:u_central_brain|psu_contactor_o     ; clk_sys      ; clk_sys     ; 20.000       ; -0.105     ; 4.149      ;
; 15.796 ; interlock_aggregation_matrix:u_central_brain|holdoff_counter[11] ; interlock_aggregation_matrix:u_central_brain|holdoff_counter[11] ; clk_sys      ; clk_sys     ; 20.000       ; -0.094     ; 4.111      ;
; 15.796 ; interlock_aggregation_matrix:u_central_brain|holdoff_counter[11] ; interlock_aggregation_matrix:u_central_brain|holdoff_counter[10] ; clk_sys      ; clk_sys     ; 20.000       ; -0.094     ; 4.111      ;
; 15.796 ; interlock_aggregation_matrix:u_central_brain|holdoff_counter[11] ; interlock_aggregation_matrix:u_central_brain|holdoff_counter[0]  ; clk_sys      ; clk_sys     ; 20.000       ; -0.094     ; 4.111      ;
; 15.796 ; interlock_aggregation_matrix:u_central_brain|holdoff_counter[11] ; interlock_aggregation_matrix:u_central_brain|holdoff_counter[1]  ; clk_sys      ; clk_sys     ; 20.000       ; -0.094     ; 4.111      ;
; 15.796 ; interlock_aggregation_matrix:u_central_brain|holdoff_counter[11] ; interlock_aggregation_matrix:u_central_brain|holdoff_counter[2]  ; clk_sys      ; clk_sys     ; 20.000       ; -0.094     ; 4.111      ;
; 15.796 ; interlock_aggregation_matrix:u_central_brain|holdoff_counter[11] ; interlock_aggregation_matrix:u_central_brain|holdoff_counter[3]  ; clk_sys      ; clk_sys     ; 20.000       ; -0.094     ; 4.111      ;
; 15.796 ; interlock_aggregation_matrix:u_central_brain|holdoff_counter[11] ; interlock_aggregation_matrix:u_central_brain|holdoff_counter[4]  ; clk_sys      ; clk_sys     ; 20.000       ; -0.094     ; 4.111      ;
; 15.796 ; interlock_aggregation_matrix:u_central_brain|holdoff_counter[11] ; interlock_aggregation_matrix:u_central_brain|holdoff_counter[5]  ; clk_sys      ; clk_sys     ; 20.000       ; -0.094     ; 4.111      ;
; 15.796 ; interlock_aggregation_matrix:u_central_brain|holdoff_counter[11] ; interlock_aggregation_matrix:u_central_brain|holdoff_counter[6]  ; clk_sys      ; clk_sys     ; 20.000       ; -0.094     ; 4.111      ;
; 15.796 ; interlock_aggregation_matrix:u_central_brain|holdoff_counter[11] ; interlock_aggregation_matrix:u_central_brain|holdoff_counter[7]  ; clk_sys      ; clk_sys     ; 20.000       ; -0.094     ; 4.111      ;
; 15.796 ; interlock_aggregation_matrix:u_central_brain|holdoff_counter[11] ; interlock_aggregation_matrix:u_central_brain|holdoff_counter[8]  ; clk_sys      ; clk_sys     ; 20.000       ; -0.094     ; 4.111      ;
; 15.796 ; interlock_aggregation_matrix:u_central_brain|holdoff_counter[11] ; interlock_aggregation_matrix:u_central_brain|holdoff_counter[9]  ; clk_sys      ; clk_sys     ; 20.000       ; -0.094     ; 4.111      ;
; 15.950 ; interlock_aggregation_matrix:u_central_brain|holdoff_counter[2]  ; interlock_aggregation_matrix:u_central_brain|psu_contactor_o     ; clk_sys      ; clk_sys     ; 20.000       ; -0.105     ; 3.946      ;
; 16.009 ; interlock_aggregation_matrix:u_central_brain|holdoff_counter[9]  ; interlock_aggregation_matrix:u_central_brain|holdoff_counter[11] ; clk_sys      ; clk_sys     ; 20.000       ; -0.094     ; 3.898      ;
+--------+------------------------------------------------------------------+------------------------------------------------------------------+--------------+-------------+--------------+------------+------------+


+-----------------------------------------------------------------------------------------------------------------------------------------------------------------------------------------+
; Slow 1200mV 85C Model Setup: 'clk_telemetry'                                                                                                                                            ;
+--------+---------------------------------------------------+---------------------------------------------------+---------------+---------------+--------------+------------+------------+
; Slack  ; From Node                                         ; To Node                                           ; Launch Clock  ; Latch Clock   ; Relationship ; Clock Skew ; Data Delay ;
+--------+---------------------------------------------------+---------------------------------------------------+---------------+---------------+--------------+------------+------------+
; 97.889 ; module_health_monitor:u_health_mon|trip_unbalance ; module_health_monitor:u_health_mon|trip_unbalance ; clk_telemetry ; clk_telemetry ; 100.000      ; -0.120     ; 2.012      ;
+--------+---------------------------------------------------+---------------------------------------------------+---------------+---------------+--------------+------------+------------+


+-------------------------------------------------------------------------------------------------------------------------------------------------------------------------------------------------------------------+
; Slow 1200mV 85C Model Hold: 'clk_sys'                                                                                                                                                                             ;
+-------+------------------------------------------------------------------+------------------------------------------------------------------+--------------+-------------+--------------+------------+------------+
; Slack ; From Node                                                        ; To Node                                                          ; Launch Clock ; Latch Clock ; Relationship ; Clock Skew ; Data Delay ;
+-------+------------------------------------------------------------------+------------------------------------------------------------------+--------------+-------------+--------------+------------+------------+
; 0.440 ; interlock_aggregation_matrix:u_central_brain|psu_contactor_o     ; interlock_aggregation_matrix:u_central_brain|psu_contactor_o     ; clk_sys      ; clk_sys     ; 0.000        ; 0.094      ; 0.746      ;
; 0.440 ; interlock_aggregation_matrix:u_central_brain|psu_armed           ; interlock_aggregation_matrix:u_central_brain|psu_armed           ; clk_sys      ; clk_sys     ; 0.000        ; 0.094      ; 0.746      ;
; 0.440 ; interlock_aggregation_matrix:u_central_brain|rf_gate_disable_o   ; interlock_aggregation_matrix:u_central_brain|rf_gate_disable_o   ; clk_sys      ; clk_sys     ; 0.000        ; 0.094      ; 0.746      ;
; 0.485 ; gc_sync_ffs:u_sync_unbalance|gc_sync:cmp_gc_sync|sync0           ; gc_sync_ffs:u_sync_unbalance|gc_sync:cmp_gc_sync|sync1           ; clk_sys      ; clk_sys     ; 0.000        ; 0.094      ; 0.791      ;
; 0.486 ; gc_sync_ffs:u_sync_fast|gc_sync:cmp_gc_sync|sync0                ; gc_sync_ffs:u_sync_fast|gc_sync:cmp_gc_sync|sync1                ; clk_sys      ; clk_sys     ; 0.000        ; 0.093      ; 0.791      ;
; 0.487 ; gc_sync_ffs:u_sync_slow|gc_sync:cmp_gc_sync|sync1                ; gc_sync_ffs:u_sync_slow|synced_o                                 ; clk_sys      ; clk_sys     ; 0.000        ; 0.094      ; 0.793      ;
; 0.488 ; gc_sync_ffs:u_sync_overdrive|gc_sync:cmp_gc_sync|sync0           ; gc_sync_ffs:u_sync_overdrive|gc_sync:cmp_gc_sync|sync1           ; clk_sys      ; clk_sys     ; 0.000        ; 0.093      ; 0.793      ;
; 0.488 ; gc_sync_ffs:u_sync_fast|gc_sync:cmp_gc_sync|sync1                ; gc_sync_ffs:u_sync_fast|synced_o                                 ; clk_sys      ; clk_sys     ; 0.000        ; 0.093      ; 0.793      ;
; 0.514 ; gc_sync_ffs:u_sync_unbalance|synced_o                            ; interlock_aggregation_matrix:u_central_brain|psu_armed           ; clk_sys      ; clk_sys     ; 0.000        ; 0.094      ; 0.820      ;
; 0.519 ; interlock_aggregation_matrix:u_central_brain|rf_gate_disable_o   ; interlock_aggregation_matrix:u_central_brain|psu_contactor_o     ; clk_sys      ; clk_sys     ; 0.000        ; 0.094      ; 0.825      ;
; 0.636 ; gc_sync_ffs:u_sync_unbalance|gc_sync:cmp_gc_sync|sync1           ; gc_sync_ffs:u_sync_unbalance|synced_o                            ; clk_sys      ; clk_sys     ; 0.000        ; 0.094      ; 0.942      ;
; 0.691 ; gc_sync_ffs:u_sync_overdrive|gc_sync:cmp_gc_sync|sync1           ; gc_sync_ffs:u_sync_overdrive|synced_o                            ; clk_sys      ; clk_sys     ; 0.000        ; 0.093      ; 0.996      ;
; 0.731 ; interlock_aggregation_matrix:u_central_brain|holdoff_counter[1]  ; interlock_aggregation_matrix:u_central_brain|holdoff_counter[1]  ; clk_sys      ; clk_sys     ; 0.000        ; 0.094      ; 1.037      ;
; 0.740 ; interlock_aggregation_matrix:u_central_brain|holdoff_counter[3]  ; interlock_aggregation_matrix:u_central_brain|holdoff_counter[3]  ; clk_sys      ; clk_sys     ; 0.000        ; 0.094      ; 1.046      ;
; 0.740 ; interlock_aggregation_matrix:u_central_brain|holdoff_counter[5]  ; interlock_aggregation_matrix:u_central_brain|holdoff_counter[5]  ; clk_sys      ; clk_sys     ; 0.000        ; 0.094      ; 1.046      ;
; 0.740 ; interlock_aggregation_matrix:u_central_brain|holdoff_counter[9]  ; interlock_aggregation_matrix:u_central_brain|holdoff_counter[9]  ; clk_sys      ; clk_sys     ; 0.000        ; 0.094      ; 1.046      ;
; 0.742 ; interlock_aggregation_matrix:u_central_brain|holdoff_counter[2]  ; interlock_aggregation_matrix:u_central_brain|holdoff_counter[2]  ; clk_sys      ; clk_sys     ; 0.000        ; 0.094      ; 1.048      ;
; 0.742 ; interlock_aggregation_matrix:u_central_brain|holdoff_counter[6]  ; interlock_aggregation_matrix:u_central_brain|holdoff_counter[6]  ; clk_sys      ; clk_sys     ; 0.000        ; 0.094      ; 1.048      ;
; 0.742 ; interlock_aggregation_matrix:u_central_brain|holdoff_counter[8]  ; interlock_aggregation_matrix:u_central_brain|holdoff_counter[8]  ; clk_sys      ; clk_sys     ; 0.000        ; 0.094      ; 1.048      ;
; 0.743 ; interlock_aggregation_matrix:u_central_brain|holdoff_counter[10] ; interlock_aggregation_matrix:u_central_brain|holdoff_counter[10] ; clk_sys      ; clk_sys     ; 0.000        ; 0.094      ; 1.049      ;
; 0.744 ; interlock_aggregation_matrix:u_central_brain|holdoff_counter[11] ; interlock_aggregation_matrix:u_central_brain|holdoff_counter[11] ; clk_sys      ; clk_sys     ; 0.000        ; 0.094      ; 1.050      ;
; 0.744 ; interlock_aggregation_matrix:u_central_brain|holdoff_counter[4]  ; interlock_aggregation_matrix:u_central_brain|holdoff_counter[4]  ; clk_sys      ; clk_sys     ; 0.000        ; 0.094      ; 1.050      ;
; 0.755 ; interlock_aggregation_matrix:u_central_brain|holdoff_counter[0]  ; interlock_aggregation_matrix:u_central_brain|holdoff_counter[0]  ; clk_sys      ; clk_sys     ; 0.000        ; 0.094      ; 1.061      ;
; 0.757 ; interlock_aggregation_matrix:u_central_brain|holdoff_counter[7]  ; interlock_aggregation_matrix:u_central_brain|holdoff_counter[7]  ; clk_sys      ; clk_sys     ; 0.000        ; 0.094      ; 1.063      ;
; 0.763 ; interlock_aggregation_matrix:u_central_brain|psu_armed           ; interlock_aggregation_matrix:u_central_brain|psu_contactor_o     ; clk_sys      ; clk_sys     ; 0.000        ; 0.094      ; 1.069      ;
; 0.821 ; gc_sync_ffs:u_sync_slow|synced_o                                 ; interlock_aggregation_matrix:u_central_brain|psu_armed           ; clk_sys      ; clk_sys     ; 0.000        ; 0.094      ; 1.127      ;
; 1.086 ; interlock_aggregation_matrix:u_central_brain|holdoff_counter[1]  ; interlock_aggregation_matrix:u_central_brain|holdoff_counter[2]  ; clk_sys      ; clk_sys     ; 0.000        ; 0.094      ; 1.392      ;
; 1.093 ; interlock_aggregation_matrix:u_central_brain|holdoff_counter[0]  ; interlock_aggregation_matrix:u_central_brain|holdoff_counter[1]  ; clk_sys      ; clk_sys     ; 0.000        ; 0.094      ; 1.399      ;
; 1.094 ; interlock_aggregation_matrix:u_central_brain|holdoff_counter[5]  ; interlock_aggregation_matrix:u_central_brain|holdoff_counter[6]  ; clk_sys      ; clk_sys     ; 0.000        ; 0.094      ; 1.400      ;
; 1.095 ; interlock_aggregation_matrix:u_central_brain|holdoff_counter[9]  ; interlock_aggregation_matrix:u_central_brain|holdoff_counter[10] ; clk_sys      ; clk_sys     ; 0.000        ; 0.094      ; 1.401      ;
; 1.095 ; interlock_aggregation_matrix:u_central_brain|holdoff_counter[3]  ; interlock_aggregation_matrix:u_central_brain|holdoff_counter[4]  ; clk_sys      ; clk_sys     ; 0.000        ; 0.094      ; 1.401      ;
; 1.102 ; interlock_aggregation_matrix:u_central_brain|holdoff_counter[0]  ; interlock_aggregation_matrix:u_central_brain|holdoff_counter[2]  ; clk_sys      ; clk_sys     ; 0.000        ; 0.094      ; 1.408      ;
; 1.103 ; interlock_aggregation_matrix:u_central_brain|holdoff_counter[2]  ; interlock_aggregation_matrix:u_central_brain|holdoff_counter[3]  ; clk_sys      ; clk_sys     ; 0.000        ; 0.094      ; 1.409      ;
; 1.103 ; interlock_aggregation_matrix:u_central_brain|holdoff_counter[8]  ; interlock_aggregation_matrix:u_central_brain|holdoff_counter[9]  ; clk_sys      ; clk_sys     ; 0.000        ; 0.094      ; 1.409      ;
; 1.103 ; interlock_aggregation_matrix:u_central_brain|holdoff_counter[6]  ; interlock_aggregation_matrix:u_central_brain|holdoff_counter[7]  ; clk_sys      ; clk_sys     ; 0.000        ; 0.094      ; 1.409      ;
; 1.104 ; interlock_aggregation_matrix:u_central_brain|holdoff_counter[10] ; interlock_aggregation_matrix:u_central_brain|holdoff_counter[11] ; clk_sys      ; clk_sys     ; 0.000        ; 0.094      ; 1.410      ;
; 1.105 ; interlock_aggregation_matrix:u_central_brain|holdoff_counter[4]  ; interlock_aggregation_matrix:u_central_brain|holdoff_counter[5]  ; clk_sys      ; clk_sys     ; 0.000        ; 0.094      ; 1.411      ;
; 1.111 ; interlock_aggregation_matrix:u_central_brain|holdoff_counter[7]  ; interlock_aggregation_matrix:u_central_brain|holdoff_counter[8]  ; clk_sys      ; clk_sys     ; 0.000        ; 0.094      ; 1.417      ;
; 1.112 ; interlock_aggregation_matrix:u_central_brain|holdoff_counter[8]  ; interlock_aggregation_matrix:u_central_brain|holdoff_counter[10] ; clk_sys      ; clk_sys     ; 0.000        ; 0.094      ; 1.418      ;
; 1.112 ; interlock_aggregation_matrix:u_central_brain|holdoff_counter[2]  ; interlock_aggregation_matrix:u_central_brain|holdoff_counter[4]  ; clk_sys      ; clk_sys     ; 0.000        ; 0.094      ; 1.418      ;
; 1.112 ; interlock_aggregation_matrix:u_central_brain|holdoff_counter[6]  ; interlock_aggregation_matrix:u_central_brain|holdoff_counter[8]  ; clk_sys      ; clk_sys     ; 0.000        ; 0.094      ; 1.418      ;
; 1.114 ; interlock_aggregation_matrix:u_central_brain|holdoff_counter[4]  ; interlock_aggregation_matrix:u_central_brain|holdoff_counter[6]  ; clk_sys      ; clk_sys     ; 0.000        ; 0.094      ; 1.420      ;
; 1.205 ; interlock_aggregation_matrix:u_central_brain|holdoff_counter[1]  ; interlock_aggregation_matrix:u_central_brain|holdoff_counter[3]  ; clk_sys      ; clk_sys     ; 0.000        ; 0.094      ; 1.511      ;
; 1.217 ; interlock_aggregation_matrix:u_central_brain|holdoff_counter[3]  ; interlock_aggregation_matrix:u_central_brain|holdoff_counter[5]  ; clk_sys      ; clk_sys     ; 0.000        ; 0.094      ; 1.523      ;
; 1.219 ; interlock_aggregation_matrix:u_central_brain|holdoff_counter[9]  ; interlock_aggregation_matrix:u_central_brain|holdoff_counter[11] ; clk_sys      ; clk_sys     ; 0.000        ; 0.094      ; 1.525      ;
; 1.225 ; interlock_aggregation_matrix:u_central_brain|holdoff_counter[5]  ; interlock_aggregation_matrix:u_central_brain|holdoff_counter[7]  ; clk_sys      ; clk_sys     ; 0.000        ; 0.094      ; 1.531      ;
; 1.226 ; interlock_aggregation_matrix:u_central_brain|holdoff_counter[1]  ; interlock_aggregation_matrix:u_central_brain|holdoff_counter[4]  ; clk_sys      ; clk_sys     ; 0.000        ; 0.094      ; 1.532      ;
; 1.233 ; interlock_aggregation_matrix:u_central_brain|holdoff_counter[0]  ; interlock_aggregation_matrix:u_central_brain|holdoff_counter[3]  ; clk_sys      ; clk_sys     ; 0.000        ; 0.094      ; 1.539      ;
; 1.234 ; interlock_aggregation_matrix:u_central_brain|holdoff_counter[5]  ; interlock_aggregation_matrix:u_central_brain|holdoff_counter[8]  ; clk_sys      ; clk_sys     ; 0.000        ; 0.094      ; 1.540      ;
; 1.235 ; interlock_aggregation_matrix:u_central_brain|holdoff_counter[3]  ; interlock_aggregation_matrix:u_central_brain|holdoff_counter[6]  ; clk_sys      ; clk_sys     ; 0.000        ; 0.094      ; 1.541      ;
; 1.239 ; interlock_aggregation_matrix:u_central_brain|holdoff_counter[7]  ; interlock_aggregation_matrix:u_central_brain|holdoff_counter[9]  ; clk_sys      ; clk_sys     ; 0.000        ; 0.094      ; 1.545      ;
; 1.242 ; interlock_aggregation_matrix:u_central_brain|holdoff_counter[0]  ; interlock_aggregation_matrix:u_central_brain|holdoff_counter[4]  ; clk_sys      ; clk_sys     ; 0.000        ; 0.094      ; 1.548      ;
; 1.243 ; interlock_aggregation_matrix:u_central_brain|holdoff_counter[8]  ; interlock_aggregation_matrix:u_central_brain|holdoff_counter[11] ; clk_sys      ; clk_sys     ; 0.000        ; 0.094      ; 1.549      ;
; 1.243 ; interlock_aggregation_matrix:u_central_brain|holdoff_counter[2]  ; interlock_aggregation_matrix:u_central_brain|holdoff_counter[5]  ; clk_sys      ; clk_sys     ; 0.000        ; 0.094      ; 1.549      ;
; 1.243 ; interlock_aggregation_matrix:u_central_brain|holdoff_counter[6]  ; interlock_aggregation_matrix:u_central_brain|holdoff_counter[9]  ; clk_sys      ; clk_sys     ; 0.000        ; 0.094      ; 1.549      ;
; 1.245 ; interlock_aggregation_matrix:u_central_brain|holdoff_counter[4]  ; interlock_aggregation_matrix:u_central_brain|holdoff_counter[7]  ; clk_sys      ; clk_sys     ; 0.000        ; 0.094      ; 1.551      ;
; 1.251 ; interlock_aggregation_matrix:u_central_brain|holdoff_counter[7]  ; interlock_aggregation_matrix:u_central_brain|holdoff_counter[10] ; clk_sys      ; clk_sys     ; 0.000        ; 0.094      ; 1.557      ;
; 1.252 ; interlock_aggregation_matrix:u_central_brain|holdoff_counter[2]  ; interlock_aggregation_matrix:u_central_brain|holdoff_counter[6]  ; clk_sys      ; clk_sys     ; 0.000        ; 0.094      ; 1.558      ;
; 1.252 ; interlock_aggregation_matrix:u_central_brain|holdoff_counter[6]  ; interlock_aggregation_matrix:u_central_brain|holdoff_counter[10] ; clk_sys      ; clk_sys     ; 0.000        ; 0.094      ; 1.558      ;
; 1.254 ; interlock_aggregation_matrix:u_central_brain|holdoff_counter[4]  ; interlock_aggregation_matrix:u_central_brain|holdoff_counter[8]  ; clk_sys      ; clk_sys     ; 0.000        ; 0.094      ; 1.560      ;
; 1.345 ; interlock_aggregation_matrix:u_central_brain|holdoff_counter[1]  ; interlock_aggregation_matrix:u_central_brain|holdoff_counter[5]  ; clk_sys      ; clk_sys     ; 0.000        ; 0.094      ; 1.651      ;
; 1.357 ; interlock_aggregation_matrix:u_central_brain|holdoff_counter[3]  ; interlock_aggregation_matrix:u_central_brain|holdoff_counter[7]  ; clk_sys      ; clk_sys     ; 0.000        ; 0.094      ; 1.663      ;
; 1.365 ; interlock_aggregation_matrix:u_central_brain|holdoff_counter[5]  ; interlock_aggregation_matrix:u_central_brain|holdoff_counter[9]  ; clk_sys      ; clk_sys     ; 0.000        ; 0.094      ; 1.671      ;
; 1.366 ; interlock_aggregation_matrix:u_central_brain|holdoff_counter[1]  ; interlock_aggregation_matrix:u_central_brain|holdoff_counter[6]  ; clk_sys      ; clk_sys     ; 0.000        ; 0.094      ; 1.672      ;
; 1.373 ; interlock_aggregation_matrix:u_central_brain|holdoff_counter[0]  ; interlock_aggregation_matrix:u_central_brain|holdoff_counter[5]  ; clk_sys      ; clk_sys     ; 0.000        ; 0.094      ; 1.679      ;
; 1.374 ; interlock_aggregation_matrix:u_central_brain|holdoff_counter[5]  ; interlock_aggregation_matrix:u_central_brain|holdoff_counter[10] ; clk_sys      ; clk_sys     ; 0.000        ; 0.094      ; 1.680      ;
; 1.375 ; interlock_aggregation_matrix:u_central_brain|holdoff_counter[3]  ; interlock_aggregation_matrix:u_central_brain|holdoff_counter[8]  ; clk_sys      ; clk_sys     ; 0.000        ; 0.094      ; 1.681      ;
; 1.379 ; interlock_aggregation_matrix:u_central_brain|holdoff_counter[7]  ; interlock_aggregation_matrix:u_central_brain|holdoff_counter[11] ; clk_sys      ; clk_sys     ; 0.000        ; 0.094      ; 1.685      ;
; 1.382 ; interlock_aggregation_matrix:u_central_brain|holdoff_counter[0]  ; interlock_aggregation_matrix:u_central_brain|holdoff_counter[6]  ; clk_sys      ; clk_sys     ; 0.000        ; 0.094      ; 1.688      ;
; 1.383 ; interlock_aggregation_matrix:u_central_brain|holdoff_counter[2]  ; interlock_aggregation_matrix:u_central_brain|holdoff_counter[7]  ; clk_sys      ; clk_sys     ; 0.000        ; 0.094      ; 1.689      ;
; 1.383 ; interlock_aggregation_matrix:u_central_brain|holdoff_counter[6]  ; interlock_aggregation_matrix:u_central_brain|holdoff_counter[11] ; clk_sys      ; clk_sys     ; 0.000        ; 0.094      ; 1.689      ;
; 1.385 ; interlock_aggregation_matrix:u_central_brain|holdoff_counter[4]  ; interlock_aggregation_matrix:u_central_brain|holdoff_counter[9]  ; clk_sys      ; clk_sys     ; 0.000        ; 0.094      ; 1.691      ;
; 1.392 ; interlock_aggregation_matrix:u_central_brain|holdoff_counter[2]  ; interlock_aggregation_matrix:u_central_brain|holdoff_counter[8]  ; clk_sys      ; clk_sys     ; 0.000        ; 0.094      ; 1.698      ;
; 1.394 ; interlock_aggregation_matrix:u_central_brain|holdoff_counter[4]  ; interlock_aggregation_matrix:u_central_brain|holdoff_counter[10] ; clk_sys      ; clk_sys     ; 0.000        ; 0.094      ; 1.700      ;
; 1.485 ; interlock_aggregation_matrix:u_central_brain|holdoff_counter[1]  ; interlock_aggregation_matrix:u_central_brain|holdoff_counter[7]  ; clk_sys      ; clk_sys     ; 0.000        ; 0.094      ; 1.791      ;
; 1.497 ; interlock_aggregation_matrix:u_central_brain|holdoff_counter[3]  ; interlock_aggregation_matrix:u_central_brain|holdoff_counter[9]  ; clk_sys      ; clk_sys     ; 0.000        ; 0.094      ; 1.803      ;
; 1.505 ; interlock_aggregation_matrix:u_central_brain|holdoff_counter[5]  ; interlock_aggregation_matrix:u_central_brain|holdoff_counter[11] ; clk_sys      ; clk_sys     ; 0.000        ; 0.094      ; 1.811      ;
; 1.506 ; interlock_aggregation_matrix:u_central_brain|holdoff_counter[1]  ; interlock_aggregation_matrix:u_central_brain|holdoff_counter[8]  ; clk_sys      ; clk_sys     ; 0.000        ; 0.094      ; 1.812      ;
; 1.513 ; interlock_aggregation_matrix:u_central_brain|holdoff_counter[0]  ; interlock_aggregation_matrix:u_central_brain|holdoff_counter[7]  ; clk_sys      ; clk_sys     ; 0.000        ; 0.094      ; 1.819      ;
; 1.515 ; interlock_aggregation_matrix:u_central_brain|holdoff_counter[3]  ; interlock_aggregation_matrix:u_central_brain|holdoff_counter[10] ; clk_sys      ; clk_sys     ; 0.000        ; 0.094      ; 1.821      ;
; 1.522 ; interlock_aggregation_matrix:u_central_brain|holdoff_counter[0]  ; interlock_aggregation_matrix:u_central_brain|holdoff_counter[8]  ; clk_sys      ; clk_sys     ; 0.000        ; 0.094      ; 1.828      ;
; 1.523 ; interlock_aggregation_matrix:u_central_brain|holdoff_counter[2]  ; interlock_aggregation_matrix:u_central_brain|holdoff_counter[9]  ; clk_sys      ; clk_sys     ; 0.000        ; 0.094      ; 1.829      ;
; 1.525 ; interlock_aggregation_matrix:u_central_brain|holdoff_counter[4]  ; interlock_aggregation_matrix:u_central_brain|holdoff_counter[11] ; clk_sys      ; clk_sys     ; 0.000        ; 0.094      ; 1.831      ;
; 1.532 ; interlock_aggregation_matrix:u_central_brain|holdoff_counter[2]  ; interlock_aggregation_matrix:u_central_brain|holdoff_counter[10] ; clk_sys      ; clk_sys     ; 0.000        ; 0.094      ; 1.838      ;
; 1.589 ; gc_sync_ffs:u_sync_overdrive|synced_o                            ; interlock_aggregation_matrix:u_central_brain|rf_gate_disable_o   ; clk_sys      ; clk_sys     ; 0.000        ; 0.112      ; 1.913      ;
; 1.625 ; interlock_aggregation_matrix:u_central_brain|holdoff_counter[1]  ; interlock_aggregation_matrix:u_central_brain|holdoff_counter[9]  ; clk_sys      ; clk_sys     ; 0.000        ; 0.094      ; 1.931      ;
; 1.637 ; interlock_aggregation_matrix:u_central_brain|holdoff_counter[3]  ; interlock_aggregation_matrix:u_central_brain|holdoff_counter[11] ; clk_sys      ; clk_sys     ; 0.000        ; 0.094      ; 1.943      ;
; 1.646 ; interlock_aggregation_matrix:u_central_brain|holdoff_counter[1]  ; interlock_aggregation_matrix:u_central_brain|holdoff_counter[10] ; clk_sys      ; clk_sys     ; 0.000        ; 0.094      ; 1.952      ;
; 1.653 ; interlock_aggregation_matrix:u_central_brain|holdoff_counter[0]  ; interlock_aggregation_matrix:u_central_brain|holdoff_counter[9]  ; clk_sys      ; clk_sys     ; 0.000        ; 0.094      ; 1.959      ;
; 1.659 ; gc_sync_ffs:u_sync_slow|gc_sync:cmp_gc_sync|sync0                ; gc_sync_ffs:u_sync_slow|gc_sync:cmp_gc_sync|sync1                ; clk_sys      ; clk_sys     ; 0.000        ; 0.127      ; 1.998      ;
; 1.662 ; interlock_aggregation_matrix:u_central_brain|holdoff_counter[0]  ; interlock_aggregation_matrix:u_central_brain|holdoff_counter[10] ; clk_sys      ; clk_sys     ; 0.000        ; 0.094      ; 1.968      ;
; 1.663 ; interlock_aggregation_matrix:u_central_brain|holdoff_counter[2]  ; interlock_aggregation_matrix:u_central_brain|holdoff_counter[11] ; clk_sys      ; clk_sys     ; 0.000        ; 0.094      ; 1.969      ;
; 1.666 ; gc_sync_ffs:u_sync_fast|synced_o                                 ; interlock_aggregation_matrix:u_central_brain|rf_gate_disable_o   ; clk_sys      ; clk_sys     ; 0.000        ; 0.112      ; 1.990      ;
; 1.724 ; interlock_aggregation_matrix:u_central_brain|holdoff_counter[10] ; interlock_aggregation_matrix:u_central_brain|psu_contactor_o     ; clk_sys      ; clk_sys     ; 0.000        ; 0.083      ; 2.019      ;
; 1.765 ; interlock_aggregation_matrix:u_central_brain|holdoff_counter[1]  ; interlock_aggregation_matrix:u_central_brain|holdoff_counter[11] ; clk_sys      ; clk_sys     ; 0.000        ; 0.094      ; 2.071      ;
; 1.793 ; interlock_aggregation_matrix:u_central_brain|holdoff_counter[0]  ; interlock_aggregation_matrix:u_central_brain|holdoff_counter[11] ; clk_sys      ; clk_sys     ; 0.000        ; 0.094      ; 2.099      ;
; 1.874 ; interlock_aggregation_matrix:u_central_brain|holdoff_counter[9]  ; interlock_aggregation_matrix:u_central_brain|psu_contactor_o     ; clk_sys      ; clk_sys     ; 0.000        ; 0.083      ; 2.169      ;
; 2.010 ; interlock_aggregation_matrix:u_central_brain|holdoff_counter[11] ; interlock_aggregation_matrix:u_central_brain|psu_contactor_o     ; clk_sys      ; clk_sys     ; 0.000        ; 0.083      ; 2.305      ;
; 2.076 ; interlock_aggregation_matrix:u_central_brain|rf_gate_disable_o   ; interlock_aggregation_matrix:u_central_brain|holdoff_counter[11] ; clk_sys      ; clk_sys     ; 0.000        ; 0.105      ; 2.393      ;
; 2.076 ; interlock_aggregation_matrix:u_central_brain|rf_gate_disable_o   ; interlock_aggregation_matrix:u_central_brain|holdoff_counter[10] ; clk_sys      ; clk_sys     ; 0.000        ; 0.105      ; 2.393      ;
+-------+------------------------------------------------------------------+------------------------------------------------------------------+--------------+-------------+--------------+------------+------------+


+-----------------------------------------------------------------------------------------------------------------------------------------------------------------------------------------------+
; Slow 1200mV 85C Model Hold: 'clk_fast'                                                                                                                                                        ;
+-------+--------------------------------------------------------+--------------------------------------------------------+--------------+-------------+--------------+------------+------------+
; Slack ; From Node                                              ; To Node                                                ; Launch Clock ; Latch Clock ; Relationship ; Clock Skew ; Data Delay ;
+-------+--------------------------------------------------------+--------------------------------------------------------+--------------+-------------+--------------+------------+------------+
; 0.523 ; fast_comparator_core:u_fast_comp|trip_fast             ; rf_gate_disable_reg                                    ; clk_fast     ; clk_fast    ; 0.000        ; 0.092      ; 0.827      ;
; 0.837 ; overdrive_protect_unit:u_overdrive_comp|trip_overdrive ; rf_gate_disable_reg                                    ; clk_fast     ; clk_fast    ; 0.000        ; 0.092      ; 1.141      ;
; 1.121 ; overdrive_protect_unit:u_overdrive_comp|trip_overdrive ; overdrive_protect_unit:u_overdrive_comp|trip_overdrive ; clk_fast     ; clk_fast    ; 0.000        ; 0.092      ; 1.425      ;
; 1.130 ; fast_comparator_core:u_fast_comp|trip_fast             ; fast_comparator_core:u_fast_comp|trip_fast             ; clk_fast     ; clk_fast    ; 0.000        ; 0.092      ; 1.434      ;
; 1.414 ; slow_comparator_core:u_slow_comp|trip_slow             ; slow_comparator_core:u_slow_comp|trip_slow             ; clk_fast     ; clk_fast    ; 0.000        ; 0.092      ; 1.718      ;
; 1.534 ; iir_rc_filter:u_filter|accumulator[31]                 ; iir_rc_filter:u_filter|accumulator[31]                 ; clk_fast     ; clk_fast    ; 0.000        ; 0.093      ; 1.839      ;
; 1.645 ; iir_rc_filter:u_filter|accumulator[2]                  ; iir_rc_filter:u_filter|accumulator[2]                  ; clk_fast     ; clk_fast    ; 0.000        ; 0.093      ; 1.950      ;
; 1.703 ; iir_rc_filter:u_filter|accumulator[5]                  ; iir_rc_filter:u_filter|accumulator[5]                  ; clk_fast     ; clk_fast    ; 0.000        ; 0.093      ; 2.008      ;
; 1.712 ; iir_rc_filter:u_filter|accumulator[10]                 ; iir_rc_filter:u_filter|accumulator[10]                 ; clk_fast     ; clk_fast    ; 0.000        ; 0.093      ; 2.017      ;
; 1.714 ; iir_rc_filter:u_filter|accumulator[8]                  ; iir_rc_filter:u_filter|accumulator[8]                  ; clk_fast     ; clk_fast    ; 0.000        ; 0.093      ; 2.019      ;
; 1.738 ; iir_rc_filter:u_filter|accumulator[19]                 ; iir_rc_filter:u_filter|accumulator[19]                 ; clk_fast     ; clk_fast    ; 0.000        ; 0.093      ; 2.043      ;
; 1.741 ; iir_rc_filter:u_filter|accumulator[16]                 ; iir_rc_filter:u_filter|accumulator[3]                  ; clk_fast     ; clk_fast    ; 0.000        ; 0.093      ; 2.046      ;
; 1.742 ; iir_rc_filter:u_filter|accumulator[24]                 ; iir_rc_filter:u_filter|accumulator[24]                 ; clk_fast     ; clk_fast    ; 0.000        ; 0.093      ; 2.047      ;
; 1.742 ; iir_rc_filter:u_filter|accumulator[21]                 ; iir_rc_filter:u_filter|accumulator[21]                 ; clk_fast     ; clk_fast    ; 0.000        ; 0.093      ; 2.047      ;
; 1.745 ; iir_rc_filter:u_filter|accumulator[4]                  ; iir_rc_filter:u_filter|accumulator[4]                  ; clk_fast     ; clk_fast    ; 0.000        ; 0.093      ; 2.050      ;
; 1.753 ; iir_rc_filter:u_filter|accumulator[11]                 ; iir_rc_filter:u_filter|accumulator[11]                 ; clk_fast     ; clk_fast    ; 0.000        ; 0.093      ; 2.058      ;
; 1.754 ; iir_rc_filter:u_filter|accumulator[26]                 ; iir_rc_filter:u_filter|accumulator[26]                 ; clk_fast     ; clk_fast    ; 0.000        ; 0.093      ; 2.059      ;
; 1.757 ; iir_rc_filter:u_filter|accumulator[25]                 ; iir_rc_filter:u_filter|accumulator[25]                 ; clk_fast     ; clk_fast    ; 0.000        ; 0.093      ; 2.062      ;
; 1.763 ; iir_rc_filter:u_filter|accumulator[14]                 ; iir_rc_filter:u_filter|accumulator[14]                 ; clk_fast     ; clk_fast    ; 0.000        ; 0.093      ; 2.068      ;
; 1.770 ; iir_rc_filter:u_filter|accumulator[9]                  ; iir_rc_filter:u_filter|accumulator[9]                  ; clk_fast     ; clk_fast    ; 0.000        ; 0.093      ; 2.075      ;
; 1.773 ; iir_rc_filter:u_filter|accumulator[7]                  ; iir_rc_filter:u_filter|accumulator[7]                  ; clk_fast     ; clk_fast    ; 0.000        ; 0.093      ; 2.078      ;
; 1.777 ; iir_rc_filter:u_filter|accumulator[17]                 ; iir_rc_filter:u_filter|accumulator[17]                 ; clk_fast     ; clk_fast    ; 0.000        ; 0.093      ; 2.082      ;
; 1.781 ; iir_rc_filter:u_filter|accumulator[29]                 ; iir_rc_filter:u_filter|accumulator[29]                 ; clk_fast     ; clk_fast    ; 0.000        ; 0.093      ; 2.086      ;
; 1.782 ; iir_rc_filter:u_filter|accumulator[30]                 ; iir_rc_filter:u_filter|accumulator[30]                 ; clk_fast     ; clk_fast    ; 0.000        ; 0.093      ; 2.087      ;
; 1.783 ; iir_rc_filter:u_filter|accumulator[6]                  ; iir_rc_filter:u_filter|accumulator[6]                  ; clk_fast     ; clk_fast    ; 0.000        ; 0.093      ; 2.088      ;
; 1.785 ; iir_rc_filter:u_filter|accumulator[27]                 ; iir_rc_filter:u_filter|accumulator[27]                 ; clk_fast     ; clk_fast    ; 0.000        ; 0.093      ; 2.090      ;
; 1.788 ; iir_rc_filter:u_filter|accumulator[1]                  ; iir_rc_filter:u_filter|accumulator[2]                  ; clk_fast     ; clk_fast    ; 0.000        ; 0.092      ; 2.092      ;
; 1.789 ; iir_rc_filter:u_filter|accumulator[31]                 ; slow_comparator_core:u_slow_comp|trip_slow             ; clk_fast     ; clk_fast    ; 0.000        ; 0.085      ; 2.086      ;
; 1.806 ; iir_rc_filter:u_filter|accumulator[0]                  ; iir_rc_filter:u_filter|accumulator[2]                  ; clk_fast     ; clk_fast    ; 0.000        ; 0.092      ; 2.110      ;
; 1.818 ; iir_rc_filter:u_filter|accumulator[31]                 ; iir_rc_filter:u_filter|accumulator[18]                 ; clk_fast     ; clk_fast    ; 0.000        ; 0.093      ; 2.123      ;
; 1.821 ; iir_rc_filter:u_filter|accumulator[18]                 ; iir_rc_filter:u_filter|accumulator[18]                 ; clk_fast     ; clk_fast    ; 0.000        ; 0.093      ; 2.126      ;
; 1.825 ; iir_rc_filter:u_filter|accumulator[22]                 ; iir_rc_filter:u_filter|accumulator[22]                 ; clk_fast     ; clk_fast    ; 0.000        ; 0.093      ; 2.130      ;
; 1.880 ; iir_rc_filter:u_filter|accumulator[15]                 ; iir_rc_filter:u_filter|accumulator[2]                  ; clk_fast     ; clk_fast    ; 0.000        ; 0.091      ; 2.183      ;
; 1.947 ; iir_rc_filter:u_filter|accumulator[13]                 ; iir_rc_filter:u_filter|accumulator[13]                 ; clk_fast     ; clk_fast    ; 0.000        ; 0.093      ; 2.252      ;
; 1.969 ; iir_rc_filter:u_filter|accumulator[29]                 ; iir_rc_filter:u_filter|accumulator[16]                 ; clk_fast     ; clk_fast    ; 0.000        ; 0.098      ; 2.279      ;
; 1.970 ; iir_rc_filter:u_filter|accumulator[28]                 ; iir_rc_filter:u_filter|accumulator[28]                 ; clk_fast     ; clk_fast    ; 0.000        ; 0.093      ; 2.275      ;
; 1.977 ; iir_rc_filter:u_filter|accumulator[3]                  ; iir_rc_filter:u_filter|accumulator[3]                  ; clk_fast     ; clk_fast    ; 0.000        ; 0.093      ; 2.282      ;
; 1.981 ; iir_rc_filter:u_filter|accumulator[23]                 ; iir_rc_filter:u_filter|accumulator[23]                 ; clk_fast     ; clk_fast    ; 0.000        ; 0.093      ; 2.286      ;
; 2.000 ; iir_rc_filter:u_filter|accumulator[14]                 ; iir_rc_filter:u_filter|accumulator[2]                  ; clk_fast     ; clk_fast    ; 0.000        ; 0.091      ; 2.303      ;
; 2.006 ; iir_rc_filter:u_filter|accumulator[20]                 ; iir_rc_filter:u_filter|accumulator[20]                 ; clk_fast     ; clk_fast    ; 0.000        ; 0.093      ; 2.311      ;
; 2.014 ; iir_rc_filter:u_filter|accumulator[15]                 ; iir_rc_filter:u_filter|accumulator[15]                 ; clk_fast     ; clk_fast    ; 0.000        ; 0.093      ; 2.319      ;
; 2.014 ; iir_rc_filter:u_filter|accumulator[1]                  ; iir_rc_filter:u_filter|accumulator[3]                  ; clk_fast     ; clk_fast    ; 0.000        ; 0.094      ; 2.320      ;
; 2.030 ; iir_rc_filter:u_filter|accumulator[5]                  ; iir_rc_filter:u_filter|accumulator[6]                  ; clk_fast     ; clk_fast    ; 0.000        ; 0.093      ; 2.335      ;
; 2.032 ; iir_rc_filter:u_filter|accumulator[0]                  ; iir_rc_filter:u_filter|accumulator[3]                  ; clk_fast     ; clk_fast    ; 0.000        ; 0.094      ; 2.338      ;
; 2.050 ; iir_rc_filter:u_filter|accumulator[1]                  ; iir_rc_filter:u_filter|accumulator[1]                  ; clk_fast     ; clk_fast    ; 0.000        ; 0.093      ; 2.355      ;
; 2.052 ; iir_rc_filter:u_filter|accumulator[4]                  ; iir_rc_filter:u_filter|accumulator[5]                  ; clk_fast     ; clk_fast    ; 0.000        ; 0.093      ; 2.357      ;
; 2.069 ; iir_rc_filter:u_filter|accumulator[21]                 ; iir_rc_filter:u_filter|accumulator[22]                 ; clk_fast     ; clk_fast    ; 0.000        ; 0.093      ; 2.374      ;
; 2.071 ; iir_rc_filter:u_filter|accumulator[19]                 ; iir_rc_filter:u_filter|accumulator[20]                 ; clk_fast     ; clk_fast    ; 0.000        ; 0.093      ; 2.376      ;
; 2.072 ; iir_rc_filter:u_filter|accumulator[17]                 ; iir_rc_filter:u_filter|accumulator[4]                  ; clk_fast     ; clk_fast    ; 0.000        ; 0.098      ; 2.382      ;
; 2.074 ; iir_rc_filter:u_filter|accumulator[10]                 ; iir_rc_filter:u_filter|accumulator[11]                 ; clk_fast     ; clk_fast    ; 0.000        ; 0.093      ; 2.379      ;
; 2.074 ; iir_rc_filter:u_filter|accumulator[16]                 ; iir_rc_filter:u_filter|accumulator[4]                  ; clk_fast     ; clk_fast    ; 0.000        ; 0.093      ; 2.379      ;
; 2.078 ; iir_rc_filter:u_filter|accumulator[1]                  ; iir_rc_filter:u_filter|accumulator[4]                  ; clk_fast     ; clk_fast    ; 0.000        ; 0.094      ; 2.384      ;
; 2.080 ; iir_rc_filter:u_filter|accumulator[11]                 ; iir_rc_filter:u_filter|accumulator[12]                 ; clk_fast     ; clk_fast    ; 0.000        ; 0.093      ; 2.385      ;
; 2.084 ; iir_rc_filter:u_filter|accumulator[25]                 ; iir_rc_filter:u_filter|accumulator[26]                 ; clk_fast     ; clk_fast    ; 0.000        ; 0.093      ; 2.389      ;
; 2.087 ; iir_rc_filter:u_filter|accumulator[22]                 ; iir_rc_filter:u_filter|accumulator[9]                  ; clk_fast     ; clk_fast    ; 0.000        ; 0.098      ; 2.397      ;
; 2.088 ; iir_rc_filter:u_filter|accumulator[8]                  ; iir_rc_filter:u_filter|accumulator[9]                  ; clk_fast     ; clk_fast    ; 0.000        ; 0.093      ; 2.393      ;
; 2.092 ; iir_rc_filter:u_filter|accumulator[13]                 ; iir_rc_filter:u_filter|accumulator[2]                  ; clk_fast     ; clk_fast    ; 0.000        ; 0.091      ; 2.395      ;
; 2.096 ; iir_rc_filter:u_filter|accumulator[28]                 ; iir_rc_filter:u_filter|accumulator[29]                 ; clk_fast     ; clk_fast    ; 0.000        ; 0.093      ; 2.401      ;
; 2.096 ; iir_rc_filter:u_filter|accumulator[0]                  ; iir_rc_filter:u_filter|accumulator[4]                  ; clk_fast     ; clk_fast    ; 0.000        ; 0.094      ; 2.402      ;
; 2.097 ; iir_rc_filter:u_filter|accumulator[9]                  ; iir_rc_filter:u_filter|accumulator[10]                 ; clk_fast     ; clk_fast    ; 0.000        ; 0.093      ; 2.402      ;
; 2.100 ; iir_rc_filter:u_filter|accumulator[7]                  ; iir_rc_filter:u_filter|accumulator[8]                  ; clk_fast     ; clk_fast    ; 0.000        ; 0.093      ; 2.405      ;
; 2.108 ; iir_rc_filter:u_filter|accumulator[29]                 ; iir_rc_filter:u_filter|accumulator[30]                 ; clk_fast     ; clk_fast    ; 0.000        ; 0.093      ; 2.413      ;
; 2.110 ; iir_rc_filter:u_filter|accumulator[17]                 ; iir_rc_filter:u_filter|accumulator[18]                 ; clk_fast     ; clk_fast    ; 0.000        ; 0.093      ; 2.415      ;
; 2.110 ; iir_rc_filter:u_filter|accumulator[2]                  ; iir_rc_filter:u_filter|accumulator[3]                  ; clk_fast     ; clk_fast    ; 0.000        ; 0.095      ; 2.417      ;
; 2.111 ; iir_rc_filter:u_filter|accumulator[26]                 ; iir_rc_filter:u_filter|accumulator[27]                 ; clk_fast     ; clk_fast    ; 0.000        ; 0.093      ; 2.416      ;
; 2.112 ; iir_rc_filter:u_filter|accumulator[27]                 ; iir_rc_filter:u_filter|accumulator[28]                 ; clk_fast     ; clk_fast    ; 0.000        ; 0.093      ; 2.417      ;
; 2.116 ; iir_rc_filter:u_filter|accumulator[24]                 ; iir_rc_filter:u_filter|accumulator[25]                 ; clk_fast     ; clk_fast    ; 0.000        ; 0.093      ; 2.421      ;
; 2.118 ; iir_rc_filter:u_filter|accumulator[8]                  ; iir_rc_filter:u_filter|accumulator[10]                 ; clk_fast     ; clk_fast    ; 0.000        ; 0.093      ; 2.423      ;
; 2.120 ; iir_rc_filter:u_filter|accumulator[28]                 ; iir_rc_filter:u_filter|accumulator[30]                 ; clk_fast     ; clk_fast    ; 0.000        ; 0.093      ; 2.425      ;
; 2.121 ; iir_rc_filter:u_filter|accumulator[24]                 ; iir_rc_filter:u_filter|accumulator[11]                 ; clk_fast     ; clk_fast    ; 0.000        ; 0.098      ; 2.431      ;
; 2.121 ; iir_rc_filter:u_filter|accumulator[5]                  ; iir_rc_filter:u_filter|accumulator[7]                  ; clk_fast     ; clk_fast    ; 0.000        ; 0.093      ; 2.426      ;
; 2.125 ; iir_rc_filter:u_filter|accumulator[10]                 ; iir_rc_filter:u_filter|accumulator[12]                 ; clk_fast     ; clk_fast    ; 0.000        ; 0.093      ; 2.430      ;
; 2.130 ; iir_rc_filter:u_filter|accumulator[18]                 ; iir_rc_filter:u_filter|accumulator[19]                 ; clk_fast     ; clk_fast    ; 0.000        ; 0.093      ; 2.435      ;
; 2.130 ; iir_rc_filter:u_filter|accumulator[6]                  ; iir_rc_filter:u_filter|accumulator[7]                  ; clk_fast     ; clk_fast    ; 0.000        ; 0.093      ; 2.435      ;
; 2.135 ; iir_rc_filter:u_filter|accumulator[16]                 ; iir_rc_filter:u_filter|accumulator[5]                  ; clk_fast     ; clk_fast    ; 0.000        ; 0.093      ; 2.440      ;
; 2.138 ; iir_rc_filter:u_filter|accumulator[13]                 ; iir_rc_filter:u_filter|accumulator[14]                 ; clk_fast     ; clk_fast    ; 0.000        ; 0.093      ; 2.443      ;
; 2.140 ; iir_rc_filter:u_filter|accumulator[24]                 ; iir_rc_filter:u_filter|accumulator[26]                 ; clk_fast     ; clk_fast    ; 0.000        ; 0.093      ; 2.445      ;
; 2.142 ; iir_rc_filter:u_filter|accumulator[6]                  ; iir_rc_filter:u_filter|accumulator[8]                  ; clk_fast     ; clk_fast    ; 0.000        ; 0.093      ; 2.447      ;
; 2.143 ; iir_rc_filter:u_filter|accumulator[14]                 ; iir_rc_filter:u_filter|accumulator[15]                 ; clk_fast     ; clk_fast    ; 0.000        ; 0.093      ; 2.448      ;
; 2.146 ; iir_rc_filter:u_filter|accumulator[1]                  ; iir_rc_filter:u_filter|accumulator[5]                  ; clk_fast     ; clk_fast    ; 0.000        ; 0.094      ; 2.452      ;
; 2.146 ; iir_rc_filter:u_filter|accumulator[4]                  ; iir_rc_filter:u_filter|accumulator[6]                  ; clk_fast     ; clk_fast    ; 0.000        ; 0.093      ; 2.451      ;
; 2.156 ; iir_rc_filter:u_filter|accumulator[19]                 ; iir_rc_filter:u_filter|accumulator[21]                 ; clk_fast     ; clk_fast    ; 0.000        ; 0.093      ; 2.461      ;
; 2.159 ; iir_rc_filter:u_filter|accumulator[21]                 ; iir_rc_filter:u_filter|accumulator[23]                 ; clk_fast     ; clk_fast    ; 0.000        ; 0.093      ; 2.464      ;
; 2.164 ; iir_rc_filter:u_filter|accumulator[0]                  ; iir_rc_filter:u_filter|accumulator[5]                  ; clk_fast     ; clk_fast    ; 0.000        ; 0.094      ; 2.470      ;
; 2.165 ; iir_rc_filter:u_filter|accumulator[29]                 ; iir_rc_filter:u_filter|accumulator[17]                 ; clk_fast     ; clk_fast    ; 0.000        ; 0.093      ; 2.470      ;
; 2.167 ; iir_rc_filter:u_filter|accumulator[30]                 ; iir_rc_filter:u_filter|accumulator[31]                 ; clk_fast     ; clk_fast    ; 0.000        ; 0.093      ; 2.472      ;
; 2.167 ; iir_rc_filter:u_filter|accumulator[14]                 ; iir_rc_filter:u_filter|accumulator[3]                  ; clk_fast     ; clk_fast    ; 0.000        ; 0.093      ; 2.472      ;
; 2.167 ; iir_rc_filter:u_filter|accumulator[26]                 ; iir_rc_filter:u_filter|accumulator[28]                 ; clk_fast     ; clk_fast    ; 0.000        ; 0.093      ; 2.472      ;
; 2.167 ; iir_rc_filter:u_filter|accumulator[31]                 ; iir_rc_filter:u_filter|accumulator[19]                 ; clk_fast     ; clk_fast    ; 0.000        ; 0.093      ; 2.472      ;
; 2.169 ; iir_rc_filter:u_filter|accumulator[22]                 ; iir_rc_filter:u_filter|accumulator[23]                 ; clk_fast     ; clk_fast    ; 0.000        ; 0.093      ; 2.474      ;
; 2.170 ; iir_rc_filter:u_filter|accumulator[5]                  ; iir_rc_filter:u_filter|accumulator[8]                  ; clk_fast     ; clk_fast    ; 0.000        ; 0.093      ; 2.475      ;
; 2.180 ; iir_rc_filter:u_filter|accumulator[22]                 ; iir_rc_filter:u_filter|accumulator[24]                 ; clk_fast     ; clk_fast    ; 0.000        ; 0.093      ; 2.485      ;
; 2.182 ; iir_rc_filter:u_filter|accumulator[12]                 ; iir_rc_filter:u_filter|accumulator[12]                 ; clk_fast     ; clk_fast    ; 0.000        ; 0.093      ; 2.487      ;
; 2.186 ; iir_rc_filter:u_filter|accumulator[17]                 ; iir_rc_filter:u_filter|accumulator[19]                 ; clk_fast     ; clk_fast    ; 0.000        ; 0.093      ; 2.491      ;
; 2.192 ; iir_rc_filter:u_filter|accumulator[14]                 ; iir_rc_filter:u_filter|accumulator[16]                 ; clk_fast     ; clk_fast    ; 0.000        ; 0.093      ; 2.497      ;
; 2.192 ; iir_rc_filter:u_filter|accumulator[25]                 ; iir_rc_filter:u_filter|accumulator[27]                 ; clk_fast     ; clk_fast    ; 0.000        ; 0.093      ; 2.497      ;
; 2.195 ; iir_rc_filter:u_filter|accumulator[18]                 ; iir_rc_filter:u_filter|accumulator[20]                 ; clk_fast     ; clk_fast    ; 0.000        ; 0.093      ; 2.500      ;
; 2.196 ; iir_rc_filter:u_filter|accumulator[2]                  ; iir_rc_filter:u_filter|accumulator[4]                  ; clk_fast     ; clk_fast    ; 0.000        ; 0.095      ; 2.503      ;
; 2.203 ; iir_rc_filter:u_filter|accumulator[11]                 ; iir_rc_filter:u_filter|accumulator[13]                 ; clk_fast     ; clk_fast    ; 0.000        ; 0.093      ; 2.508      ;
; 2.208 ; iir_rc_filter:u_filter|accumulator[7]                  ; iir_rc_filter:u_filter|accumulator[9]                  ; clk_fast     ; clk_fast    ; 0.000        ; 0.093      ; 2.513      ;
+-------+--------------------------------------------------------+--------------------------------------------------------+--------------+-------------+--------------+------------+------------+


+----------------------------------------------------------------------------------------------------------------------------------------------------------------------------------------+
; Slow 1200mV 85C Model Hold: 'clk_telemetry'                                                                                                                                            ;
+-------+---------------------------------------------------+---------------------------------------------------+---------------+---------------+--------------+------------+------------+
; Slack ; From Node                                         ; To Node                                           ; Launch Clock  ; Latch Clock   ; Relationship ; Clock Skew ; Data Delay ;
+-------+---------------------------------------------------+---------------------------------------------------+---------------+---------------+--------------+------------+------------+
; 1.474 ; module_health_monitor:u_health_mon|trip_unbalance ; module_health_monitor:u_health_mon|trip_unbalance ; clk_telemetry ; clk_telemetry ; 0.000        ; 0.120      ; 1.806      ;
+-------+---------------------------------------------------+---------------------------------------------------+---------------+---------------+--------------+------------+------------+


-----------------------------------------------
; Slow 1200mV 85C Model Metastability Summary ;
-----------------------------------------------
The design MTBF is not calculated because there are no specified synchronizers in the design.
Number of Synchronizer Chains Found: 4
Shortest Synchronizer Chain: 3 Registers
Fraction of Chains for which MTBFs Could Not be Calculated: 1.000
Worst Case Available Settling Time: 53.256 ns




+--------------------------------------------------------------------------------------------------------------+
; Slow 1200mV 0C Model Fmax Summary                                                                            ;
+------------+-----------------+---------------+---------------------------------------------------------------+
; Fmax       ; Restricted Fmax ; Clock Name    ; Note                                                          ;
+------------+-----------------+---------------+---------------------------------------------------------------+
; 166.64 MHz ; 166.64 MHz      ; clk_fast      ;                                                               ;
; 184.67 MHz ; 184.67 MHz      ; clk_sys       ;                                                               ;
; 513.61 MHz ; 250.0 MHz       ; clk_telemetry ; limit due to minimum period restriction (max I/O toggle rate) ;
+------------+-----------------+---------------+---------------------------------------------------------------+
This panel reports FMAX for every clock in the design, regardless of the user-specified clock periods.  FMAX is only computed for paths where the source and destination registers or ports are driven by the same clock.  Paths of different clocks, including generated clocks, are ignored.  For paths between a clock and its inversion, FMAX is computed as if the rising and falling edges are scaled along with FMAX, such that the duty cycle (in terms of a percentage) is maintained. Altera recommends that you always use clock constraints and other slack reports for sign-off analysis.


+----------------------------------------+
; Slow 1200mV 0C Model Setup Summary     ;
+---------------+--------+---------------+
; Clock         ; Slack  ; End Point TNS ;
+---------------+--------+---------------+
; clk_fast      ; 3.999  ; 0.000         ;
; clk_sys       ; 14.585 ; 0.000         ;
; clk_telemetry ; 98.053 ; 0.000         ;
+---------------+--------+---------------+


+---------------------------------------+
; Slow 1200mV 0C Model Hold Summary     ;
+---------------+-------+---------------+
; Clock         ; Slack ; End Point TNS ;
+---------------+-------+---------------+
; clk_sys       ; 0.390 ; 0.000         ;
; clk_fast      ; 0.486 ; 0.000         ;
; clk_telemetry ; 1.315 ; 0.000         ;
+---------------+-------+---------------+


-----------------------------------------
; Slow 1200mV 0C Model Recovery Summary ;
-----------------------------------------
No paths to report.


----------------------------------------
; Slow 1200mV 0C Model Removal Summary ;
----------------------------------------
No paths to report.


+--------------------------------------------------+
; Slow 1200mV 0C Model Minimum Pulse Width Summary ;
+---------------+--------+-------------------------+
; Clock         ; Slack  ; End Point TNS           ;
+---------------+--------+-------------------------+
; clk_fast      ; 4.653  ; 0.000                   ;
; clk_sys       ; 9.652  ; 0.000                   ;
; clk_telemetry ; 49.625 ; 0.000                   ;
+---------------+--------+-------------------------+


+---------------------------------------------------------------------------------------------------------------------------------------------------------------+
; Slow 1200mV 0C Model Setup: 'clk_fast'                                                                                                                        ;
+-------+----------------------------------------+----------------------------------------+--------------+-------------+--------------+------------+------------+
; Slack ; From Node                              ; To Node                                ; Launch Clock ; Latch Clock ; Relationship ; Clock Skew ; Data Delay ;
+-------+----------------------------------------+----------------------------------------+--------------+-------------+--------------+------------+------------+
; 3.999 ; iir_rc_filter:u_filter|accumulator[20] ; iir_rc_filter:u_filter|accumulator[30] ; clk_fast     ; clk_fast    ; 10.000       ; -0.082     ; 5.921      ;
; 4.007 ; iir_rc_filter:u_filter|accumulator[20] ; iir_rc_filter:u_filter|accumulator[31] ; clk_fast     ; clk_fast    ; 10.000       ; -0.082     ; 5.913      ;
; 4.133 ; iir_rc_filter:u_filter|accumulator[20] ; iir_rc_filter:u_filter|accumulator[29] ; clk_fast     ; clk_fast    ; 10.000       ; -0.082     ; 5.787      ;
; 4.133 ; iir_rc_filter:u_filter|accumulator[20] ; iir_rc_filter:u_filter|accumulator[28] ; clk_fast     ; clk_fast    ; 10.000       ; -0.082     ; 5.787      ;
; 4.180 ; iir_rc_filter:u_filter|accumulator[18] ; iir_rc_filter:u_filter|accumulator[30] ; clk_fast     ; clk_fast    ; 10.000       ; -0.082     ; 5.740      ;
; 4.188 ; iir_rc_filter:u_filter|accumulator[18] ; iir_rc_filter:u_filter|accumulator[31] ; clk_fast     ; clk_fast    ; 10.000       ; -0.082     ; 5.732      ;
; 4.259 ; iir_rc_filter:u_filter|accumulator[20] ; iir_rc_filter:u_filter|accumulator[26] ; clk_fast     ; clk_fast    ; 10.000       ; -0.082     ; 5.661      ;
; 4.264 ; iir_rc_filter:u_filter|accumulator[20] ; iir_rc_filter:u_filter|accumulator[27] ; clk_fast     ; clk_fast    ; 10.000       ; -0.082     ; 5.656      ;
; 4.314 ; iir_rc_filter:u_filter|accumulator[18] ; iir_rc_filter:u_filter|accumulator[29] ; clk_fast     ; clk_fast    ; 10.000       ; -0.082     ; 5.606      ;
; 4.314 ; iir_rc_filter:u_filter|accumulator[18] ; iir_rc_filter:u_filter|accumulator[28] ; clk_fast     ; clk_fast    ; 10.000       ; -0.082     ; 5.606      ;
; 4.332 ; iir_rc_filter:u_filter|accumulator[19] ; iir_rc_filter:u_filter|accumulator[30] ; clk_fast     ; clk_fast    ; 10.000       ; -0.082     ; 5.588      ;
; 4.340 ; iir_rc_filter:u_filter|accumulator[19] ; iir_rc_filter:u_filter|accumulator[31] ; clk_fast     ; clk_fast    ; 10.000       ; -0.082     ; 5.580      ;
; 4.385 ; iir_rc_filter:u_filter|accumulator[20] ; iir_rc_filter:u_filter|accumulator[24] ; clk_fast     ; clk_fast    ; 10.000       ; -0.082     ; 5.535      ;
; 4.390 ; iir_rc_filter:u_filter|accumulator[20] ; iir_rc_filter:u_filter|accumulator[25] ; clk_fast     ; clk_fast    ; 10.000       ; -0.082     ; 5.530      ;
; 4.401 ; iir_rc_filter:u_filter|accumulator[15] ; iir_rc_filter:u_filter|accumulator[30] ; clk_fast     ; clk_fast    ; 10.000       ; -0.087     ; 5.514      ;
; 4.440 ; iir_rc_filter:u_filter|accumulator[18] ; iir_rc_filter:u_filter|accumulator[26] ; clk_fast     ; clk_fast    ; 10.000       ; -0.082     ; 5.480      ;
; 4.440 ; iir_rc_filter:u_filter|accumulator[15] ; iir_rc_filter:u_filter|accumulator[31] ; clk_fast     ; clk_fast    ; 10.000       ; -0.087     ; 5.475      ;
; 4.445 ; iir_rc_filter:u_filter|accumulator[18] ; iir_rc_filter:u_filter|accumulator[27] ; clk_fast     ; clk_fast    ; 10.000       ; -0.082     ; 5.475      ;
; 4.461 ; iir_rc_filter:u_filter|accumulator[19] ; iir_rc_filter:u_filter|accumulator[28] ; clk_fast     ; clk_fast    ; 10.000       ; -0.082     ; 5.459      ;
; 4.466 ; iir_rc_filter:u_filter|accumulator[19] ; iir_rc_filter:u_filter|accumulator[29] ; clk_fast     ; clk_fast    ; 10.000       ; -0.082     ; 5.454      ;
; 4.476 ; iir_rc_filter:u_filter|accumulator[21] ; iir_rc_filter:u_filter|accumulator[30] ; clk_fast     ; clk_fast    ; 10.000       ; -0.082     ; 5.444      ;
; 4.481 ; iir_rc_filter:u_filter|accumulator[3]  ; iir_rc_filter:u_filter|accumulator[30] ; clk_fast     ; clk_fast    ; 10.000       ; -0.087     ; 5.434      ;
; 4.488 ; iir_rc_filter:u_filter|accumulator[13] ; iir_rc_filter:u_filter|accumulator[30] ; clk_fast     ; clk_fast    ; 10.000       ; -0.087     ; 5.427      ;
; 4.490 ; iir_rc_filter:u_filter|accumulator[17] ; iir_rc_filter:u_filter|accumulator[30] ; clk_fast     ; clk_fast    ; 10.000       ; -0.082     ; 5.430      ;
; 4.498 ; iir_rc_filter:u_filter|accumulator[21] ; iir_rc_filter:u_filter|accumulator[31] ; clk_fast     ; clk_fast    ; 10.000       ; -0.082     ; 5.422      ;
; 4.511 ; iir_rc_filter:u_filter|accumulator[20] ; iir_rc_filter:u_filter|accumulator[22] ; clk_fast     ; clk_fast    ; 10.000       ; -0.082     ; 5.409      ;
; 4.516 ; iir_rc_filter:u_filter|accumulator[20] ; iir_rc_filter:u_filter|accumulator[23] ; clk_fast     ; clk_fast    ; 10.000       ; -0.082     ; 5.404      ;
; 4.520 ; iir_rc_filter:u_filter|accumulator[3]  ; iir_rc_filter:u_filter|accumulator[31] ; clk_fast     ; clk_fast    ; 10.000       ; -0.087     ; 5.395      ;
; 4.527 ; iir_rc_filter:u_filter|accumulator[13] ; iir_rc_filter:u_filter|accumulator[31] ; clk_fast     ; clk_fast    ; 10.000       ; -0.087     ; 5.388      ;
; 4.527 ; iir_rc_filter:u_filter|accumulator[15] ; iir_rc_filter:u_filter|accumulator[28] ; clk_fast     ; clk_fast    ; 10.000       ; -0.087     ; 5.388      ;
; 4.529 ; iir_rc_filter:u_filter|accumulator[17] ; iir_rc_filter:u_filter|accumulator[31] ; clk_fast     ; clk_fast    ; 10.000       ; -0.082     ; 5.391      ;
; 4.566 ; iir_rc_filter:u_filter|accumulator[18] ; iir_rc_filter:u_filter|accumulator[24] ; clk_fast     ; clk_fast    ; 10.000       ; -0.082     ; 5.354      ;
; 4.566 ; iir_rc_filter:u_filter|accumulator[15] ; iir_rc_filter:u_filter|accumulator[29] ; clk_fast     ; clk_fast    ; 10.000       ; -0.087     ; 5.349      ;
; 4.571 ; iir_rc_filter:u_filter|accumulator[18] ; iir_rc_filter:u_filter|accumulator[25] ; clk_fast     ; clk_fast    ; 10.000       ; -0.082     ; 5.349      ;
; 4.571 ; iir_rc_filter:u_filter|accumulator[14] ; iir_rc_filter:u_filter|accumulator[30] ; clk_fast     ; clk_fast    ; 10.000       ; -0.087     ; 5.344      ;
; 4.579 ; iir_rc_filter:u_filter|accumulator[14] ; iir_rc_filter:u_filter|accumulator[31] ; clk_fast     ; clk_fast    ; 10.000       ; -0.087     ; 5.336      ;
; 4.583 ; iir_rc_filter:u_filter|accumulator[2]  ; iir_rc_filter:u_filter|accumulator[30] ; clk_fast     ; clk_fast    ; 10.000       ; -0.085     ; 5.334      ;
; 4.587 ; iir_rc_filter:u_filter|accumulator[19] ; iir_rc_filter:u_filter|accumulator[26] ; clk_fast     ; clk_fast    ; 10.000       ; -0.082     ; 5.333      ;
; 4.597 ; iir_rc_filter:u_filter|accumulator[19] ; iir_rc_filter:u_filter|accumulator[27] ; clk_fast     ; clk_fast    ; 10.000       ; -0.082     ; 5.323      ;
; 4.602 ; iir_rc_filter:u_filter|accumulator[21] ; iir_rc_filter:u_filter|accumulator[28] ; clk_fast     ; clk_fast    ; 10.000       ; -0.082     ; 5.318      ;
; 4.607 ; iir_rc_filter:u_filter|accumulator[3]  ; iir_rc_filter:u_filter|accumulator[28] ; clk_fast     ; clk_fast    ; 10.000       ; -0.087     ; 5.308      ;
; 4.614 ; iir_rc_filter:u_filter|accumulator[13] ; iir_rc_filter:u_filter|accumulator[28] ; clk_fast     ; clk_fast    ; 10.000       ; -0.087     ; 5.301      ;
; 4.616 ; iir_rc_filter:u_filter|accumulator[17] ; iir_rc_filter:u_filter|accumulator[28] ; clk_fast     ; clk_fast    ; 10.000       ; -0.082     ; 5.304      ;
; 4.622 ; iir_rc_filter:u_filter|accumulator[2]  ; iir_rc_filter:u_filter|accumulator[31] ; clk_fast     ; clk_fast    ; 10.000       ; -0.085     ; 5.295      ;
; 4.624 ; iir_rc_filter:u_filter|accumulator[21] ; iir_rc_filter:u_filter|accumulator[29] ; clk_fast     ; clk_fast    ; 10.000       ; -0.082     ; 5.296      ;
; 4.625 ; iir_rc_filter:u_filter|accumulator[23] ; iir_rc_filter:u_filter|accumulator[30] ; clk_fast     ; clk_fast    ; 10.000       ; -0.082     ; 5.295      ;
; 4.633 ; iir_rc_filter:u_filter|accumulator[23] ; iir_rc_filter:u_filter|accumulator[31] ; clk_fast     ; clk_fast    ; 10.000       ; -0.082     ; 5.287      ;
; 4.637 ; iir_rc_filter:u_filter|accumulator[20] ; iir_rc_filter:u_filter|accumulator[20] ; clk_fast     ; clk_fast    ; 10.000       ; -0.082     ; 5.283      ;
; 4.642 ; iir_rc_filter:u_filter|accumulator[20] ; iir_rc_filter:u_filter|accumulator[21] ; clk_fast     ; clk_fast    ; 10.000       ; -0.082     ; 5.278      ;
; 4.646 ; iir_rc_filter:u_filter|accumulator[3]  ; iir_rc_filter:u_filter|accumulator[29] ; clk_fast     ; clk_fast    ; 10.000       ; -0.087     ; 5.269      ;
; 4.653 ; iir_rc_filter:u_filter|accumulator[13] ; iir_rc_filter:u_filter|accumulator[29] ; clk_fast     ; clk_fast    ; 10.000       ; -0.087     ; 5.262      ;
; 4.653 ; iir_rc_filter:u_filter|accumulator[15] ; iir_rc_filter:u_filter|accumulator[26] ; clk_fast     ; clk_fast    ; 10.000       ; -0.087     ; 5.262      ;
; 4.655 ; iir_rc_filter:u_filter|accumulator[17] ; iir_rc_filter:u_filter|accumulator[29] ; clk_fast     ; clk_fast    ; 10.000       ; -0.082     ; 5.265      ;
; 4.692 ; iir_rc_filter:u_filter|accumulator[18] ; iir_rc_filter:u_filter|accumulator[22] ; clk_fast     ; clk_fast    ; 10.000       ; -0.082     ; 5.228      ;
; 4.692 ; iir_rc_filter:u_filter|accumulator[15] ; iir_rc_filter:u_filter|accumulator[27] ; clk_fast     ; clk_fast    ; 10.000       ; -0.087     ; 5.223      ;
; 4.694 ; iir_rc_filter:u_filter|accumulator[26] ; iir_rc_filter:u_filter|accumulator[30] ; clk_fast     ; clk_fast    ; 10.000       ; -0.082     ; 5.226      ;
; 4.697 ; iir_rc_filter:u_filter|accumulator[18] ; iir_rc_filter:u_filter|accumulator[23] ; clk_fast     ; clk_fast    ; 10.000       ; -0.082     ; 5.223      ;
; 4.702 ; iir_rc_filter:u_filter|accumulator[26] ; iir_rc_filter:u_filter|accumulator[31] ; clk_fast     ; clk_fast    ; 10.000       ; -0.082     ; 5.218      ;
; 4.705 ; iir_rc_filter:u_filter|accumulator[14] ; iir_rc_filter:u_filter|accumulator[29] ; clk_fast     ; clk_fast    ; 10.000       ; -0.087     ; 5.210      ;
; 4.705 ; iir_rc_filter:u_filter|accumulator[14] ; iir_rc_filter:u_filter|accumulator[28] ; clk_fast     ; clk_fast    ; 10.000       ; -0.087     ; 5.210      ;
; 4.709 ; iir_rc_filter:u_filter|accumulator[2]  ; iir_rc_filter:u_filter|accumulator[28] ; clk_fast     ; clk_fast    ; 10.000       ; -0.085     ; 5.208      ;
; 4.713 ; iir_rc_filter:u_filter|accumulator[19] ; iir_rc_filter:u_filter|accumulator[24] ; clk_fast     ; clk_fast    ; 10.000       ; -0.082     ; 5.207      ;
; 4.721 ; iir_rc_filter:u_filter|accumulator[0]  ; iir_rc_filter:u_filter|accumulator[30] ; clk_fast     ; clk_fast    ; 10.000       ; -0.086     ; 5.195      ;
; 4.723 ; iir_rc_filter:u_filter|accumulator[19] ; iir_rc_filter:u_filter|accumulator[25] ; clk_fast     ; clk_fast    ; 10.000       ; -0.082     ; 5.197      ;
; 4.725 ; iir_rc_filter:u_filter|accumulator[22] ; iir_rc_filter:u_filter|accumulator[30] ; clk_fast     ; clk_fast    ; 10.000       ; -0.082     ; 5.195      ;
; 4.726 ; iir_rc_filter:u_filter|accumulator[16] ; iir_rc_filter:u_filter|accumulator[30] ; clk_fast     ; clk_fast    ; 10.000       ; -0.087     ; 5.189      ;
; 4.728 ; iir_rc_filter:u_filter|accumulator[21] ; iir_rc_filter:u_filter|accumulator[26] ; clk_fast     ; clk_fast    ; 10.000       ; -0.082     ; 5.192      ;
; 4.733 ; iir_rc_filter:u_filter|accumulator[22] ; iir_rc_filter:u_filter|accumulator[31] ; clk_fast     ; clk_fast    ; 10.000       ; -0.082     ; 5.187      ;
; 4.733 ; iir_rc_filter:u_filter|accumulator[3]  ; iir_rc_filter:u_filter|accumulator[26] ; clk_fast     ; clk_fast    ; 10.000       ; -0.087     ; 5.182      ;
; 4.734 ; iir_rc_filter:u_filter|accumulator[16] ; iir_rc_filter:u_filter|accumulator[31] ; clk_fast     ; clk_fast    ; 10.000       ; -0.087     ; 5.181      ;
; 4.740 ; iir_rc_filter:u_filter|accumulator[13] ; iir_rc_filter:u_filter|accumulator[26] ; clk_fast     ; clk_fast    ; 10.000       ; -0.087     ; 5.175      ;
; 4.742 ; iir_rc_filter:u_filter|accumulator[17] ; iir_rc_filter:u_filter|accumulator[26] ; clk_fast     ; clk_fast    ; 10.000       ; -0.082     ; 5.178      ;
; 4.748 ; iir_rc_filter:u_filter|accumulator[2]  ; iir_rc_filter:u_filter|accumulator[29] ; clk_fast     ; clk_fast    ; 10.000       ; -0.085     ; 5.169      ;
; 4.755 ; iir_rc_filter:u_filter|accumulator[21] ; iir_rc_filter:u_filter|accumulator[27] ; clk_fast     ; clk_fast    ; 10.000       ; -0.082     ; 5.165      ;
; 4.756 ; iir_rc_filter:u_filter|accumulator[23] ; iir_rc_filter:u_filter|accumulator[28] ; clk_fast     ; clk_fast    ; 10.000       ; -0.082     ; 5.164      ;
; 4.758 ; iir_rc_filter:u_filter|accumulator[4]  ; iir_rc_filter:u_filter|accumulator[30] ; clk_fast     ; clk_fast    ; 10.000       ; -0.087     ; 5.157      ;
; 4.759 ; iir_rc_filter:u_filter|accumulator[23] ; iir_rc_filter:u_filter|accumulator[29] ; clk_fast     ; clk_fast    ; 10.000       ; -0.082     ; 5.161      ;
; 4.760 ; iir_rc_filter:u_filter|accumulator[0]  ; iir_rc_filter:u_filter|accumulator[31] ; clk_fast     ; clk_fast    ; 10.000       ; -0.086     ; 5.156      ;
; 4.762 ; iir_rc_filter:u_filter|accumulator[1]  ; iir_rc_filter:u_filter|accumulator[30] ; clk_fast     ; clk_fast    ; 10.000       ; -0.086     ; 5.154      ;
; 4.763 ; iir_rc_filter:u_filter|accumulator[20] ; iir_rc_filter:u_filter|accumulator[18] ; clk_fast     ; clk_fast    ; 10.000       ; -0.082     ; 5.157      ;
; 4.768 ; iir_rc_filter:u_filter|accumulator[20] ; iir_rc_filter:u_filter|accumulator[19] ; clk_fast     ; clk_fast    ; 10.000       ; -0.082     ; 5.152      ;
; 4.770 ; iir_rc_filter:u_filter|accumulator[1]  ; iir_rc_filter:u_filter|accumulator[31] ; clk_fast     ; clk_fast    ; 10.000       ; -0.086     ; 5.146      ;
; 4.772 ; iir_rc_filter:u_filter|accumulator[3]  ; iir_rc_filter:u_filter|accumulator[27] ; clk_fast     ; clk_fast    ; 10.000       ; -0.087     ; 5.143      ;
; 4.779 ; iir_rc_filter:u_filter|accumulator[13] ; iir_rc_filter:u_filter|accumulator[27] ; clk_fast     ; clk_fast    ; 10.000       ; -0.087     ; 5.136      ;
; 4.779 ; iir_rc_filter:u_filter|accumulator[15] ; iir_rc_filter:u_filter|accumulator[24] ; clk_fast     ; clk_fast    ; 10.000       ; -0.087     ; 5.136      ;
; 4.781 ; iir_rc_filter:u_filter|accumulator[17] ; iir_rc_filter:u_filter|accumulator[27] ; clk_fast     ; clk_fast    ; 10.000       ; -0.082     ; 5.139      ;
; 4.797 ; iir_rc_filter:u_filter|accumulator[4]  ; iir_rc_filter:u_filter|accumulator[31] ; clk_fast     ; clk_fast    ; 10.000       ; -0.087     ; 5.118      ;
; 4.803 ; iir_rc_filter:u_filter|accumulator[28] ; iir_rc_filter:u_filter|accumulator[30] ; clk_fast     ; clk_fast    ; 10.000       ; -0.082     ; 5.117      ;
; 4.811 ; iir_rc_filter:u_filter|accumulator[28] ; iir_rc_filter:u_filter|accumulator[31] ; clk_fast     ; clk_fast    ; 10.000       ; -0.082     ; 5.109      ;
; 4.818 ; iir_rc_filter:u_filter|accumulator[18] ; iir_rc_filter:u_filter|accumulator[20] ; clk_fast     ; clk_fast    ; 10.000       ; -0.082     ; 5.102      ;
; 4.818 ; iir_rc_filter:u_filter|accumulator[15] ; iir_rc_filter:u_filter|accumulator[25] ; clk_fast     ; clk_fast    ; 10.000       ; -0.087     ; 5.097      ;
; 4.823 ; iir_rc_filter:u_filter|accumulator[18] ; iir_rc_filter:u_filter|accumulator[21] ; clk_fast     ; clk_fast    ; 10.000       ; -0.082     ; 5.097      ;
; 4.828 ; iir_rc_filter:u_filter|accumulator[26] ; iir_rc_filter:u_filter|accumulator[29] ; clk_fast     ; clk_fast    ; 10.000       ; -0.082     ; 5.092      ;
; 4.831 ; iir_rc_filter:u_filter|accumulator[14] ; iir_rc_filter:u_filter|accumulator[26] ; clk_fast     ; clk_fast    ; 10.000       ; -0.087     ; 5.084      ;
; 4.835 ; iir_rc_filter:u_filter|accumulator[2]  ; iir_rc_filter:u_filter|accumulator[26] ; clk_fast     ; clk_fast    ; 10.000       ; -0.085     ; 5.082      ;
; 4.836 ; iir_rc_filter:u_filter|accumulator[14] ; iir_rc_filter:u_filter|accumulator[27] ; clk_fast     ; clk_fast    ; 10.000       ; -0.087     ; 5.079      ;
; 4.839 ; iir_rc_filter:u_filter|accumulator[24] ; iir_rc_filter:u_filter|accumulator[30] ; clk_fast     ; clk_fast    ; 10.000       ; -0.082     ; 5.081      ;
; 4.839 ; iir_rc_filter:u_filter|accumulator[19] ; iir_rc_filter:u_filter|accumulator[22] ; clk_fast     ; clk_fast    ; 10.000       ; -0.082     ; 5.081      ;
; 4.847 ; iir_rc_filter:u_filter|accumulator[24] ; iir_rc_filter:u_filter|accumulator[31] ; clk_fast     ; clk_fast    ; 10.000       ; -0.082     ; 5.073      ;
; 4.847 ; iir_rc_filter:u_filter|accumulator[0]  ; iir_rc_filter:u_filter|accumulator[28] ; clk_fast     ; clk_fast    ; 10.000       ; -0.086     ; 5.069      ;
+-------+----------------------------------------+----------------------------------------+--------------+-------------+--------------+------------+------------+


+--------------------------------------------------------------------------------------------------------------------------------------------------------------------------------------------------------------------+
; Slow 1200mV 0C Model Setup: 'clk_sys'                                                                                                                                                                              ;
+--------+------------------------------------------------------------------+------------------------------------------------------------------+--------------+-------------+--------------+------------+------------+
; Slack  ; From Node                                                        ; To Node                                                          ; Launch Clock ; Latch Clock ; Relationship ; Clock Skew ; Data Delay ;
+--------+------------------------------------------------------------------+------------------------------------------------------------------+--------------+-------------+--------------+------------+------------+
; 14.585 ; interlock_aggregation_matrix:u_central_brain|holdoff_counter[4]  ; interlock_aggregation_matrix:u_central_brain|holdoff_counter[11] ; clk_sys      ; clk_sys     ; 20.000       ; -0.084     ; 5.333      ;
; 14.585 ; interlock_aggregation_matrix:u_central_brain|holdoff_counter[4]  ; interlock_aggregation_matrix:u_central_brain|holdoff_counter[10] ; clk_sys      ; clk_sys     ; 20.000       ; -0.084     ; 5.333      ;
; 14.585 ; interlock_aggregation_matrix:u_central_brain|holdoff_counter[4]  ; interlock_aggregation_matrix:u_central_brain|holdoff_counter[0]  ; clk_sys      ; clk_sys     ; 20.000       ; -0.084     ; 5.333      ;
; 14.585 ; interlock_aggregation_matrix:u_central_brain|holdoff_counter[4]  ; interlock_aggregation_matrix:u_central_brain|holdoff_counter[1]  ; clk_sys      ; clk_sys     ; 20.000       ; -0.084     ; 5.333      ;
; 14.585 ; interlock_aggregation_matrix:u_central_brain|holdoff_counter[4]  ; interlock_aggregation_matrix:u_central_brain|holdoff_counter[2]  ; clk_sys      ; clk_sys     ; 20.000       ; -0.084     ; 5.333      ;
; 14.585 ; interlock_aggregation_matrix:u_central_brain|holdoff_counter[4]  ; interlock_aggregation_matrix:u_central_brain|holdoff_counter[3]  ; clk_sys      ; clk_sys     ; 20.000       ; -0.084     ; 5.333      ;
; 14.585 ; interlock_aggregation_matrix:u_central_brain|holdoff_counter[4]  ; interlock_aggregation_matrix:u_central_brain|holdoff_counter[4]  ; clk_sys      ; clk_sys     ; 20.000       ; -0.084     ; 5.333      ;
; 14.585 ; interlock_aggregation_matrix:u_central_brain|holdoff_counter[4]  ; interlock_aggregation_matrix:u_central_brain|holdoff_counter[5]  ; clk_sys      ; clk_sys     ; 20.000       ; -0.084     ; 5.333      ;
; 14.585 ; interlock_aggregation_matrix:u_central_brain|holdoff_counter[4]  ; interlock_aggregation_matrix:u_central_brain|holdoff_counter[6]  ; clk_sys      ; clk_sys     ; 20.000       ; -0.084     ; 5.333      ;
; 14.585 ; interlock_aggregation_matrix:u_central_brain|holdoff_counter[4]  ; interlock_aggregation_matrix:u_central_brain|holdoff_counter[7]  ; clk_sys      ; clk_sys     ; 20.000       ; -0.084     ; 5.333      ;
; 14.585 ; interlock_aggregation_matrix:u_central_brain|holdoff_counter[4]  ; interlock_aggregation_matrix:u_central_brain|holdoff_counter[8]  ; clk_sys      ; clk_sys     ; 20.000       ; -0.084     ; 5.333      ;
; 14.585 ; interlock_aggregation_matrix:u_central_brain|holdoff_counter[4]  ; interlock_aggregation_matrix:u_central_brain|holdoff_counter[9]  ; clk_sys      ; clk_sys     ; 20.000       ; -0.084     ; 5.333      ;
; 14.585 ; interlock_aggregation_matrix:u_central_brain|holdoff_counter[5]  ; interlock_aggregation_matrix:u_central_brain|holdoff_counter[11] ; clk_sys      ; clk_sys     ; 20.000       ; -0.084     ; 5.333      ;
; 14.585 ; interlock_aggregation_matrix:u_central_brain|holdoff_counter[5]  ; interlock_aggregation_matrix:u_central_brain|holdoff_counter[10] ; clk_sys      ; clk_sys     ; 20.000       ; -0.084     ; 5.333      ;
; 14.585 ; interlock_aggregation_matrix:u_central_brain|holdoff_counter[5]  ; interlock_aggregation_matrix:u_central_brain|holdoff_counter[0]  ; clk_sys      ; clk_sys     ; 20.000       ; -0.084     ; 5.333      ;
; 14.585 ; interlock_aggregation_matrix:u_central_brain|holdoff_counter[5]  ; interlock_aggregation_matrix:u_central_brain|holdoff_counter[1]  ; clk_sys      ; clk_sys     ; 20.000       ; -0.084     ; 5.333      ;
; 14.585 ; interlock_aggregation_matrix:u_central_brain|holdoff_counter[5]  ; interlock_aggregation_matrix:u_central_brain|holdoff_counter[2]  ; clk_sys      ; clk_sys     ; 20.000       ; -0.084     ; 5.333      ;
; 14.585 ; interlock_aggregation_matrix:u_central_brain|holdoff_counter[5]  ; interlock_aggregation_matrix:u_central_brain|holdoff_counter[3]  ; clk_sys      ; clk_sys     ; 20.000       ; -0.084     ; 5.333      ;
; 14.585 ; interlock_aggregation_matrix:u_central_brain|holdoff_counter[5]  ; interlock_aggregation_matrix:u_central_brain|holdoff_counter[4]  ; clk_sys      ; clk_sys     ; 20.000       ; -0.084     ; 5.333      ;
; 14.585 ; interlock_aggregation_matrix:u_central_brain|holdoff_counter[5]  ; interlock_aggregation_matrix:u_central_brain|holdoff_counter[5]  ; clk_sys      ; clk_sys     ; 20.000       ; -0.084     ; 5.333      ;
; 14.585 ; interlock_aggregation_matrix:u_central_brain|holdoff_counter[5]  ; interlock_aggregation_matrix:u_central_brain|holdoff_counter[6]  ; clk_sys      ; clk_sys     ; 20.000       ; -0.084     ; 5.333      ;
; 14.585 ; interlock_aggregation_matrix:u_central_brain|holdoff_counter[5]  ; interlock_aggregation_matrix:u_central_brain|holdoff_counter[7]  ; clk_sys      ; clk_sys     ; 20.000       ; -0.084     ; 5.333      ;
; 14.585 ; interlock_aggregation_matrix:u_central_brain|holdoff_counter[5]  ; interlock_aggregation_matrix:u_central_brain|holdoff_counter[8]  ; clk_sys      ; clk_sys     ; 20.000       ; -0.084     ; 5.333      ;
; 14.585 ; interlock_aggregation_matrix:u_central_brain|holdoff_counter[5]  ; interlock_aggregation_matrix:u_central_brain|holdoff_counter[9]  ; clk_sys      ; clk_sys     ; 20.000       ; -0.084     ; 5.333      ;
; 14.758 ; interlock_aggregation_matrix:u_central_brain|holdoff_counter[2]  ; interlock_aggregation_matrix:u_central_brain|holdoff_counter[11] ; clk_sys      ; clk_sys     ; 20.000       ; -0.084     ; 5.160      ;
; 14.758 ; interlock_aggregation_matrix:u_central_brain|holdoff_counter[2]  ; interlock_aggregation_matrix:u_central_brain|holdoff_counter[10] ; clk_sys      ; clk_sys     ; 20.000       ; -0.084     ; 5.160      ;
; 14.758 ; interlock_aggregation_matrix:u_central_brain|holdoff_counter[2]  ; interlock_aggregation_matrix:u_central_brain|holdoff_counter[0]  ; clk_sys      ; clk_sys     ; 20.000       ; -0.084     ; 5.160      ;
; 14.758 ; interlock_aggregation_matrix:u_central_brain|holdoff_counter[2]  ; interlock_aggregation_matrix:u_central_brain|holdoff_counter[1]  ; clk_sys      ; clk_sys     ; 20.000       ; -0.084     ; 5.160      ;
; 14.758 ; interlock_aggregation_matrix:u_central_brain|holdoff_counter[2]  ; interlock_aggregation_matrix:u_central_brain|holdoff_counter[2]  ; clk_sys      ; clk_sys     ; 20.000       ; -0.084     ; 5.160      ;
; 14.758 ; interlock_aggregation_matrix:u_central_brain|holdoff_counter[2]  ; interlock_aggregation_matrix:u_central_brain|holdoff_counter[3]  ; clk_sys      ; clk_sys     ; 20.000       ; -0.084     ; 5.160      ;
; 14.758 ; interlock_aggregation_matrix:u_central_brain|holdoff_counter[2]  ; interlock_aggregation_matrix:u_central_brain|holdoff_counter[4]  ; clk_sys      ; clk_sys     ; 20.000       ; -0.084     ; 5.160      ;
; 14.758 ; interlock_aggregation_matrix:u_central_brain|holdoff_counter[2]  ; interlock_aggregation_matrix:u_central_brain|holdoff_counter[5]  ; clk_sys      ; clk_sys     ; 20.000       ; -0.084     ; 5.160      ;
; 14.758 ; interlock_aggregation_matrix:u_central_brain|holdoff_counter[2]  ; interlock_aggregation_matrix:u_central_brain|holdoff_counter[6]  ; clk_sys      ; clk_sys     ; 20.000       ; -0.084     ; 5.160      ;
; 14.758 ; interlock_aggregation_matrix:u_central_brain|holdoff_counter[2]  ; interlock_aggregation_matrix:u_central_brain|holdoff_counter[7]  ; clk_sys      ; clk_sys     ; 20.000       ; -0.084     ; 5.160      ;
; 14.758 ; interlock_aggregation_matrix:u_central_brain|holdoff_counter[2]  ; interlock_aggregation_matrix:u_central_brain|holdoff_counter[8]  ; clk_sys      ; clk_sys     ; 20.000       ; -0.084     ; 5.160      ;
; 14.758 ; interlock_aggregation_matrix:u_central_brain|holdoff_counter[2]  ; interlock_aggregation_matrix:u_central_brain|holdoff_counter[9]  ; clk_sys      ; clk_sys     ; 20.000       ; -0.084     ; 5.160      ;
; 14.882 ; interlock_aggregation_matrix:u_central_brain|holdoff_counter[3]  ; interlock_aggregation_matrix:u_central_brain|holdoff_counter[11] ; clk_sys      ; clk_sys     ; 20.000       ; -0.084     ; 5.036      ;
; 14.882 ; interlock_aggregation_matrix:u_central_brain|holdoff_counter[3]  ; interlock_aggregation_matrix:u_central_brain|holdoff_counter[10] ; clk_sys      ; clk_sys     ; 20.000       ; -0.084     ; 5.036      ;
; 14.882 ; interlock_aggregation_matrix:u_central_brain|holdoff_counter[3]  ; interlock_aggregation_matrix:u_central_brain|holdoff_counter[0]  ; clk_sys      ; clk_sys     ; 20.000       ; -0.084     ; 5.036      ;
; 14.882 ; interlock_aggregation_matrix:u_central_brain|holdoff_counter[3]  ; interlock_aggregation_matrix:u_central_brain|holdoff_counter[1]  ; clk_sys      ; clk_sys     ; 20.000       ; -0.084     ; 5.036      ;
; 14.882 ; interlock_aggregation_matrix:u_central_brain|holdoff_counter[3]  ; interlock_aggregation_matrix:u_central_brain|holdoff_counter[2]  ; clk_sys      ; clk_sys     ; 20.000       ; -0.084     ; 5.036      ;
; 14.882 ; interlock_aggregation_matrix:u_central_brain|holdoff_counter[3]  ; interlock_aggregation_matrix:u_central_brain|holdoff_counter[3]  ; clk_sys      ; clk_sys     ; 20.000       ; -0.084     ; 5.036      ;
; 14.882 ; interlock_aggregation_matrix:u_central_brain|holdoff_counter[3]  ; interlock_aggregation_matrix:u_central_brain|holdoff_counter[4]  ; clk_sys      ; clk_sys     ; 20.000       ; -0.084     ; 5.036      ;
; 14.882 ; interlock_aggregation_matrix:u_central_brain|holdoff_counter[3]  ; interlock_aggregation_matrix:u_central_brain|holdoff_counter[5]  ; clk_sys      ; clk_sys     ; 20.000       ; -0.084     ; 5.036      ;
; 14.882 ; interlock_aggregation_matrix:u_central_brain|holdoff_counter[3]  ; interlock_aggregation_matrix:u_central_brain|holdoff_counter[6]  ; clk_sys      ; clk_sys     ; 20.000       ; -0.084     ; 5.036      ;
; 14.882 ; interlock_aggregation_matrix:u_central_brain|holdoff_counter[3]  ; interlock_aggregation_matrix:u_central_brain|holdoff_counter[7]  ; clk_sys      ; clk_sys     ; 20.000       ; -0.084     ; 5.036      ;
; 14.882 ; interlock_aggregation_matrix:u_central_brain|holdoff_counter[3]  ; interlock_aggregation_matrix:u_central_brain|holdoff_counter[8]  ; clk_sys      ; clk_sys     ; 20.000       ; -0.084     ; 5.036      ;
; 14.882 ; interlock_aggregation_matrix:u_central_brain|holdoff_counter[3]  ; interlock_aggregation_matrix:u_central_brain|holdoff_counter[9]  ; clk_sys      ; clk_sys     ; 20.000       ; -0.084     ; 5.036      ;
; 15.247 ; interlock_aggregation_matrix:u_central_brain|holdoff_counter[7]  ; interlock_aggregation_matrix:u_central_brain|holdoff_counter[11] ; clk_sys      ; clk_sys     ; 20.000       ; -0.084     ; 4.671      ;
; 15.247 ; interlock_aggregation_matrix:u_central_brain|holdoff_counter[7]  ; interlock_aggregation_matrix:u_central_brain|holdoff_counter[10] ; clk_sys      ; clk_sys     ; 20.000       ; -0.084     ; 4.671      ;
; 15.247 ; interlock_aggregation_matrix:u_central_brain|holdoff_counter[7]  ; interlock_aggregation_matrix:u_central_brain|holdoff_counter[0]  ; clk_sys      ; clk_sys     ; 20.000       ; -0.084     ; 4.671      ;
; 15.247 ; interlock_aggregation_matrix:u_central_brain|holdoff_counter[7]  ; interlock_aggregation_matrix:u_central_brain|holdoff_counter[1]  ; clk_sys      ; clk_sys     ; 20.000       ; -0.084     ; 4.671      ;
; 15.247 ; interlock_aggregation_matrix:u_central_brain|holdoff_counter[7]  ; interlock_aggregation_matrix:u_central_brain|holdoff_counter[2]  ; clk_sys      ; clk_sys     ; 20.000       ; -0.084     ; 4.671      ;
; 15.247 ; interlock_aggregation_matrix:u_central_brain|holdoff_counter[7]  ; interlock_aggregation_matrix:u_central_brain|holdoff_counter[3]  ; clk_sys      ; clk_sys     ; 20.000       ; -0.084     ; 4.671      ;
; 15.247 ; interlock_aggregation_matrix:u_central_brain|holdoff_counter[7]  ; interlock_aggregation_matrix:u_central_brain|holdoff_counter[4]  ; clk_sys      ; clk_sys     ; 20.000       ; -0.084     ; 4.671      ;
; 15.247 ; interlock_aggregation_matrix:u_central_brain|holdoff_counter[7]  ; interlock_aggregation_matrix:u_central_brain|holdoff_counter[5]  ; clk_sys      ; clk_sys     ; 20.000       ; -0.084     ; 4.671      ;
; 15.247 ; interlock_aggregation_matrix:u_central_brain|holdoff_counter[7]  ; interlock_aggregation_matrix:u_central_brain|holdoff_counter[6]  ; clk_sys      ; clk_sys     ; 20.000       ; -0.084     ; 4.671      ;
; 15.247 ; interlock_aggregation_matrix:u_central_brain|holdoff_counter[7]  ; interlock_aggregation_matrix:u_central_brain|holdoff_counter[7]  ; clk_sys      ; clk_sys     ; 20.000       ; -0.084     ; 4.671      ;
; 15.247 ; interlock_aggregation_matrix:u_central_brain|holdoff_counter[7]  ; interlock_aggregation_matrix:u_central_brain|holdoff_counter[8]  ; clk_sys      ; clk_sys     ; 20.000       ; -0.084     ; 4.671      ;
; 15.247 ; interlock_aggregation_matrix:u_central_brain|holdoff_counter[7]  ; interlock_aggregation_matrix:u_central_brain|holdoff_counter[9]  ; clk_sys      ; clk_sys     ; 20.000       ; -0.084     ; 4.671      ;
; 15.377 ; interlock_aggregation_matrix:u_central_brain|holdoff_counter[8]  ; interlock_aggregation_matrix:u_central_brain|holdoff_counter[11] ; clk_sys      ; clk_sys     ; 20.000       ; -0.084     ; 4.541      ;
; 15.377 ; interlock_aggregation_matrix:u_central_brain|holdoff_counter[8]  ; interlock_aggregation_matrix:u_central_brain|holdoff_counter[10] ; clk_sys      ; clk_sys     ; 20.000       ; -0.084     ; 4.541      ;
; 15.377 ; interlock_aggregation_matrix:u_central_brain|holdoff_counter[8]  ; interlock_aggregation_matrix:u_central_brain|holdoff_counter[0]  ; clk_sys      ; clk_sys     ; 20.000       ; -0.084     ; 4.541      ;
; 15.377 ; interlock_aggregation_matrix:u_central_brain|holdoff_counter[8]  ; interlock_aggregation_matrix:u_central_brain|holdoff_counter[1]  ; clk_sys      ; clk_sys     ; 20.000       ; -0.084     ; 4.541      ;
; 15.377 ; interlock_aggregation_matrix:u_central_brain|holdoff_counter[8]  ; interlock_aggregation_matrix:u_central_brain|holdoff_counter[2]  ; clk_sys      ; clk_sys     ; 20.000       ; -0.084     ; 4.541      ;
; 15.377 ; interlock_aggregation_matrix:u_central_brain|holdoff_counter[8]  ; interlock_aggregation_matrix:u_central_brain|holdoff_counter[3]  ; clk_sys      ; clk_sys     ; 20.000       ; -0.084     ; 4.541      ;
; 15.377 ; interlock_aggregation_matrix:u_central_brain|holdoff_counter[8]  ; interlock_aggregation_matrix:u_central_brain|holdoff_counter[4]  ; clk_sys      ; clk_sys     ; 20.000       ; -0.084     ; 4.541      ;
; 15.377 ; interlock_aggregation_matrix:u_central_brain|holdoff_counter[8]  ; interlock_aggregation_matrix:u_central_brain|holdoff_counter[5]  ; clk_sys      ; clk_sys     ; 20.000       ; -0.084     ; 4.541      ;
; 15.377 ; interlock_aggregation_matrix:u_central_brain|holdoff_counter[8]  ; interlock_aggregation_matrix:u_central_brain|holdoff_counter[6]  ; clk_sys      ; clk_sys     ; 20.000       ; -0.084     ; 4.541      ;
; 15.377 ; interlock_aggregation_matrix:u_central_brain|holdoff_counter[8]  ; interlock_aggregation_matrix:u_central_brain|holdoff_counter[7]  ; clk_sys      ; clk_sys     ; 20.000       ; -0.084     ; 4.541      ;
; 15.377 ; interlock_aggregation_matrix:u_central_brain|holdoff_counter[8]  ; interlock_aggregation_matrix:u_central_brain|holdoff_counter[8]  ; clk_sys      ; clk_sys     ; 20.000       ; -0.084     ; 4.541      ;
; 15.377 ; interlock_aggregation_matrix:u_central_brain|holdoff_counter[8]  ; interlock_aggregation_matrix:u_central_brain|holdoff_counter[9]  ; clk_sys      ; clk_sys     ; 20.000       ; -0.084     ; 4.541      ;
; 15.652 ; interlock_aggregation_matrix:u_central_brain|holdoff_counter[6]  ; interlock_aggregation_matrix:u_central_brain|holdoff_counter[11] ; clk_sys      ; clk_sys     ; 20.000       ; -0.084     ; 4.266      ;
; 15.652 ; interlock_aggregation_matrix:u_central_brain|holdoff_counter[6]  ; interlock_aggregation_matrix:u_central_brain|holdoff_counter[10] ; clk_sys      ; clk_sys     ; 20.000       ; -0.084     ; 4.266      ;
; 15.652 ; interlock_aggregation_matrix:u_central_brain|holdoff_counter[6]  ; interlock_aggregation_matrix:u_central_brain|holdoff_counter[0]  ; clk_sys      ; clk_sys     ; 20.000       ; -0.084     ; 4.266      ;
; 15.652 ; interlock_aggregation_matrix:u_central_brain|holdoff_counter[6]  ; interlock_aggregation_matrix:u_central_brain|holdoff_counter[1]  ; clk_sys      ; clk_sys     ; 20.000       ; -0.084     ; 4.266      ;
; 15.652 ; interlock_aggregation_matrix:u_central_brain|holdoff_counter[6]  ; interlock_aggregation_matrix:u_central_brain|holdoff_counter[2]  ; clk_sys      ; clk_sys     ; 20.000       ; -0.084     ; 4.266      ;
; 15.652 ; interlock_aggregation_matrix:u_central_brain|holdoff_counter[6]  ; interlock_aggregation_matrix:u_central_brain|holdoff_counter[3]  ; clk_sys      ; clk_sys     ; 20.000       ; -0.084     ; 4.266      ;
; 15.652 ; interlock_aggregation_matrix:u_central_brain|holdoff_counter[6]  ; interlock_aggregation_matrix:u_central_brain|holdoff_counter[4]  ; clk_sys      ; clk_sys     ; 20.000       ; -0.084     ; 4.266      ;
; 15.652 ; interlock_aggregation_matrix:u_central_brain|holdoff_counter[6]  ; interlock_aggregation_matrix:u_central_brain|holdoff_counter[5]  ; clk_sys      ; clk_sys     ; 20.000       ; -0.084     ; 4.266      ;
; 15.652 ; interlock_aggregation_matrix:u_central_brain|holdoff_counter[6]  ; interlock_aggregation_matrix:u_central_brain|holdoff_counter[6]  ; clk_sys      ; clk_sys     ; 20.000       ; -0.084     ; 4.266      ;
; 15.652 ; interlock_aggregation_matrix:u_central_brain|holdoff_counter[6]  ; interlock_aggregation_matrix:u_central_brain|holdoff_counter[7]  ; clk_sys      ; clk_sys     ; 20.000       ; -0.084     ; 4.266      ;
; 15.652 ; interlock_aggregation_matrix:u_central_brain|holdoff_counter[6]  ; interlock_aggregation_matrix:u_central_brain|holdoff_counter[8]  ; clk_sys      ; clk_sys     ; 20.000       ; -0.084     ; 4.266      ;
; 15.652 ; interlock_aggregation_matrix:u_central_brain|holdoff_counter[6]  ; interlock_aggregation_matrix:u_central_brain|holdoff_counter[9]  ; clk_sys      ; clk_sys     ; 20.000       ; -0.084     ; 4.266      ;
; 16.012 ; interlock_aggregation_matrix:u_central_brain|holdoff_counter[4]  ; interlock_aggregation_matrix:u_central_brain|psu_contactor_o     ; clk_sys      ; clk_sys     ; 20.000       ; -0.095     ; 3.895      ;
; 16.012 ; interlock_aggregation_matrix:u_central_brain|holdoff_counter[5]  ; interlock_aggregation_matrix:u_central_brain|psu_contactor_o     ; clk_sys      ; clk_sys     ; 20.000       ; -0.095     ; 3.895      ;
; 16.036 ; interlock_aggregation_matrix:u_central_brain|holdoff_counter[11] ; interlock_aggregation_matrix:u_central_brain|holdoff_counter[11] ; clk_sys      ; clk_sys     ; 20.000       ; -0.084     ; 3.882      ;
; 16.036 ; interlock_aggregation_matrix:u_central_brain|holdoff_counter[11] ; interlock_aggregation_matrix:u_central_brain|holdoff_counter[10] ; clk_sys      ; clk_sys     ; 20.000       ; -0.084     ; 3.882      ;
; 16.036 ; interlock_aggregation_matrix:u_central_brain|holdoff_counter[11] ; interlock_aggregation_matrix:u_central_brain|holdoff_counter[0]  ; clk_sys      ; clk_sys     ; 20.000       ; -0.084     ; 3.882      ;
; 16.036 ; interlock_aggregation_matrix:u_central_brain|holdoff_counter[11] ; interlock_aggregation_matrix:u_central_brain|holdoff_counter[1]  ; clk_sys      ; clk_sys     ; 20.000       ; -0.084     ; 3.882      ;
; 16.036 ; interlock_aggregation_matrix:u_central_brain|holdoff_counter[11] ; interlock_aggregation_matrix:u_central_brain|holdoff_counter[2]  ; clk_sys      ; clk_sys     ; 20.000       ; -0.084     ; 3.882      ;
; 16.036 ; interlock_aggregation_matrix:u_central_brain|holdoff_counter[11] ; interlock_aggregation_matrix:u_central_brain|holdoff_counter[3]  ; clk_sys      ; clk_sys     ; 20.000       ; -0.084     ; 3.882      ;
; 16.036 ; interlock_aggregation_matrix:u_central_brain|holdoff_counter[11] ; interlock_aggregation_matrix:u_central_brain|holdoff_counter[4]  ; clk_sys      ; clk_sys     ; 20.000       ; -0.084     ; 3.882      ;
; 16.036 ; interlock_aggregation_matrix:u_central_brain|holdoff_counter[11] ; interlock_aggregation_matrix:u_central_brain|holdoff_counter[5]  ; clk_sys      ; clk_sys     ; 20.000       ; -0.084     ; 3.882      ;
; 16.036 ; interlock_aggregation_matrix:u_central_brain|holdoff_counter[11] ; interlock_aggregation_matrix:u_central_brain|holdoff_counter[6]  ; clk_sys      ; clk_sys     ; 20.000       ; -0.084     ; 3.882      ;
; 16.036 ; interlock_aggregation_matrix:u_central_brain|holdoff_counter[11] ; interlock_aggregation_matrix:u_central_brain|holdoff_counter[7]  ; clk_sys      ; clk_sys     ; 20.000       ; -0.084     ; 3.882      ;
; 16.036 ; interlock_aggregation_matrix:u_central_brain|holdoff_counter[11] ; interlock_aggregation_matrix:u_central_brain|holdoff_counter[8]  ; clk_sys      ; clk_sys     ; 20.000       ; -0.084     ; 3.882      ;
; 16.036 ; interlock_aggregation_matrix:u_central_brain|holdoff_counter[11] ; interlock_aggregation_matrix:u_central_brain|holdoff_counter[9]  ; clk_sys      ; clk_sys     ; 20.000       ; -0.084     ; 3.882      ;
; 16.185 ; interlock_aggregation_matrix:u_central_brain|holdoff_counter[2]  ; interlock_aggregation_matrix:u_central_brain|psu_contactor_o     ; clk_sys      ; clk_sys     ; 20.000       ; -0.095     ; 3.722      ;
; 16.217 ; interlock_aggregation_matrix:u_central_brain|holdoff_counter[9]  ; interlock_aggregation_matrix:u_central_brain|holdoff_counter[11] ; clk_sys      ; clk_sys     ; 20.000       ; -0.084     ; 3.701      ;
+--------+------------------------------------------------------------------+------------------------------------------------------------------+--------------+-------------+--------------+------------+------------+


+-----------------------------------------------------------------------------------------------------------------------------------------------------------------------------------------+
; Slow 1200mV 0C Model Setup: 'clk_telemetry'                                                                                                                                             ;
+--------+---------------------------------------------------+---------------------------------------------------+---------------+---------------+--------------+------------+------------+
; Slack  ; From Node                                         ; To Node                                           ; Launch Clock  ; Latch Clock   ; Relationship ; Clock Skew ; Data Delay ;
+--------+---------------------------------------------------+---------------------------------------------------+---------------+---------------+--------------+------------+------------+
; 98.053 ; module_health_monitor:u_health_mon|trip_unbalance ; module_health_monitor:u_health_mon|trip_unbalance ; clk_telemetry ; clk_telemetry ; 100.000      ; -0.110     ; 1.859      ;
+--------+---------------------------------------------------+---------------------------------------------------+---------------+---------------+--------------+------------+------------+


+-------------------------------------------------------------------------------------------------------------------------------------------------------------------------------------------------------------------+
; Slow 1200mV 0C Model Hold: 'clk_sys'                                                                                                                                                                              ;
+-------+------------------------------------------------------------------+------------------------------------------------------------------+--------------+-------------+--------------+------------+------------+
; Slack ; From Node                                                        ; To Node                                                          ; Launch Clock ; Latch Clock ; Relationship ; Clock Skew ; Data Delay ;
+-------+------------------------------------------------------------------+------------------------------------------------------------------+--------------+-------------+--------------+------------+------------+
; 0.390 ; interlock_aggregation_matrix:u_central_brain|psu_contactor_o     ; interlock_aggregation_matrix:u_central_brain|psu_contactor_o     ; clk_sys      ; clk_sys     ; 0.000        ; 0.084      ; 0.669      ;
; 0.390 ; interlock_aggregation_matrix:u_central_brain|psu_armed           ; interlock_aggregation_matrix:u_central_brain|psu_armed           ; clk_sys      ; clk_sys     ; 0.000        ; 0.084      ; 0.669      ;
; 0.390 ; interlock_aggregation_matrix:u_central_brain|rf_gate_disable_o   ; interlock_aggregation_matrix:u_central_brain|rf_gate_disable_o   ; clk_sys      ; clk_sys     ; 0.000        ; 0.084      ; 0.669      ;
; 0.453 ; gc_sync_ffs:u_sync_unbalance|gc_sync:cmp_gc_sync|sync0           ; gc_sync_ffs:u_sync_unbalance|gc_sync:cmp_gc_sync|sync1           ; clk_sys      ; clk_sys     ; 0.000        ; 0.084      ; 0.732      ;
; 0.454 ; gc_sync_ffs:u_sync_fast|gc_sync:cmp_gc_sync|sync0                ; gc_sync_ffs:u_sync_fast|gc_sync:cmp_gc_sync|sync1                ; clk_sys      ; clk_sys     ; 0.000        ; 0.083      ; 0.732      ;
; 0.455 ; gc_sync_ffs:u_sync_slow|gc_sync:cmp_gc_sync|sync1                ; gc_sync_ffs:u_sync_slow|synced_o                                 ; clk_sys      ; clk_sys     ; 0.000        ; 0.084      ; 0.734      ;
; 0.455 ; gc_sync_ffs:u_sync_fast|gc_sync:cmp_gc_sync|sync1                ; gc_sync_ffs:u_sync_fast|synced_o                                 ; clk_sys      ; clk_sys     ; 0.000        ; 0.083      ; 0.733      ;
; 0.456 ; gc_sync_ffs:u_sync_overdrive|gc_sync:cmp_gc_sync|sync0           ; gc_sync_ffs:u_sync_overdrive|gc_sync:cmp_gc_sync|sync1           ; clk_sys      ; clk_sys     ; 0.000        ; 0.083      ; 0.734      ;
; 0.478 ; gc_sync_ffs:u_sync_unbalance|synced_o                            ; interlock_aggregation_matrix:u_central_brain|psu_armed           ; clk_sys      ; clk_sys     ; 0.000        ; 0.084      ; 0.757      ;
; 0.483 ; interlock_aggregation_matrix:u_central_brain|rf_gate_disable_o   ; interlock_aggregation_matrix:u_central_brain|psu_contactor_o     ; clk_sys      ; clk_sys     ; 0.000        ; 0.084      ; 0.762      ;
; 0.591 ; gc_sync_ffs:u_sync_unbalance|gc_sync:cmp_gc_sync|sync1           ; gc_sync_ffs:u_sync_unbalance|synced_o                            ; clk_sys      ; clk_sys     ; 0.000        ; 0.084      ; 0.870      ;
; 0.636 ; gc_sync_ffs:u_sync_overdrive|gc_sync:cmp_gc_sync|sync1           ; gc_sync_ffs:u_sync_overdrive|synced_o                            ; clk_sys      ; clk_sys     ; 0.000        ; 0.083      ; 0.914      ;
; 0.676 ; interlock_aggregation_matrix:u_central_brain|holdoff_counter[1]  ; interlock_aggregation_matrix:u_central_brain|holdoff_counter[1]  ; clk_sys      ; clk_sys     ; 0.000        ; 0.084      ; 0.955      ;
; 0.684 ; interlock_aggregation_matrix:u_central_brain|holdoff_counter[3]  ; interlock_aggregation_matrix:u_central_brain|holdoff_counter[3]  ; clk_sys      ; clk_sys     ; 0.000        ; 0.084      ; 0.963      ;
; 0.686 ; interlock_aggregation_matrix:u_central_brain|holdoff_counter[9]  ; interlock_aggregation_matrix:u_central_brain|holdoff_counter[9]  ; clk_sys      ; clk_sys     ; 0.000        ; 0.084      ; 0.965      ;
; 0.688 ; interlock_aggregation_matrix:u_central_brain|holdoff_counter[11] ; interlock_aggregation_matrix:u_central_brain|holdoff_counter[11] ; clk_sys      ; clk_sys     ; 0.000        ; 0.084      ; 0.967      ;
; 0.688 ; interlock_aggregation_matrix:u_central_brain|holdoff_counter[4]  ; interlock_aggregation_matrix:u_central_brain|holdoff_counter[4]  ; clk_sys      ; clk_sys     ; 0.000        ; 0.084      ; 0.967      ;
; 0.690 ; interlock_aggregation_matrix:u_central_brain|holdoff_counter[5]  ; interlock_aggregation_matrix:u_central_brain|holdoff_counter[5]  ; clk_sys      ; clk_sys     ; 0.000        ; 0.084      ; 0.969      ;
; 0.691 ; interlock_aggregation_matrix:u_central_brain|holdoff_counter[10] ; interlock_aggregation_matrix:u_central_brain|holdoff_counter[10] ; clk_sys      ; clk_sys     ; 0.000        ; 0.084      ; 0.970      ;
; 0.691 ; interlock_aggregation_matrix:u_central_brain|holdoff_counter[6]  ; interlock_aggregation_matrix:u_central_brain|holdoff_counter[6]  ; clk_sys      ; clk_sys     ; 0.000        ; 0.084      ; 0.970      ;
; 0.692 ; interlock_aggregation_matrix:u_central_brain|holdoff_counter[2]  ; interlock_aggregation_matrix:u_central_brain|holdoff_counter[2]  ; clk_sys      ; clk_sys     ; 0.000        ; 0.084      ; 0.971      ;
; 0.692 ; interlock_aggregation_matrix:u_central_brain|holdoff_counter[8]  ; interlock_aggregation_matrix:u_central_brain|holdoff_counter[8]  ; clk_sys      ; clk_sys     ; 0.000        ; 0.084      ; 0.971      ;
; 0.703 ; interlock_aggregation_matrix:u_central_brain|holdoff_counter[7]  ; interlock_aggregation_matrix:u_central_brain|holdoff_counter[7]  ; clk_sys      ; clk_sys     ; 0.000        ; 0.084      ; 0.982      ;
; 0.707 ; interlock_aggregation_matrix:u_central_brain|holdoff_counter[0]  ; interlock_aggregation_matrix:u_central_brain|holdoff_counter[0]  ; clk_sys      ; clk_sys     ; 0.000        ; 0.084      ; 0.986      ;
; 0.714 ; interlock_aggregation_matrix:u_central_brain|psu_armed           ; interlock_aggregation_matrix:u_central_brain|psu_contactor_o     ; clk_sys      ; clk_sys     ; 0.000        ; 0.084      ; 0.993      ;
; 0.756 ; gc_sync_ffs:u_sync_slow|synced_o                                 ; interlock_aggregation_matrix:u_central_brain|psu_armed           ; clk_sys      ; clk_sys     ; 0.000        ; 0.084      ; 1.035      ;
; 0.990 ; interlock_aggregation_matrix:u_central_brain|holdoff_counter[0]  ; interlock_aggregation_matrix:u_central_brain|holdoff_counter[1]  ; clk_sys      ; clk_sys     ; 0.000        ; 0.084      ; 1.269      ;
; 0.998 ; interlock_aggregation_matrix:u_central_brain|holdoff_counter[1]  ; interlock_aggregation_matrix:u_central_brain|holdoff_counter[2]  ; clk_sys      ; clk_sys     ; 0.000        ; 0.084      ; 1.277      ;
; 1.001 ; interlock_aggregation_matrix:u_central_brain|holdoff_counter[10] ; interlock_aggregation_matrix:u_central_brain|holdoff_counter[11] ; clk_sys      ; clk_sys     ; 0.000        ; 0.084      ; 1.280      ;
; 1.002 ; interlock_aggregation_matrix:u_central_brain|holdoff_counter[2]  ; interlock_aggregation_matrix:u_central_brain|holdoff_counter[3]  ; clk_sys      ; clk_sys     ; 0.000        ; 0.084      ; 1.281      ;
; 1.002 ; interlock_aggregation_matrix:u_central_brain|holdoff_counter[8]  ; interlock_aggregation_matrix:u_central_brain|holdoff_counter[9]  ; clk_sys      ; clk_sys     ; 0.000        ; 0.084      ; 1.281      ;
; 1.002 ; interlock_aggregation_matrix:u_central_brain|holdoff_counter[6]  ; interlock_aggregation_matrix:u_central_brain|holdoff_counter[7]  ; clk_sys      ; clk_sys     ; 0.000        ; 0.084      ; 1.281      ;
; 1.006 ; interlock_aggregation_matrix:u_central_brain|holdoff_counter[3]  ; interlock_aggregation_matrix:u_central_brain|holdoff_counter[4]  ; clk_sys      ; clk_sys     ; 0.000        ; 0.084      ; 1.285      ;
; 1.007 ; interlock_aggregation_matrix:u_central_brain|holdoff_counter[4]  ; interlock_aggregation_matrix:u_central_brain|holdoff_counter[5]  ; clk_sys      ; clk_sys     ; 0.000        ; 0.084      ; 1.286      ;
; 1.008 ; interlock_aggregation_matrix:u_central_brain|holdoff_counter[9]  ; interlock_aggregation_matrix:u_central_brain|holdoff_counter[10] ; clk_sys      ; clk_sys     ; 0.000        ; 0.084      ; 1.287      ;
; 1.014 ; interlock_aggregation_matrix:u_central_brain|holdoff_counter[5]  ; interlock_aggregation_matrix:u_central_brain|holdoff_counter[6]  ; clk_sys      ; clk_sys     ; 0.000        ; 0.084      ; 1.293      ;
; 1.017 ; interlock_aggregation_matrix:u_central_brain|holdoff_counter[0]  ; interlock_aggregation_matrix:u_central_brain|holdoff_counter[2]  ; clk_sys      ; clk_sys     ; 0.000        ; 0.084      ; 1.296      ;
; 1.022 ; interlock_aggregation_matrix:u_central_brain|holdoff_counter[4]  ; interlock_aggregation_matrix:u_central_brain|holdoff_counter[6]  ; clk_sys      ; clk_sys     ; 0.000        ; 0.084      ; 1.301      ;
; 1.025 ; interlock_aggregation_matrix:u_central_brain|holdoff_counter[6]  ; interlock_aggregation_matrix:u_central_brain|holdoff_counter[8]  ; clk_sys      ; clk_sys     ; 0.000        ; 0.084      ; 1.304      ;
; 1.026 ; interlock_aggregation_matrix:u_central_brain|holdoff_counter[2]  ; interlock_aggregation_matrix:u_central_brain|holdoff_counter[4]  ; clk_sys      ; clk_sys     ; 0.000        ; 0.084      ; 1.305      ;
; 1.026 ; interlock_aggregation_matrix:u_central_brain|holdoff_counter[8]  ; interlock_aggregation_matrix:u_central_brain|holdoff_counter[10] ; clk_sys      ; clk_sys     ; 0.000        ; 0.084      ; 1.305      ;
; 1.027 ; interlock_aggregation_matrix:u_central_brain|holdoff_counter[7]  ; interlock_aggregation_matrix:u_central_brain|holdoff_counter[8]  ; clk_sys      ; clk_sys     ; 0.000        ; 0.084      ; 1.306      ;
; 1.078 ; interlock_aggregation_matrix:u_central_brain|holdoff_counter[1]  ; interlock_aggregation_matrix:u_central_brain|holdoff_counter[3]  ; clk_sys      ; clk_sys     ; 0.000        ; 0.084      ; 1.357      ;
; 1.088 ; interlock_aggregation_matrix:u_central_brain|holdoff_counter[3]  ; interlock_aggregation_matrix:u_central_brain|holdoff_counter[5]  ; clk_sys      ; clk_sys     ; 0.000        ; 0.084      ; 1.367      ;
; 1.090 ; interlock_aggregation_matrix:u_central_brain|holdoff_counter[9]  ; interlock_aggregation_matrix:u_central_brain|holdoff_counter[11] ; clk_sys      ; clk_sys     ; 0.000        ; 0.084      ; 1.369      ;
; 1.101 ; interlock_aggregation_matrix:u_central_brain|holdoff_counter[5]  ; interlock_aggregation_matrix:u_central_brain|holdoff_counter[7]  ; clk_sys      ; clk_sys     ; 0.000        ; 0.084      ; 1.380      ;
; 1.112 ; interlock_aggregation_matrix:u_central_brain|holdoff_counter[7]  ; interlock_aggregation_matrix:u_central_brain|holdoff_counter[9]  ; clk_sys      ; clk_sys     ; 0.000        ; 0.084      ; 1.391      ;
; 1.112 ; interlock_aggregation_matrix:u_central_brain|holdoff_counter[0]  ; interlock_aggregation_matrix:u_central_brain|holdoff_counter[3]  ; clk_sys      ; clk_sys     ; 0.000        ; 0.084      ; 1.391      ;
; 1.120 ; interlock_aggregation_matrix:u_central_brain|holdoff_counter[1]  ; interlock_aggregation_matrix:u_central_brain|holdoff_counter[4]  ; clk_sys      ; clk_sys     ; 0.000        ; 0.084      ; 1.399      ;
; 1.124 ; interlock_aggregation_matrix:u_central_brain|holdoff_counter[2]  ; interlock_aggregation_matrix:u_central_brain|holdoff_counter[5]  ; clk_sys      ; clk_sys     ; 0.000        ; 0.084      ; 1.403      ;
; 1.124 ; interlock_aggregation_matrix:u_central_brain|holdoff_counter[8]  ; interlock_aggregation_matrix:u_central_brain|holdoff_counter[11] ; clk_sys      ; clk_sys     ; 0.000        ; 0.084      ; 1.403      ;
; 1.124 ; interlock_aggregation_matrix:u_central_brain|holdoff_counter[6]  ; interlock_aggregation_matrix:u_central_brain|holdoff_counter[9]  ; clk_sys      ; clk_sys     ; 0.000        ; 0.084      ; 1.403      ;
; 1.128 ; interlock_aggregation_matrix:u_central_brain|holdoff_counter[3]  ; interlock_aggregation_matrix:u_central_brain|holdoff_counter[6]  ; clk_sys      ; clk_sys     ; 0.000        ; 0.084      ; 1.407      ;
; 1.129 ; interlock_aggregation_matrix:u_central_brain|holdoff_counter[4]  ; interlock_aggregation_matrix:u_central_brain|holdoff_counter[7]  ; clk_sys      ; clk_sys     ; 0.000        ; 0.084      ; 1.408      ;
; 1.136 ; interlock_aggregation_matrix:u_central_brain|holdoff_counter[5]  ; interlock_aggregation_matrix:u_central_brain|holdoff_counter[8]  ; clk_sys      ; clk_sys     ; 0.000        ; 0.084      ; 1.415      ;
; 1.139 ; interlock_aggregation_matrix:u_central_brain|holdoff_counter[0]  ; interlock_aggregation_matrix:u_central_brain|holdoff_counter[4]  ; clk_sys      ; clk_sys     ; 0.000        ; 0.084      ; 1.418      ;
; 1.144 ; interlock_aggregation_matrix:u_central_brain|holdoff_counter[4]  ; interlock_aggregation_matrix:u_central_brain|holdoff_counter[8]  ; clk_sys      ; clk_sys     ; 0.000        ; 0.084      ; 1.423      ;
; 1.147 ; interlock_aggregation_matrix:u_central_brain|holdoff_counter[6]  ; interlock_aggregation_matrix:u_central_brain|holdoff_counter[10] ; clk_sys      ; clk_sys     ; 0.000        ; 0.084      ; 1.426      ;
; 1.148 ; interlock_aggregation_matrix:u_central_brain|holdoff_counter[2]  ; interlock_aggregation_matrix:u_central_brain|holdoff_counter[6]  ; clk_sys      ; clk_sys     ; 0.000        ; 0.084      ; 1.427      ;
; 1.149 ; interlock_aggregation_matrix:u_central_brain|holdoff_counter[7]  ; interlock_aggregation_matrix:u_central_brain|holdoff_counter[10] ; clk_sys      ; clk_sys     ; 0.000        ; 0.084      ; 1.428      ;
; 1.200 ; interlock_aggregation_matrix:u_central_brain|holdoff_counter[1]  ; interlock_aggregation_matrix:u_central_brain|holdoff_counter[5]  ; clk_sys      ; clk_sys     ; 0.000        ; 0.084      ; 1.479      ;
; 1.210 ; interlock_aggregation_matrix:u_central_brain|holdoff_counter[3]  ; interlock_aggregation_matrix:u_central_brain|holdoff_counter[7]  ; clk_sys      ; clk_sys     ; 0.000        ; 0.084      ; 1.489      ;
; 1.223 ; interlock_aggregation_matrix:u_central_brain|holdoff_counter[5]  ; interlock_aggregation_matrix:u_central_brain|holdoff_counter[9]  ; clk_sys      ; clk_sys     ; 0.000        ; 0.084      ; 1.502      ;
; 1.234 ; interlock_aggregation_matrix:u_central_brain|holdoff_counter[7]  ; interlock_aggregation_matrix:u_central_brain|holdoff_counter[11] ; clk_sys      ; clk_sys     ; 0.000        ; 0.084      ; 1.513      ;
; 1.234 ; interlock_aggregation_matrix:u_central_brain|holdoff_counter[0]  ; interlock_aggregation_matrix:u_central_brain|holdoff_counter[5]  ; clk_sys      ; clk_sys     ; 0.000        ; 0.084      ; 1.513      ;
; 1.242 ; interlock_aggregation_matrix:u_central_brain|holdoff_counter[1]  ; interlock_aggregation_matrix:u_central_brain|holdoff_counter[6]  ; clk_sys      ; clk_sys     ; 0.000        ; 0.084      ; 1.521      ;
; 1.246 ; interlock_aggregation_matrix:u_central_brain|holdoff_counter[2]  ; interlock_aggregation_matrix:u_central_brain|holdoff_counter[7]  ; clk_sys      ; clk_sys     ; 0.000        ; 0.084      ; 1.525      ;
; 1.246 ; interlock_aggregation_matrix:u_central_brain|holdoff_counter[6]  ; interlock_aggregation_matrix:u_central_brain|holdoff_counter[11] ; clk_sys      ; clk_sys     ; 0.000        ; 0.084      ; 1.525      ;
; 1.250 ; interlock_aggregation_matrix:u_central_brain|holdoff_counter[3]  ; interlock_aggregation_matrix:u_central_brain|holdoff_counter[8]  ; clk_sys      ; clk_sys     ; 0.000        ; 0.084      ; 1.529      ;
; 1.251 ; interlock_aggregation_matrix:u_central_brain|holdoff_counter[4]  ; interlock_aggregation_matrix:u_central_brain|holdoff_counter[9]  ; clk_sys      ; clk_sys     ; 0.000        ; 0.084      ; 1.530      ;
; 1.258 ; interlock_aggregation_matrix:u_central_brain|holdoff_counter[5]  ; interlock_aggregation_matrix:u_central_brain|holdoff_counter[10] ; clk_sys      ; clk_sys     ; 0.000        ; 0.084      ; 1.537      ;
; 1.261 ; interlock_aggregation_matrix:u_central_brain|holdoff_counter[0]  ; interlock_aggregation_matrix:u_central_brain|holdoff_counter[6]  ; clk_sys      ; clk_sys     ; 0.000        ; 0.084      ; 1.540      ;
; 1.266 ; interlock_aggregation_matrix:u_central_brain|holdoff_counter[4]  ; interlock_aggregation_matrix:u_central_brain|holdoff_counter[10] ; clk_sys      ; clk_sys     ; 0.000        ; 0.084      ; 1.545      ;
; 1.270 ; interlock_aggregation_matrix:u_central_brain|holdoff_counter[2]  ; interlock_aggregation_matrix:u_central_brain|holdoff_counter[8]  ; clk_sys      ; clk_sys     ; 0.000        ; 0.084      ; 1.549      ;
; 1.322 ; interlock_aggregation_matrix:u_central_brain|holdoff_counter[1]  ; interlock_aggregation_matrix:u_central_brain|holdoff_counter[7]  ; clk_sys      ; clk_sys     ; 0.000        ; 0.084      ; 1.601      ;
; 1.332 ; interlock_aggregation_matrix:u_central_brain|holdoff_counter[3]  ; interlock_aggregation_matrix:u_central_brain|holdoff_counter[9]  ; clk_sys      ; clk_sys     ; 0.000        ; 0.084      ; 1.611      ;
; 1.345 ; interlock_aggregation_matrix:u_central_brain|holdoff_counter[5]  ; interlock_aggregation_matrix:u_central_brain|holdoff_counter[11] ; clk_sys      ; clk_sys     ; 0.000        ; 0.084      ; 1.624      ;
; 1.356 ; interlock_aggregation_matrix:u_central_brain|holdoff_counter[0]  ; interlock_aggregation_matrix:u_central_brain|holdoff_counter[7]  ; clk_sys      ; clk_sys     ; 0.000        ; 0.084      ; 1.635      ;
; 1.364 ; interlock_aggregation_matrix:u_central_brain|holdoff_counter[1]  ; interlock_aggregation_matrix:u_central_brain|holdoff_counter[8]  ; clk_sys      ; clk_sys     ; 0.000        ; 0.084      ; 1.643      ;
; 1.368 ; interlock_aggregation_matrix:u_central_brain|holdoff_counter[2]  ; interlock_aggregation_matrix:u_central_brain|holdoff_counter[9]  ; clk_sys      ; clk_sys     ; 0.000        ; 0.084      ; 1.647      ;
; 1.372 ; interlock_aggregation_matrix:u_central_brain|holdoff_counter[3]  ; interlock_aggregation_matrix:u_central_brain|holdoff_counter[10] ; clk_sys      ; clk_sys     ; 0.000        ; 0.084      ; 1.651      ;
; 1.373 ; interlock_aggregation_matrix:u_central_brain|holdoff_counter[4]  ; interlock_aggregation_matrix:u_central_brain|holdoff_counter[11] ; clk_sys      ; clk_sys     ; 0.000        ; 0.084      ; 1.652      ;
; 1.383 ; interlock_aggregation_matrix:u_central_brain|holdoff_counter[0]  ; interlock_aggregation_matrix:u_central_brain|holdoff_counter[8]  ; clk_sys      ; clk_sys     ; 0.000        ; 0.084      ; 1.662      ;
; 1.392 ; interlock_aggregation_matrix:u_central_brain|holdoff_counter[2]  ; interlock_aggregation_matrix:u_central_brain|holdoff_counter[10] ; clk_sys      ; clk_sys     ; 0.000        ; 0.084      ; 1.671      ;
; 1.412 ; gc_sync_ffs:u_sync_overdrive|synced_o                            ; interlock_aggregation_matrix:u_central_brain|rf_gate_disable_o   ; clk_sys      ; clk_sys     ; 0.000        ; 0.100      ; 1.707      ;
; 1.444 ; interlock_aggregation_matrix:u_central_brain|holdoff_counter[1]  ; interlock_aggregation_matrix:u_central_brain|holdoff_counter[9]  ; clk_sys      ; clk_sys     ; 0.000        ; 0.084      ; 1.723      ;
; 1.454 ; interlock_aggregation_matrix:u_central_brain|holdoff_counter[3]  ; interlock_aggregation_matrix:u_central_brain|holdoff_counter[11] ; clk_sys      ; clk_sys     ; 0.000        ; 0.084      ; 1.733      ;
; 1.478 ; interlock_aggregation_matrix:u_central_brain|holdoff_counter[0]  ; interlock_aggregation_matrix:u_central_brain|holdoff_counter[9]  ; clk_sys      ; clk_sys     ; 0.000        ; 0.084      ; 1.757      ;
; 1.483 ; gc_sync_ffs:u_sync_fast|synced_o                                 ; interlock_aggregation_matrix:u_central_brain|rf_gate_disable_o   ; clk_sys      ; clk_sys     ; 0.000        ; 0.100      ; 1.778      ;
; 1.485 ; gc_sync_ffs:u_sync_slow|gc_sync:cmp_gc_sync|sync0                ; gc_sync_ffs:u_sync_slow|gc_sync:cmp_gc_sync|sync1                ; clk_sys      ; clk_sys     ; 0.000        ; 0.117      ; 1.797      ;
; 1.486 ; interlock_aggregation_matrix:u_central_brain|holdoff_counter[1]  ; interlock_aggregation_matrix:u_central_brain|holdoff_counter[10] ; clk_sys      ; clk_sys     ; 0.000        ; 0.084      ; 1.765      ;
; 1.490 ; interlock_aggregation_matrix:u_central_brain|holdoff_counter[2]  ; interlock_aggregation_matrix:u_central_brain|holdoff_counter[11] ; clk_sys      ; clk_sys     ; 0.000        ; 0.084      ; 1.769      ;
; 1.505 ; interlock_aggregation_matrix:u_central_brain|holdoff_counter[0]  ; interlock_aggregation_matrix:u_central_brain|holdoff_counter[10] ; clk_sys      ; clk_sys     ; 0.000        ; 0.084      ; 1.784      ;
; 1.551 ; interlock_aggregation_matrix:u_central_brain|holdoff_counter[10] ; interlock_aggregation_matrix:u_central_brain|psu_contactor_o     ; clk_sys      ; clk_sys     ; 0.000        ; 0.073      ; 1.819      ;
; 1.566 ; interlock_aggregation_matrix:u_central_brain|holdoff_counter[1]  ; interlock_aggregation_matrix:u_central_brain|holdoff_counter[11] ; clk_sys      ; clk_sys     ; 0.000        ; 0.084      ; 1.845      ;
; 1.600 ; interlock_aggregation_matrix:u_central_brain|holdoff_counter[0]  ; interlock_aggregation_matrix:u_central_brain|holdoff_counter[11] ; clk_sys      ; clk_sys     ; 0.000        ; 0.084      ; 1.879      ;
; 1.688 ; interlock_aggregation_matrix:u_central_brain|holdoff_counter[9]  ; interlock_aggregation_matrix:u_central_brain|psu_contactor_o     ; clk_sys      ; clk_sys     ; 0.000        ; 0.073      ; 1.956      ;
; 1.821 ; interlock_aggregation_matrix:u_central_brain|holdoff_counter[11] ; interlock_aggregation_matrix:u_central_brain|psu_contactor_o     ; clk_sys      ; clk_sys     ; 0.000        ; 0.073      ; 2.089      ;
; 1.884 ; interlock_aggregation_matrix:u_central_brain|rf_gate_disable_o   ; interlock_aggregation_matrix:u_central_brain|holdoff_counter[11] ; clk_sys      ; clk_sys     ; 0.000        ; 0.095      ; 2.174      ;
; 1.884 ; interlock_aggregation_matrix:u_central_brain|rf_gate_disable_o   ; interlock_aggregation_matrix:u_central_brain|holdoff_counter[10] ; clk_sys      ; clk_sys     ; 0.000        ; 0.095      ; 2.174      ;
+-------+------------------------------------------------------------------+------------------------------------------------------------------+--------------+-------------+--------------+------------+------------+


+-----------------------------------------------------------------------------------------------------------------------------------------------------------------------------------------------+
; Slow 1200mV 0C Model Hold: 'clk_fast'                                                                                                                                                         ;
+-------+--------------------------------------------------------+--------------------------------------------------------+--------------+-------------+--------------+------------+------------+
; Slack ; From Node                                              ; To Node                                                ; Launch Clock ; Latch Clock ; Relationship ; Clock Skew ; Data Delay ;
+-------+--------------------------------------------------------+--------------------------------------------------------+--------------+-------------+--------------+------------+------------+
; 0.486 ; fast_comparator_core:u_fast_comp|trip_fast             ; rf_gate_disable_reg                                    ; clk_fast     ; clk_fast    ; 0.000        ; 0.082      ; 0.763      ;
; 0.779 ; overdrive_protect_unit:u_overdrive_comp|trip_overdrive ; rf_gate_disable_reg                                    ; clk_fast     ; clk_fast    ; 0.000        ; 0.082      ; 1.056      ;
; 1.041 ; overdrive_protect_unit:u_overdrive_comp|trip_overdrive ; overdrive_protect_unit:u_overdrive_comp|trip_overdrive ; clk_fast     ; clk_fast    ; 0.000        ; 0.082      ; 1.318      ;
; 1.049 ; fast_comparator_core:u_fast_comp|trip_fast             ; fast_comparator_core:u_fast_comp|trip_fast             ; clk_fast     ; clk_fast    ; 0.000        ; 0.082      ; 1.326      ;
; 1.311 ; slow_comparator_core:u_slow_comp|trip_slow             ; slow_comparator_core:u_slow_comp|trip_slow             ; clk_fast     ; clk_fast    ; 0.000        ; 0.082      ; 1.588      ;
; 1.361 ; iir_rc_filter:u_filter|accumulator[31]                 ; iir_rc_filter:u_filter|accumulator[31]                 ; clk_fast     ; clk_fast    ; 0.000        ; 0.082      ; 1.638      ;
; 1.469 ; iir_rc_filter:u_filter|accumulator[2]                  ; iir_rc_filter:u_filter|accumulator[2]                  ; clk_fast     ; clk_fast    ; 0.000        ; 0.083      ; 1.747      ;
; 1.515 ; iir_rc_filter:u_filter|accumulator[5]                  ; iir_rc_filter:u_filter|accumulator[5]                  ; clk_fast     ; clk_fast    ; 0.000        ; 0.083      ; 1.793      ;
; 1.524 ; iir_rc_filter:u_filter|accumulator[10]                 ; iir_rc_filter:u_filter|accumulator[10]                 ; clk_fast     ; clk_fast    ; 0.000        ; 0.083      ; 1.802      ;
; 1.526 ; iir_rc_filter:u_filter|accumulator[8]                  ; iir_rc_filter:u_filter|accumulator[8]                  ; clk_fast     ; clk_fast    ; 0.000        ; 0.083      ; 1.804      ;
; 1.546 ; iir_rc_filter:u_filter|accumulator[19]                 ; iir_rc_filter:u_filter|accumulator[19]                 ; clk_fast     ; clk_fast    ; 0.000        ; 0.082      ; 1.823      ;
; 1.546 ; iir_rc_filter:u_filter|accumulator[16]                 ; iir_rc_filter:u_filter|accumulator[3]                  ; clk_fast     ; clk_fast    ; 0.000        ; 0.083      ; 1.824      ;
; 1.549 ; iir_rc_filter:u_filter|accumulator[24]                 ; iir_rc_filter:u_filter|accumulator[24]                 ; clk_fast     ; clk_fast    ; 0.000        ; 0.082      ; 1.826      ;
; 1.551 ; iir_rc_filter:u_filter|accumulator[21]                 ; iir_rc_filter:u_filter|accumulator[21]                 ; clk_fast     ; clk_fast    ; 0.000        ; 0.082      ; 1.828      ;
; 1.555 ; iir_rc_filter:u_filter|accumulator[4]                  ; iir_rc_filter:u_filter|accumulator[4]                  ; clk_fast     ; clk_fast    ; 0.000        ; 0.083      ; 1.833      ;
; 1.557 ; iir_rc_filter:u_filter|accumulator[11]                 ; iir_rc_filter:u_filter|accumulator[11]                 ; clk_fast     ; clk_fast    ; 0.000        ; 0.083      ; 1.835      ;
; 1.558 ; iir_rc_filter:u_filter|accumulator[25]                 ; iir_rc_filter:u_filter|accumulator[25]                 ; clk_fast     ; clk_fast    ; 0.000        ; 0.082      ; 1.835      ;
; 1.562 ; iir_rc_filter:u_filter|accumulator[26]                 ; iir_rc_filter:u_filter|accumulator[26]                 ; clk_fast     ; clk_fast    ; 0.000        ; 0.082      ; 1.839      ;
; 1.569 ; iir_rc_filter:u_filter|accumulator[14]                 ; iir_rc_filter:u_filter|accumulator[14]                 ; clk_fast     ; clk_fast    ; 0.000        ; 0.083      ; 1.847      ;
; 1.570 ; iir_rc_filter:u_filter|accumulator[9]                  ; iir_rc_filter:u_filter|accumulator[9]                  ; clk_fast     ; clk_fast    ; 0.000        ; 0.083      ; 1.848      ;
; 1.572 ; iir_rc_filter:u_filter|accumulator[17]                 ; iir_rc_filter:u_filter|accumulator[17]                 ; clk_fast     ; clk_fast    ; 0.000        ; 0.082      ; 1.849      ;
; 1.573 ; iir_rc_filter:u_filter|accumulator[7]                  ; iir_rc_filter:u_filter|accumulator[7]                  ; clk_fast     ; clk_fast    ; 0.000        ; 0.083      ; 1.851      ;
; 1.580 ; iir_rc_filter:u_filter|accumulator[29]                 ; iir_rc_filter:u_filter|accumulator[29]                 ; clk_fast     ; clk_fast    ; 0.000        ; 0.082      ; 1.857      ;
; 1.584 ; iir_rc_filter:u_filter|accumulator[6]                  ; iir_rc_filter:u_filter|accumulator[6]                  ; clk_fast     ; clk_fast    ; 0.000        ; 0.083      ; 1.862      ;
; 1.585 ; iir_rc_filter:u_filter|accumulator[27]                 ; iir_rc_filter:u_filter|accumulator[27]                 ; clk_fast     ; clk_fast    ; 0.000        ; 0.082      ; 1.862      ;
; 1.587 ; iir_rc_filter:u_filter|accumulator[30]                 ; iir_rc_filter:u_filter|accumulator[30]                 ; clk_fast     ; clk_fast    ; 0.000        ; 0.082      ; 1.864      ;
; 1.613 ; iir_rc_filter:u_filter|accumulator[18]                 ; iir_rc_filter:u_filter|accumulator[18]                 ; clk_fast     ; clk_fast    ; 0.000        ; 0.082      ; 1.890      ;
; 1.617 ; iir_rc_filter:u_filter|accumulator[31]                 ; iir_rc_filter:u_filter|accumulator[18]                 ; clk_fast     ; clk_fast    ; 0.000        ; 0.082      ; 1.894      ;
; 1.621 ; iir_rc_filter:u_filter|accumulator[22]                 ; iir_rc_filter:u_filter|accumulator[22]                 ; clk_fast     ; clk_fast    ; 0.000        ; 0.082      ; 1.898      ;
; 1.627 ; iir_rc_filter:u_filter|accumulator[31]                 ; slow_comparator_core:u_slow_comp|trip_slow             ; clk_fast     ; clk_fast    ; 0.000        ; 0.073      ; 1.895      ;
; 1.628 ; iir_rc_filter:u_filter|accumulator[1]                  ; iir_rc_filter:u_filter|accumulator[2]                  ; clk_fast     ; clk_fast    ; 0.000        ; 0.082      ; 1.905      ;
; 1.636 ; iir_rc_filter:u_filter|accumulator[0]                  ; iir_rc_filter:u_filter|accumulator[2]                  ; clk_fast     ; clk_fast    ; 0.000        ; 0.082      ; 1.913      ;
; 1.676 ; iir_rc_filter:u_filter|accumulator[15]                 ; iir_rc_filter:u_filter|accumulator[2]                  ; clk_fast     ; clk_fast    ; 0.000        ; 0.081      ; 1.952      ;
; 1.727 ; iir_rc_filter:u_filter|accumulator[13]                 ; iir_rc_filter:u_filter|accumulator[13]                 ; clk_fast     ; clk_fast    ; 0.000        ; 0.083      ; 2.005      ;
; 1.747 ; iir_rc_filter:u_filter|accumulator[29]                 ; iir_rc_filter:u_filter|accumulator[16]                 ; clk_fast     ; clk_fast    ; 0.000        ; 0.087      ; 2.029      ;
; 1.752 ; iir_rc_filter:u_filter|accumulator[3]                  ; iir_rc_filter:u_filter|accumulator[3]                  ; clk_fast     ; clk_fast    ; 0.000        ; 0.083      ; 2.030      ;
; 1.753 ; iir_rc_filter:u_filter|accumulator[28]                 ; iir_rc_filter:u_filter|accumulator[28]                 ; clk_fast     ; clk_fast    ; 0.000        ; 0.082      ; 2.030      ;
; 1.763 ; iir_rc_filter:u_filter|accumulator[23]                 ; iir_rc_filter:u_filter|accumulator[23]                 ; clk_fast     ; clk_fast    ; 0.000        ; 0.082      ; 2.040      ;
; 1.784 ; iir_rc_filter:u_filter|accumulator[14]                 ; iir_rc_filter:u_filter|accumulator[2]                  ; clk_fast     ; clk_fast    ; 0.000        ; 0.081      ; 2.060      ;
; 1.788 ; iir_rc_filter:u_filter|accumulator[20]                 ; iir_rc_filter:u_filter|accumulator[20]                 ; clk_fast     ; clk_fast    ; 0.000        ; 0.082      ; 2.065      ;
; 1.789 ; iir_rc_filter:u_filter|accumulator[15]                 ; iir_rc_filter:u_filter|accumulator[15]                 ; clk_fast     ; clk_fast    ; 0.000        ; 0.083      ; 2.067      ;
; 1.810 ; iir_rc_filter:u_filter|accumulator[1]                  ; iir_rc_filter:u_filter|accumulator[3]                  ; clk_fast     ; clk_fast    ; 0.000        ; 0.084      ; 2.089      ;
; 1.811 ; iir_rc_filter:u_filter|accumulator[5]                  ; iir_rc_filter:u_filter|accumulator[6]                  ; clk_fast     ; clk_fast    ; 0.000        ; 0.083      ; 2.089      ;
; 1.825 ; iir_rc_filter:u_filter|accumulator[0]                  ; iir_rc_filter:u_filter|accumulator[3]                  ; clk_fast     ; clk_fast    ; 0.000        ; 0.084      ; 2.104      ;
; 1.829 ; iir_rc_filter:u_filter|accumulator[4]                  ; iir_rc_filter:u_filter|accumulator[5]                  ; clk_fast     ; clk_fast    ; 0.000        ; 0.083      ; 2.107      ;
; 1.841 ; iir_rc_filter:u_filter|accumulator[17]                 ; iir_rc_filter:u_filter|accumulator[4]                  ; clk_fast     ; clk_fast    ; 0.000        ; 0.087      ; 2.123      ;
; 1.845 ; iir_rc_filter:u_filter|accumulator[10]                 ; iir_rc_filter:u_filter|accumulator[11]                 ; clk_fast     ; clk_fast    ; 0.000        ; 0.083      ; 2.123      ;
; 1.847 ; iir_rc_filter:u_filter|accumulator[21]                 ; iir_rc_filter:u_filter|accumulator[22]                 ; clk_fast     ; clk_fast    ; 0.000        ; 0.082      ; 2.124      ;
; 1.850 ; iir_rc_filter:u_filter|accumulator[16]                 ; iir_rc_filter:u_filter|accumulator[4]                  ; clk_fast     ; clk_fast    ; 0.000        ; 0.083      ; 2.128      ;
; 1.850 ; iir_rc_filter:u_filter|accumulator[19]                 ; iir_rc_filter:u_filter|accumulator[20]                 ; clk_fast     ; clk_fast    ; 0.000        ; 0.082      ; 2.127      ;
; 1.853 ; iir_rc_filter:u_filter|accumulator[11]                 ; iir_rc_filter:u_filter|accumulator[12]                 ; clk_fast     ; clk_fast    ; 0.000        ; 0.083      ; 2.131      ;
; 1.854 ; iir_rc_filter:u_filter|accumulator[25]                 ; iir_rc_filter:u_filter|accumulator[26]                 ; clk_fast     ; clk_fast    ; 0.000        ; 0.082      ; 2.131      ;
; 1.856 ; iir_rc_filter:u_filter|accumulator[8]                  ; iir_rc_filter:u_filter|accumulator[9]                  ; clk_fast     ; clk_fast    ; 0.000        ; 0.083      ; 2.134      ;
; 1.858 ; iir_rc_filter:u_filter|accumulator[1]                  ; iir_rc_filter:u_filter|accumulator[1]                  ; clk_fast     ; clk_fast    ; 0.000        ; 0.083      ; 2.136      ;
; 1.860 ; iir_rc_filter:u_filter|accumulator[22]                 ; iir_rc_filter:u_filter|accumulator[9]                  ; clk_fast     ; clk_fast    ; 0.000        ; 0.087      ; 2.142      ;
; 1.864 ; iir_rc_filter:u_filter|accumulator[28]                 ; iir_rc_filter:u_filter|accumulator[29]                 ; clk_fast     ; clk_fast    ; 0.000        ; 0.082      ; 2.141      ;
; 1.865 ; iir_rc_filter:u_filter|accumulator[13]                 ; iir_rc_filter:u_filter|accumulator[2]                  ; clk_fast     ; clk_fast    ; 0.000        ; 0.081      ; 2.141      ;
; 1.866 ; iir_rc_filter:u_filter|accumulator[9]                  ; iir_rc_filter:u_filter|accumulator[10]                 ; clk_fast     ; clk_fast    ; 0.000        ; 0.083      ; 2.144      ;
; 1.869 ; iir_rc_filter:u_filter|accumulator[7]                  ; iir_rc_filter:u_filter|accumulator[8]                  ; clk_fast     ; clk_fast    ; 0.000        ; 0.083      ; 2.147      ;
; 1.872 ; iir_rc_filter:u_filter|accumulator[2]                  ; iir_rc_filter:u_filter|accumulator[3]                  ; clk_fast     ; clk_fast    ; 0.000        ; 0.085      ; 2.152      ;
; 1.876 ; iir_rc_filter:u_filter|accumulator[29]                 ; iir_rc_filter:u_filter|accumulator[30]                 ; clk_fast     ; clk_fast    ; 0.000        ; 0.082      ; 2.153      ;
; 1.876 ; iir_rc_filter:u_filter|accumulator[17]                 ; iir_rc_filter:u_filter|accumulator[18]                 ; clk_fast     ; clk_fast    ; 0.000        ; 0.082      ; 2.153      ;
; 1.878 ; iir_rc_filter:u_filter|accumulator[1]                  ; iir_rc_filter:u_filter|accumulator[4]                  ; clk_fast     ; clk_fast    ; 0.000        ; 0.084      ; 2.157      ;
; 1.879 ; iir_rc_filter:u_filter|accumulator[24]                 ; iir_rc_filter:u_filter|accumulator[25]                 ; clk_fast     ; clk_fast    ; 0.000        ; 0.082      ; 2.156      ;
; 1.879 ; iir_rc_filter:u_filter|accumulator[26]                 ; iir_rc_filter:u_filter|accumulator[27]                 ; clk_fast     ; clk_fast    ; 0.000        ; 0.082      ; 2.156      ;
; 1.881 ; iir_rc_filter:u_filter|accumulator[27]                 ; iir_rc_filter:u_filter|accumulator[28]                 ; clk_fast     ; clk_fast    ; 0.000        ; 0.082      ; 2.158      ;
; 1.884 ; iir_rc_filter:u_filter|accumulator[24]                 ; iir_rc_filter:u_filter|accumulator[11]                 ; clk_fast     ; clk_fast    ; 0.000        ; 0.087      ; 2.166      ;
; 1.886 ; iir_rc_filter:u_filter|accumulator[0]                  ; iir_rc_filter:u_filter|accumulator[4]                  ; clk_fast     ; clk_fast    ; 0.000        ; 0.084      ; 2.165      ;
; 1.888 ; iir_rc_filter:u_filter|accumulator[18]                 ; iir_rc_filter:u_filter|accumulator[19]                 ; clk_fast     ; clk_fast    ; 0.000        ; 0.082      ; 2.165      ;
; 1.893 ; iir_rc_filter:u_filter|accumulator[6]                  ; iir_rc_filter:u_filter|accumulator[7]                  ; clk_fast     ; clk_fast    ; 0.000        ; 0.083      ; 2.171      ;
; 1.899 ; iir_rc_filter:u_filter|accumulator[10]                 ; iir_rc_filter:u_filter|accumulator[12]                 ; clk_fast     ; clk_fast    ; 0.000        ; 0.083      ; 2.177      ;
; 1.905 ; iir_rc_filter:u_filter|accumulator[14]                 ; iir_rc_filter:u_filter|accumulator[15]                 ; clk_fast     ; clk_fast    ; 0.000        ; 0.083      ; 2.183      ;
; 1.913 ; iir_rc_filter:u_filter|accumulator[8]                  ; iir_rc_filter:u_filter|accumulator[10]                 ; clk_fast     ; clk_fast    ; 0.000        ; 0.083      ; 2.191      ;
; 1.918 ; iir_rc_filter:u_filter|accumulator[5]                  ; iir_rc_filter:u_filter|accumulator[7]                  ; clk_fast     ; clk_fast    ; 0.000        ; 0.083      ; 2.196      ;
; 1.926 ; iir_rc_filter:u_filter|accumulator[30]                 ; iir_rc_filter:u_filter|accumulator[31]                 ; clk_fast     ; clk_fast    ; 0.000        ; 0.082      ; 2.203      ;
; 1.927 ; iir_rc_filter:u_filter|accumulator[22]                 ; iir_rc_filter:u_filter|accumulator[23]                 ; clk_fast     ; clk_fast    ; 0.000        ; 0.082      ; 2.204      ;
; 1.931 ; iir_rc_filter:u_filter|accumulator[1]                  ; iir_rc_filter:u_filter|accumulator[5]                  ; clk_fast     ; clk_fast    ; 0.000        ; 0.084      ; 2.210      ;
; 1.932 ; iir_rc_filter:u_filter|accumulator[13]                 ; iir_rc_filter:u_filter|accumulator[14]                 ; clk_fast     ; clk_fast    ; 0.000        ; 0.083      ; 2.210      ;
; 1.933 ; iir_rc_filter:u_filter|accumulator[5]                  ; iir_rc_filter:u_filter|accumulator[8]                  ; clk_fast     ; clk_fast    ; 0.000        ; 0.083      ; 2.211      ;
; 1.936 ; iir_rc_filter:u_filter|accumulator[24]                 ; iir_rc_filter:u_filter|accumulator[26]                 ; clk_fast     ; clk_fast    ; 0.000        ; 0.082      ; 2.213      ;
; 1.937 ; iir_rc_filter:u_filter|accumulator[26]                 ; iir_rc_filter:u_filter|accumulator[28]                 ; clk_fast     ; clk_fast    ; 0.000        ; 0.082      ; 2.214      ;
; 1.940 ; iir_rc_filter:u_filter|accumulator[28]                 ; iir_rc_filter:u_filter|accumulator[30]                 ; clk_fast     ; clk_fast    ; 0.000        ; 0.082      ; 2.217      ;
; 1.941 ; iir_rc_filter:u_filter|accumulator[12]                 ; iir_rc_filter:u_filter|accumulator[12]                 ; clk_fast     ; clk_fast    ; 0.000        ; 0.083      ; 2.219      ;
; 1.942 ; iir_rc_filter:u_filter|accumulator[4]                  ; iir_rc_filter:u_filter|accumulator[6]                  ; clk_fast     ; clk_fast    ; 0.000        ; 0.083      ; 2.220      ;
; 1.946 ; iir_rc_filter:u_filter|accumulator[0]                  ; iir_rc_filter:u_filter|accumulator[5]                  ; clk_fast     ; clk_fast    ; 0.000        ; 0.084      ; 2.225      ;
; 1.948 ; iir_rc_filter:u_filter|accumulator[16]                 ; iir_rc_filter:u_filter|accumulator[5]                  ; clk_fast     ; clk_fast    ; 0.000        ; 0.083      ; 2.226      ;
; 1.951 ; iir_rc_filter:u_filter|accumulator[31]                 ; iir_rc_filter:u_filter|accumulator[19]                 ; clk_fast     ; clk_fast    ; 0.000        ; 0.082      ; 2.228      ;
; 1.953 ; iir_rc_filter:u_filter|accumulator[29]                 ; iir_rc_filter:u_filter|accumulator[17]                 ; clk_fast     ; clk_fast    ; 0.000        ; 0.082      ; 2.230      ;
; 1.954 ; iir_rc_filter:u_filter|accumulator[21]                 ; iir_rc_filter:u_filter|accumulator[23]                 ; clk_fast     ; clk_fast    ; 0.000        ; 0.082      ; 2.231      ;
; 1.956 ; iir_rc_filter:u_filter|accumulator[14]                 ; iir_rc_filter:u_filter|accumulator[16]                 ; clk_fast     ; clk_fast    ; 0.000        ; 0.083      ; 2.234      ;
; 1.957 ; iir_rc_filter:u_filter|accumulator[19]                 ; iir_rc_filter:u_filter|accumulator[21]                 ; clk_fast     ; clk_fast    ; 0.000        ; 0.082      ; 2.234      ;
; 1.957 ; iir_rc_filter:u_filter|accumulator[25]                 ; iir_rc_filter:u_filter|accumulator[27]                 ; clk_fast     ; clk_fast    ; 0.000        ; 0.082      ; 2.234      ;
; 1.959 ; iir_rc_filter:u_filter|accumulator[6]                  ; iir_rc_filter:u_filter|accumulator[8]                  ; clk_fast     ; clk_fast    ; 0.000        ; 0.083      ; 2.237      ;
; 1.960 ; iir_rc_filter:u_filter|accumulator[11]                 ; iir_rc_filter:u_filter|accumulator[13]                 ; clk_fast     ; clk_fast    ; 0.000        ; 0.083      ; 2.238      ;
; 1.963 ; iir_rc_filter:u_filter|accumulator[7]                  ; iir_rc_filter:u_filter|accumulator[9]                  ; clk_fast     ; clk_fast    ; 0.000        ; 0.083      ; 2.241      ;
; 1.964 ; iir_rc_filter:u_filter|accumulator[17]                 ; iir_rc_filter:u_filter|accumulator[19]                 ; clk_fast     ; clk_fast    ; 0.000        ; 0.082      ; 2.241      ;
; 1.969 ; iir_rc_filter:u_filter|accumulator[21]                 ; iir_rc_filter:u_filter|accumulator[24]                 ; clk_fast     ; clk_fast    ; 0.000        ; 0.082      ; 2.246      ;
; 1.969 ; iir_rc_filter:u_filter|accumulator[9]                  ; iir_rc_filter:u_filter|accumulator[11]                 ; clk_fast     ; clk_fast    ; 0.000        ; 0.083      ; 2.247      ;
; 1.972 ; iir_rc_filter:u_filter|accumulator[19]                 ; iir_rc_filter:u_filter|accumulator[22]                 ; clk_fast     ; clk_fast    ; 0.000        ; 0.082      ; 2.249      ;
; 1.972 ; iir_rc_filter:u_filter|accumulator[16]                 ; iir_rc_filter:u_filter|accumulator[6]                  ; clk_fast     ; clk_fast    ; 0.000        ; 0.083      ; 2.250      ;
+-------+--------------------------------------------------------+--------------------------------------------------------+--------------+-------------+--------------+------------+------------+


+----------------------------------------------------------------------------------------------------------------------------------------------------------------------------------------+
; Slow 1200mV 0C Model Hold: 'clk_telemetry'                                                                                                                                             ;
+-------+---------------------------------------------------+---------------------------------------------------+---------------+---------------+--------------+------------+------------+
; Slack ; From Node                                         ; To Node                                           ; Launch Clock  ; Latch Clock   ; Relationship ; Clock Skew ; Data Delay ;
+-------+---------------------------------------------------+---------------------------------------------------+---------------+---------------+--------------+------------+------------+
; 1.315 ; module_health_monitor:u_health_mon|trip_unbalance ; module_health_monitor:u_health_mon|trip_unbalance ; clk_telemetry ; clk_telemetry ; 0.000        ; 0.110      ; 1.620      ;
+-------+---------------------------------------------------+---------------------------------------------------+---------------+---------------+--------------+------------+------------+


----------------------------------------------
; Slow 1200mV 0C Model Metastability Summary ;
----------------------------------------------
The design MTBF is not calculated because there are no specified synchronizers in the design.
Number of Synchronizer Chains Found: 4
Shortest Synchronizer Chain: 3 Registers
Fraction of Chains for which MTBFs Could Not be Calculated: 1.000
Worst Case Available Settling Time: 53.614 ns




+----------------------------------------+
; Fast 1200mV 0C Model Setup Summary     ;
+---------------+--------+---------------+
; Clock         ; Slack  ; End Point TNS ;
+---------------+--------+---------------+
; clk_fast      ; 7.154  ; 0.000         ;
; clk_sys       ; 17.540 ; 0.000         ;
; clk_telemetry ; 99.086 ; 0.000         ;
+---------------+--------+---------------+


+---------------------------------------+
; Fast 1200mV 0C Model Hold Summary     ;
+---------------+-------+---------------+
; Clock         ; Slack ; End Point TNS ;
+---------------+-------+---------------+
; clk_sys       ; 0.180 ; 0.000         ;
; clk_fast      ; 0.206 ; 0.000         ;
; clk_telemetry ; 0.573 ; 0.000         ;
+---------------+-------+---------------+


-----------------------------------------
; Fast 1200mV 0C Model Recovery Summary ;
-----------------------------------------
No paths to report.


----------------------------------------
; Fast 1200mV 0C Model Removal Summary ;
----------------------------------------
No paths to report.


+--------------------------------------------------+
; Fast 1200mV 0C Model Minimum Pulse Width Summary ;
+---------------+--------+-------------------------+
; Clock         ; Slack  ; End Point TNS           ;
+---------------+--------+-------------------------+
; clk_fast      ; 4.487  ; 0.000                   ;
; clk_sys       ; 9.488  ; 0.000                   ;
; clk_telemetry ; 49.409 ; 0.000                   ;
+---------------+--------+-------------------------+


+---------------------------------------------------------------------------------------------------------------------------------------------------------------+
; Fast 1200mV 0C Model Setup: 'clk_fast'                                                                                                                        ;
+-------+----------------------------------------+----------------------------------------+--------------+-------------+--------------+------------+------------+
; Slack ; From Node                              ; To Node                                ; Launch Clock ; Latch Clock ; Relationship ; Clock Skew ; Data Delay ;
+-------+----------------------------------------+----------------------------------------+--------------+-------------+--------------+------------+------------+
; 7.154 ; iir_rc_filter:u_filter|accumulator[20] ; iir_rc_filter:u_filter|accumulator[31] ; clk_fast     ; clk_fast    ; 10.000       ; -0.042     ; 2.791      ;
; 7.172 ; iir_rc_filter:u_filter|accumulator[19] ; iir_rc_filter:u_filter|accumulator[31] ; clk_fast     ; clk_fast    ; 10.000       ; -0.042     ; 2.773      ;
; 7.211 ; iir_rc_filter:u_filter|accumulator[15] ; iir_rc_filter:u_filter|accumulator[31] ; clk_fast     ; clk_fast    ; 10.000       ; -0.046     ; 2.730      ;
; 7.218 ; iir_rc_filter:u_filter|accumulator[20] ; iir_rc_filter:u_filter|accumulator[30] ; clk_fast     ; clk_fast    ; 10.000       ; -0.042     ; 2.727      ;
; 7.220 ; iir_rc_filter:u_filter|accumulator[18] ; iir_rc_filter:u_filter|accumulator[31] ; clk_fast     ; clk_fast    ; 10.000       ; -0.042     ; 2.725      ;
; 7.222 ; iir_rc_filter:u_filter|accumulator[20] ; iir_rc_filter:u_filter|accumulator[29] ; clk_fast     ; clk_fast    ; 10.000       ; -0.042     ; 2.723      ;
; 7.230 ; iir_rc_filter:u_filter|accumulator[3]  ; iir_rc_filter:u_filter|accumulator[31] ; clk_fast     ; clk_fast    ; 10.000       ; -0.046     ; 2.711      ;
; 7.236 ; iir_rc_filter:u_filter|accumulator[19] ; iir_rc_filter:u_filter|accumulator[30] ; clk_fast     ; clk_fast    ; 10.000       ; -0.042     ; 2.709      ;
; 7.240 ; iir_rc_filter:u_filter|accumulator[19] ; iir_rc_filter:u_filter|accumulator[29] ; clk_fast     ; clk_fast    ; 10.000       ; -0.042     ; 2.705      ;
; 7.251 ; iir_rc_filter:u_filter|accumulator[21] ; iir_rc_filter:u_filter|accumulator[31] ; clk_fast     ; clk_fast    ; 10.000       ; -0.042     ; 2.694      ;
; 7.254 ; iir_rc_filter:u_filter|accumulator[17] ; iir_rc_filter:u_filter|accumulator[31] ; clk_fast     ; clk_fast    ; 10.000       ; -0.042     ; 2.691      ;
; 7.258 ; iir_rc_filter:u_filter|accumulator[13] ; iir_rc_filter:u_filter|accumulator[31] ; clk_fast     ; clk_fast    ; 10.000       ; -0.046     ; 2.683      ;
; 7.275 ; iir_rc_filter:u_filter|accumulator[15] ; iir_rc_filter:u_filter|accumulator[30] ; clk_fast     ; clk_fast    ; 10.000       ; -0.046     ; 2.666      ;
; 7.279 ; iir_rc_filter:u_filter|accumulator[15] ; iir_rc_filter:u_filter|accumulator[29] ; clk_fast     ; clk_fast    ; 10.000       ; -0.046     ; 2.662      ;
; 7.284 ; iir_rc_filter:u_filter|accumulator[18] ; iir_rc_filter:u_filter|accumulator[30] ; clk_fast     ; clk_fast    ; 10.000       ; -0.042     ; 2.661      ;
; 7.288 ; iir_rc_filter:u_filter|accumulator[18] ; iir_rc_filter:u_filter|accumulator[29] ; clk_fast     ; clk_fast    ; 10.000       ; -0.042     ; 2.657      ;
; 7.289 ; iir_rc_filter:u_filter|accumulator[20] ; iir_rc_filter:u_filter|accumulator[28] ; clk_fast     ; clk_fast    ; 10.000       ; -0.042     ; 2.656      ;
; 7.293 ; iir_rc_filter:u_filter|accumulator[20] ; iir_rc_filter:u_filter|accumulator[27] ; clk_fast     ; clk_fast    ; 10.000       ; -0.042     ; 2.652      ;
; 7.294 ; iir_rc_filter:u_filter|accumulator[3]  ; iir_rc_filter:u_filter|accumulator[30] ; clk_fast     ; clk_fast    ; 10.000       ; -0.046     ; 2.647      ;
; 7.298 ; iir_rc_filter:u_filter|accumulator[3]  ; iir_rc_filter:u_filter|accumulator[29] ; clk_fast     ; clk_fast    ; 10.000       ; -0.046     ; 2.643      ;
; 7.307 ; iir_rc_filter:u_filter|accumulator[19] ; iir_rc_filter:u_filter|accumulator[28] ; clk_fast     ; clk_fast    ; 10.000       ; -0.042     ; 2.638      ;
; 7.311 ; iir_rc_filter:u_filter|accumulator[19] ; iir_rc_filter:u_filter|accumulator[27] ; clk_fast     ; clk_fast    ; 10.000       ; -0.042     ; 2.634      ;
; 7.315 ; iir_rc_filter:u_filter|accumulator[21] ; iir_rc_filter:u_filter|accumulator[30] ; clk_fast     ; clk_fast    ; 10.000       ; -0.042     ; 2.630      ;
; 7.318 ; iir_rc_filter:u_filter|accumulator[17] ; iir_rc_filter:u_filter|accumulator[30] ; clk_fast     ; clk_fast    ; 10.000       ; -0.042     ; 2.627      ;
; 7.319 ; iir_rc_filter:u_filter|accumulator[21] ; iir_rc_filter:u_filter|accumulator[29] ; clk_fast     ; clk_fast    ; 10.000       ; -0.042     ; 2.626      ;
; 7.322 ; iir_rc_filter:u_filter|accumulator[13] ; iir_rc_filter:u_filter|accumulator[30] ; clk_fast     ; clk_fast    ; 10.000       ; -0.046     ; 2.619      ;
; 7.322 ; iir_rc_filter:u_filter|accumulator[17] ; iir_rc_filter:u_filter|accumulator[29] ; clk_fast     ; clk_fast    ; 10.000       ; -0.042     ; 2.623      ;
; 7.326 ; iir_rc_filter:u_filter|accumulator[13] ; iir_rc_filter:u_filter|accumulator[29] ; clk_fast     ; clk_fast    ; 10.000       ; -0.046     ; 2.615      ;
; 7.329 ; iir_rc_filter:u_filter|accumulator[23] ; iir_rc_filter:u_filter|accumulator[31] ; clk_fast     ; clk_fast    ; 10.000       ; -0.042     ; 2.616      ;
; 7.343 ; iir_rc_filter:u_filter|accumulator[14] ; iir_rc_filter:u_filter|accumulator[31] ; clk_fast     ; clk_fast    ; 10.000       ; -0.046     ; 2.598      ;
; 7.346 ; iir_rc_filter:u_filter|accumulator[15] ; iir_rc_filter:u_filter|accumulator[28] ; clk_fast     ; clk_fast    ; 10.000       ; -0.046     ; 2.595      ;
; 7.350 ; iir_rc_filter:u_filter|accumulator[15] ; iir_rc_filter:u_filter|accumulator[27] ; clk_fast     ; clk_fast    ; 10.000       ; -0.046     ; 2.591      ;
; 7.354 ; iir_rc_filter:u_filter|accumulator[1]  ; iir_rc_filter:u_filter|accumulator[31] ; clk_fast     ; clk_fast    ; 10.000       ; -0.045     ; 2.588      ;
; 7.355 ; iir_rc_filter:u_filter|accumulator[18] ; iir_rc_filter:u_filter|accumulator[28] ; clk_fast     ; clk_fast    ; 10.000       ; -0.042     ; 2.590      ;
; 7.357 ; iir_rc_filter:u_filter|accumulator[20] ; iir_rc_filter:u_filter|accumulator[26] ; clk_fast     ; clk_fast    ; 10.000       ; -0.042     ; 2.588      ;
; 7.359 ; iir_rc_filter:u_filter|accumulator[18] ; iir_rc_filter:u_filter|accumulator[27] ; clk_fast     ; clk_fast    ; 10.000       ; -0.042     ; 2.586      ;
; 7.361 ; iir_rc_filter:u_filter|accumulator[20] ; iir_rc_filter:u_filter|accumulator[25] ; clk_fast     ; clk_fast    ; 10.000       ; -0.042     ; 2.584      ;
; 7.365 ; iir_rc_filter:u_filter|accumulator[3]  ; iir_rc_filter:u_filter|accumulator[28] ; clk_fast     ; clk_fast    ; 10.000       ; -0.046     ; 2.576      ;
; 7.369 ; iir_rc_filter:u_filter|accumulator[3]  ; iir_rc_filter:u_filter|accumulator[27] ; clk_fast     ; clk_fast    ; 10.000       ; -0.046     ; 2.572      ;
; 7.375 ; iir_rc_filter:u_filter|accumulator[19] ; iir_rc_filter:u_filter|accumulator[26] ; clk_fast     ; clk_fast    ; 10.000       ; -0.042     ; 2.570      ;
; 7.378 ; iir_rc_filter:u_filter|accumulator[2]  ; iir_rc_filter:u_filter|accumulator[31] ; clk_fast     ; clk_fast    ; 10.000       ; -0.043     ; 2.566      ;
; 7.379 ; iir_rc_filter:u_filter|accumulator[19] ; iir_rc_filter:u_filter|accumulator[25] ; clk_fast     ; clk_fast    ; 10.000       ; -0.042     ; 2.566      ;
; 7.386 ; iir_rc_filter:u_filter|accumulator[21] ; iir_rc_filter:u_filter|accumulator[28] ; clk_fast     ; clk_fast    ; 10.000       ; -0.042     ; 2.559      ;
; 7.389 ; iir_rc_filter:u_filter|accumulator[17] ; iir_rc_filter:u_filter|accumulator[28] ; clk_fast     ; clk_fast    ; 10.000       ; -0.042     ; 2.556      ;
; 7.390 ; iir_rc_filter:u_filter|accumulator[21] ; iir_rc_filter:u_filter|accumulator[27] ; clk_fast     ; clk_fast    ; 10.000       ; -0.042     ; 2.555      ;
; 7.393 ; iir_rc_filter:u_filter|accumulator[23] ; iir_rc_filter:u_filter|accumulator[30] ; clk_fast     ; clk_fast    ; 10.000       ; -0.042     ; 2.552      ;
; 7.393 ; iir_rc_filter:u_filter|accumulator[13] ; iir_rc_filter:u_filter|accumulator[28] ; clk_fast     ; clk_fast    ; 10.000       ; -0.046     ; 2.548      ;
; 7.393 ; iir_rc_filter:u_filter|accumulator[17] ; iir_rc_filter:u_filter|accumulator[27] ; clk_fast     ; clk_fast    ; 10.000       ; -0.042     ; 2.552      ;
; 7.397 ; iir_rc_filter:u_filter|accumulator[23] ; iir_rc_filter:u_filter|accumulator[29] ; clk_fast     ; clk_fast    ; 10.000       ; -0.042     ; 2.548      ;
; 7.397 ; iir_rc_filter:u_filter|accumulator[13] ; iir_rc_filter:u_filter|accumulator[27] ; clk_fast     ; clk_fast    ; 10.000       ; -0.046     ; 2.544      ;
; 7.402 ; iir_rc_filter:u_filter|accumulator[0]  ; iir_rc_filter:u_filter|accumulator[31] ; clk_fast     ; clk_fast    ; 10.000       ; -0.045     ; 2.540      ;
; 7.407 ; iir_rc_filter:u_filter|accumulator[14] ; iir_rc_filter:u_filter|accumulator[30] ; clk_fast     ; clk_fast    ; 10.000       ; -0.046     ; 2.534      ;
; 7.411 ; iir_rc_filter:u_filter|accumulator[14] ; iir_rc_filter:u_filter|accumulator[29] ; clk_fast     ; clk_fast    ; 10.000       ; -0.046     ; 2.530      ;
; 7.414 ; iir_rc_filter:u_filter|accumulator[16] ; iir_rc_filter:u_filter|accumulator[31] ; clk_fast     ; clk_fast    ; 10.000       ; -0.046     ; 2.527      ;
; 7.414 ; iir_rc_filter:u_filter|accumulator[15] ; iir_rc_filter:u_filter|accumulator[26] ; clk_fast     ; clk_fast    ; 10.000       ; -0.046     ; 2.527      ;
; 7.418 ; iir_rc_filter:u_filter|accumulator[15] ; iir_rc_filter:u_filter|accumulator[25] ; clk_fast     ; clk_fast    ; 10.000       ; -0.046     ; 2.523      ;
; 7.418 ; iir_rc_filter:u_filter|accumulator[1]  ; iir_rc_filter:u_filter|accumulator[30] ; clk_fast     ; clk_fast    ; 10.000       ; -0.045     ; 2.524      ;
; 7.422 ; iir_rc_filter:u_filter|accumulator[1]  ; iir_rc_filter:u_filter|accumulator[29] ; clk_fast     ; clk_fast    ; 10.000       ; -0.045     ; 2.520      ;
; 7.423 ; iir_rc_filter:u_filter|accumulator[18] ; iir_rc_filter:u_filter|accumulator[26] ; clk_fast     ; clk_fast    ; 10.000       ; -0.042     ; 2.522      ;
; 7.425 ; iir_rc_filter:u_filter|accumulator[20] ; iir_rc_filter:u_filter|accumulator[24] ; clk_fast     ; clk_fast    ; 10.000       ; -0.042     ; 2.520      ;
; 7.427 ; iir_rc_filter:u_filter|accumulator[5]  ; iir_rc_filter:u_filter|accumulator[31] ; clk_fast     ; clk_fast    ; 10.000       ; -0.046     ; 2.514      ;
; 7.427 ; iir_rc_filter:u_filter|accumulator[18] ; iir_rc_filter:u_filter|accumulator[25] ; clk_fast     ; clk_fast    ; 10.000       ; -0.042     ; 2.518      ;
; 7.429 ; iir_rc_filter:u_filter|accumulator[20] ; iir_rc_filter:u_filter|accumulator[23] ; clk_fast     ; clk_fast    ; 10.000       ; -0.042     ; 2.516      ;
; 7.433 ; iir_rc_filter:u_filter|accumulator[3]  ; iir_rc_filter:u_filter|accumulator[26] ; clk_fast     ; clk_fast    ; 10.000       ; -0.046     ; 2.508      ;
; 7.437 ; iir_rc_filter:u_filter|accumulator[3]  ; iir_rc_filter:u_filter|accumulator[25] ; clk_fast     ; clk_fast    ; 10.000       ; -0.046     ; 2.504      ;
; 7.442 ; iir_rc_filter:u_filter|accumulator[2]  ; iir_rc_filter:u_filter|accumulator[30] ; clk_fast     ; clk_fast    ; 10.000       ; -0.043     ; 2.502      ;
; 7.443 ; iir_rc_filter:u_filter|accumulator[19] ; iir_rc_filter:u_filter|accumulator[24] ; clk_fast     ; clk_fast    ; 10.000       ; -0.042     ; 2.502      ;
; 7.446 ; iir_rc_filter:u_filter|accumulator[2]  ; iir_rc_filter:u_filter|accumulator[29] ; clk_fast     ; clk_fast    ; 10.000       ; -0.043     ; 2.498      ;
; 7.447 ; iir_rc_filter:u_filter|accumulator[19] ; iir_rc_filter:u_filter|accumulator[23] ; clk_fast     ; clk_fast    ; 10.000       ; -0.042     ; 2.498      ;
; 7.454 ; iir_rc_filter:u_filter|accumulator[21] ; iir_rc_filter:u_filter|accumulator[26] ; clk_fast     ; clk_fast    ; 10.000       ; -0.042     ; 2.491      ;
; 7.457 ; iir_rc_filter:u_filter|accumulator[17] ; iir_rc_filter:u_filter|accumulator[26] ; clk_fast     ; clk_fast    ; 10.000       ; -0.042     ; 2.488      ;
; 7.458 ; iir_rc_filter:u_filter|accumulator[21] ; iir_rc_filter:u_filter|accumulator[25] ; clk_fast     ; clk_fast    ; 10.000       ; -0.042     ; 2.487      ;
; 7.461 ; iir_rc_filter:u_filter|accumulator[13] ; iir_rc_filter:u_filter|accumulator[26] ; clk_fast     ; clk_fast    ; 10.000       ; -0.046     ; 2.480      ;
; 7.461 ; iir_rc_filter:u_filter|accumulator[17] ; iir_rc_filter:u_filter|accumulator[25] ; clk_fast     ; clk_fast    ; 10.000       ; -0.042     ; 2.484      ;
; 7.464 ; iir_rc_filter:u_filter|accumulator[23] ; iir_rc_filter:u_filter|accumulator[28] ; clk_fast     ; clk_fast    ; 10.000       ; -0.042     ; 2.481      ;
; 7.465 ; iir_rc_filter:u_filter|accumulator[13] ; iir_rc_filter:u_filter|accumulator[25] ; clk_fast     ; clk_fast    ; 10.000       ; -0.046     ; 2.476      ;
; 7.466 ; iir_rc_filter:u_filter|accumulator[22] ; iir_rc_filter:u_filter|accumulator[31] ; clk_fast     ; clk_fast    ; 10.000       ; -0.042     ; 2.479      ;
; 7.466 ; iir_rc_filter:u_filter|accumulator[0]  ; iir_rc_filter:u_filter|accumulator[30] ; clk_fast     ; clk_fast    ; 10.000       ; -0.045     ; 2.476      ;
; 7.468 ; iir_rc_filter:u_filter|accumulator[23] ; iir_rc_filter:u_filter|accumulator[27] ; clk_fast     ; clk_fast    ; 10.000       ; -0.042     ; 2.477      ;
; 7.470 ; iir_rc_filter:u_filter|accumulator[4]  ; iir_rc_filter:u_filter|accumulator[31] ; clk_fast     ; clk_fast    ; 10.000       ; -0.046     ; 2.471      ;
; 7.470 ; iir_rc_filter:u_filter|accumulator[0]  ; iir_rc_filter:u_filter|accumulator[29] ; clk_fast     ; clk_fast    ; 10.000       ; -0.045     ; 2.472      ;
; 7.472 ; iir_rc_filter:u_filter|accumulator[27] ; iir_rc_filter:u_filter|accumulator[31] ; clk_fast     ; clk_fast    ; 10.000       ; -0.042     ; 2.473      ;
; 7.478 ; iir_rc_filter:u_filter|accumulator[16] ; iir_rc_filter:u_filter|accumulator[30] ; clk_fast     ; clk_fast    ; 10.000       ; -0.046     ; 2.463      ;
; 7.478 ; iir_rc_filter:u_filter|accumulator[14] ; iir_rc_filter:u_filter|accumulator[28] ; clk_fast     ; clk_fast    ; 10.000       ; -0.046     ; 2.463      ;
; 7.479 ; iir_rc_filter:u_filter|accumulator[7]  ; iir_rc_filter:u_filter|accumulator[31] ; clk_fast     ; clk_fast    ; 10.000       ; -0.046     ; 2.462      ;
; 7.482 ; iir_rc_filter:u_filter|accumulator[16] ; iir_rc_filter:u_filter|accumulator[29] ; clk_fast     ; clk_fast    ; 10.000       ; -0.046     ; 2.459      ;
; 7.482 ; iir_rc_filter:u_filter|accumulator[15] ; iir_rc_filter:u_filter|accumulator[24] ; clk_fast     ; clk_fast    ; 10.000       ; -0.046     ; 2.459      ;
; 7.482 ; iir_rc_filter:u_filter|accumulator[14] ; iir_rc_filter:u_filter|accumulator[27] ; clk_fast     ; clk_fast    ; 10.000       ; -0.046     ; 2.459      ;
; 7.486 ; iir_rc_filter:u_filter|accumulator[15] ; iir_rc_filter:u_filter|accumulator[23] ; clk_fast     ; clk_fast    ; 10.000       ; -0.046     ; 2.455      ;
; 7.489 ; iir_rc_filter:u_filter|accumulator[1]  ; iir_rc_filter:u_filter|accumulator[28] ; clk_fast     ; clk_fast    ; 10.000       ; -0.045     ; 2.453      ;
; 7.491 ; iir_rc_filter:u_filter|accumulator[26] ; iir_rc_filter:u_filter|accumulator[31] ; clk_fast     ; clk_fast    ; 10.000       ; -0.042     ; 2.454      ;
; 7.491 ; iir_rc_filter:u_filter|accumulator[5]  ; iir_rc_filter:u_filter|accumulator[30] ; clk_fast     ; clk_fast    ; 10.000       ; -0.046     ; 2.450      ;
; 7.491 ; iir_rc_filter:u_filter|accumulator[18] ; iir_rc_filter:u_filter|accumulator[24] ; clk_fast     ; clk_fast    ; 10.000       ; -0.042     ; 2.454      ;
; 7.493 ; iir_rc_filter:u_filter|accumulator[20] ; iir_rc_filter:u_filter|accumulator[22] ; clk_fast     ; clk_fast    ; 10.000       ; -0.042     ; 2.452      ;
; 7.493 ; iir_rc_filter:u_filter|accumulator[1]  ; iir_rc_filter:u_filter|accumulator[27] ; clk_fast     ; clk_fast    ; 10.000       ; -0.045     ; 2.449      ;
; 7.495 ; iir_rc_filter:u_filter|accumulator[5]  ; iir_rc_filter:u_filter|accumulator[29] ; clk_fast     ; clk_fast    ; 10.000       ; -0.046     ; 2.446      ;
; 7.495 ; iir_rc_filter:u_filter|accumulator[18] ; iir_rc_filter:u_filter|accumulator[23] ; clk_fast     ; clk_fast    ; 10.000       ; -0.042     ; 2.450      ;
; 7.497 ; iir_rc_filter:u_filter|accumulator[20] ; iir_rc_filter:u_filter|accumulator[21] ; clk_fast     ; clk_fast    ; 10.000       ; -0.042     ; 2.448      ;
; 7.501 ; iir_rc_filter:u_filter|accumulator[3]  ; iir_rc_filter:u_filter|accumulator[24] ; clk_fast     ; clk_fast    ; 10.000       ; -0.046     ; 2.440      ;
; 7.505 ; iir_rc_filter:u_filter|accumulator[3]  ; iir_rc_filter:u_filter|accumulator[23] ; clk_fast     ; clk_fast    ; 10.000       ; -0.046     ; 2.436      ;
+-------+----------------------------------------+----------------------------------------+--------------+-------------+--------------+------------+------------+


+--------------------------------------------------------------------------------------------------------------------------------------------------------------------------------------------------------------------+
; Fast 1200mV 0C Model Setup: 'clk_sys'                                                                                                                                                                              ;
+--------+------------------------------------------------------------------+------------------------------------------------------------------+--------------+-------------+--------------+------------+------------+
; Slack  ; From Node                                                        ; To Node                                                          ; Launch Clock ; Latch Clock ; Relationship ; Clock Skew ; Data Delay ;
+--------+------------------------------------------------------------------+------------------------------------------------------------------+--------------+-------------+--------------+------------+------------+
; 17.540 ; interlock_aggregation_matrix:u_central_brain|holdoff_counter[4]  ; interlock_aggregation_matrix:u_central_brain|holdoff_counter[11] ; clk_sys      ; clk_sys     ; 20.000       ; -0.043     ; 2.404      ;
; 17.540 ; interlock_aggregation_matrix:u_central_brain|holdoff_counter[4]  ; interlock_aggregation_matrix:u_central_brain|holdoff_counter[10] ; clk_sys      ; clk_sys     ; 20.000       ; -0.043     ; 2.404      ;
; 17.540 ; interlock_aggregation_matrix:u_central_brain|holdoff_counter[4]  ; interlock_aggregation_matrix:u_central_brain|holdoff_counter[0]  ; clk_sys      ; clk_sys     ; 20.000       ; -0.043     ; 2.404      ;
; 17.540 ; interlock_aggregation_matrix:u_central_brain|holdoff_counter[4]  ; interlock_aggregation_matrix:u_central_brain|holdoff_counter[1]  ; clk_sys      ; clk_sys     ; 20.000       ; -0.043     ; 2.404      ;
; 17.540 ; interlock_aggregation_matrix:u_central_brain|holdoff_counter[4]  ; interlock_aggregation_matrix:u_central_brain|holdoff_counter[2]  ; clk_sys      ; clk_sys     ; 20.000       ; -0.043     ; 2.404      ;
; 17.540 ; interlock_aggregation_matrix:u_central_brain|holdoff_counter[4]  ; interlock_aggregation_matrix:u_central_brain|holdoff_counter[3]  ; clk_sys      ; clk_sys     ; 20.000       ; -0.043     ; 2.404      ;
; 17.540 ; interlock_aggregation_matrix:u_central_brain|holdoff_counter[4]  ; interlock_aggregation_matrix:u_central_brain|holdoff_counter[4]  ; clk_sys      ; clk_sys     ; 20.000       ; -0.043     ; 2.404      ;
; 17.540 ; interlock_aggregation_matrix:u_central_brain|holdoff_counter[4]  ; interlock_aggregation_matrix:u_central_brain|holdoff_counter[5]  ; clk_sys      ; clk_sys     ; 20.000       ; -0.043     ; 2.404      ;
; 17.540 ; interlock_aggregation_matrix:u_central_brain|holdoff_counter[4]  ; interlock_aggregation_matrix:u_central_brain|holdoff_counter[6]  ; clk_sys      ; clk_sys     ; 20.000       ; -0.043     ; 2.404      ;
; 17.540 ; interlock_aggregation_matrix:u_central_brain|holdoff_counter[4]  ; interlock_aggregation_matrix:u_central_brain|holdoff_counter[7]  ; clk_sys      ; clk_sys     ; 20.000       ; -0.043     ; 2.404      ;
; 17.540 ; interlock_aggregation_matrix:u_central_brain|holdoff_counter[4]  ; interlock_aggregation_matrix:u_central_brain|holdoff_counter[8]  ; clk_sys      ; clk_sys     ; 20.000       ; -0.043     ; 2.404      ;
; 17.540 ; interlock_aggregation_matrix:u_central_brain|holdoff_counter[4]  ; interlock_aggregation_matrix:u_central_brain|holdoff_counter[9]  ; clk_sys      ; clk_sys     ; 20.000       ; -0.043     ; 2.404      ;
; 17.542 ; interlock_aggregation_matrix:u_central_brain|holdoff_counter[5]  ; interlock_aggregation_matrix:u_central_brain|holdoff_counter[11] ; clk_sys      ; clk_sys     ; 20.000       ; -0.043     ; 2.402      ;
; 17.542 ; interlock_aggregation_matrix:u_central_brain|holdoff_counter[5]  ; interlock_aggregation_matrix:u_central_brain|holdoff_counter[10] ; clk_sys      ; clk_sys     ; 20.000       ; -0.043     ; 2.402      ;
; 17.542 ; interlock_aggregation_matrix:u_central_brain|holdoff_counter[5]  ; interlock_aggregation_matrix:u_central_brain|holdoff_counter[0]  ; clk_sys      ; clk_sys     ; 20.000       ; -0.043     ; 2.402      ;
; 17.542 ; interlock_aggregation_matrix:u_central_brain|holdoff_counter[5]  ; interlock_aggregation_matrix:u_central_brain|holdoff_counter[1]  ; clk_sys      ; clk_sys     ; 20.000       ; -0.043     ; 2.402      ;
; 17.542 ; interlock_aggregation_matrix:u_central_brain|holdoff_counter[5]  ; interlock_aggregation_matrix:u_central_brain|holdoff_counter[2]  ; clk_sys      ; clk_sys     ; 20.000       ; -0.043     ; 2.402      ;
; 17.542 ; interlock_aggregation_matrix:u_central_brain|holdoff_counter[5]  ; interlock_aggregation_matrix:u_central_brain|holdoff_counter[3]  ; clk_sys      ; clk_sys     ; 20.000       ; -0.043     ; 2.402      ;
; 17.542 ; interlock_aggregation_matrix:u_central_brain|holdoff_counter[5]  ; interlock_aggregation_matrix:u_central_brain|holdoff_counter[4]  ; clk_sys      ; clk_sys     ; 20.000       ; -0.043     ; 2.402      ;
; 17.542 ; interlock_aggregation_matrix:u_central_brain|holdoff_counter[5]  ; interlock_aggregation_matrix:u_central_brain|holdoff_counter[5]  ; clk_sys      ; clk_sys     ; 20.000       ; -0.043     ; 2.402      ;
; 17.542 ; interlock_aggregation_matrix:u_central_brain|holdoff_counter[5]  ; interlock_aggregation_matrix:u_central_brain|holdoff_counter[6]  ; clk_sys      ; clk_sys     ; 20.000       ; -0.043     ; 2.402      ;
; 17.542 ; interlock_aggregation_matrix:u_central_brain|holdoff_counter[5]  ; interlock_aggregation_matrix:u_central_brain|holdoff_counter[7]  ; clk_sys      ; clk_sys     ; 20.000       ; -0.043     ; 2.402      ;
; 17.542 ; interlock_aggregation_matrix:u_central_brain|holdoff_counter[5]  ; interlock_aggregation_matrix:u_central_brain|holdoff_counter[8]  ; clk_sys      ; clk_sys     ; 20.000       ; -0.043     ; 2.402      ;
; 17.542 ; interlock_aggregation_matrix:u_central_brain|holdoff_counter[5]  ; interlock_aggregation_matrix:u_central_brain|holdoff_counter[9]  ; clk_sys      ; clk_sys     ; 20.000       ; -0.043     ; 2.402      ;
; 17.631 ; interlock_aggregation_matrix:u_central_brain|holdoff_counter[2]  ; interlock_aggregation_matrix:u_central_brain|holdoff_counter[11] ; clk_sys      ; clk_sys     ; 20.000       ; -0.043     ; 2.313      ;
; 17.631 ; interlock_aggregation_matrix:u_central_brain|holdoff_counter[2]  ; interlock_aggregation_matrix:u_central_brain|holdoff_counter[10] ; clk_sys      ; clk_sys     ; 20.000       ; -0.043     ; 2.313      ;
; 17.631 ; interlock_aggregation_matrix:u_central_brain|holdoff_counter[2]  ; interlock_aggregation_matrix:u_central_brain|holdoff_counter[0]  ; clk_sys      ; clk_sys     ; 20.000       ; -0.043     ; 2.313      ;
; 17.631 ; interlock_aggregation_matrix:u_central_brain|holdoff_counter[2]  ; interlock_aggregation_matrix:u_central_brain|holdoff_counter[1]  ; clk_sys      ; clk_sys     ; 20.000       ; -0.043     ; 2.313      ;
; 17.631 ; interlock_aggregation_matrix:u_central_brain|holdoff_counter[2]  ; interlock_aggregation_matrix:u_central_brain|holdoff_counter[2]  ; clk_sys      ; clk_sys     ; 20.000       ; -0.043     ; 2.313      ;
; 17.631 ; interlock_aggregation_matrix:u_central_brain|holdoff_counter[2]  ; interlock_aggregation_matrix:u_central_brain|holdoff_counter[3]  ; clk_sys      ; clk_sys     ; 20.000       ; -0.043     ; 2.313      ;
; 17.631 ; interlock_aggregation_matrix:u_central_brain|holdoff_counter[2]  ; interlock_aggregation_matrix:u_central_brain|holdoff_counter[4]  ; clk_sys      ; clk_sys     ; 20.000       ; -0.043     ; 2.313      ;
; 17.631 ; interlock_aggregation_matrix:u_central_brain|holdoff_counter[2]  ; interlock_aggregation_matrix:u_central_brain|holdoff_counter[5]  ; clk_sys      ; clk_sys     ; 20.000       ; -0.043     ; 2.313      ;
; 17.631 ; interlock_aggregation_matrix:u_central_brain|holdoff_counter[2]  ; interlock_aggregation_matrix:u_central_brain|holdoff_counter[6]  ; clk_sys      ; clk_sys     ; 20.000       ; -0.043     ; 2.313      ;
; 17.631 ; interlock_aggregation_matrix:u_central_brain|holdoff_counter[2]  ; interlock_aggregation_matrix:u_central_brain|holdoff_counter[7]  ; clk_sys      ; clk_sys     ; 20.000       ; -0.043     ; 2.313      ;
; 17.631 ; interlock_aggregation_matrix:u_central_brain|holdoff_counter[2]  ; interlock_aggregation_matrix:u_central_brain|holdoff_counter[8]  ; clk_sys      ; clk_sys     ; 20.000       ; -0.043     ; 2.313      ;
; 17.631 ; interlock_aggregation_matrix:u_central_brain|holdoff_counter[2]  ; interlock_aggregation_matrix:u_central_brain|holdoff_counter[9]  ; clk_sys      ; clk_sys     ; 20.000       ; -0.043     ; 2.313      ;
; 17.689 ; interlock_aggregation_matrix:u_central_brain|holdoff_counter[3]  ; interlock_aggregation_matrix:u_central_brain|holdoff_counter[11] ; clk_sys      ; clk_sys     ; 20.000       ; -0.043     ; 2.255      ;
; 17.689 ; interlock_aggregation_matrix:u_central_brain|holdoff_counter[3]  ; interlock_aggregation_matrix:u_central_brain|holdoff_counter[10] ; clk_sys      ; clk_sys     ; 20.000       ; -0.043     ; 2.255      ;
; 17.689 ; interlock_aggregation_matrix:u_central_brain|holdoff_counter[3]  ; interlock_aggregation_matrix:u_central_brain|holdoff_counter[0]  ; clk_sys      ; clk_sys     ; 20.000       ; -0.043     ; 2.255      ;
; 17.689 ; interlock_aggregation_matrix:u_central_brain|holdoff_counter[3]  ; interlock_aggregation_matrix:u_central_brain|holdoff_counter[1]  ; clk_sys      ; clk_sys     ; 20.000       ; -0.043     ; 2.255      ;
; 17.689 ; interlock_aggregation_matrix:u_central_brain|holdoff_counter[3]  ; interlock_aggregation_matrix:u_central_brain|holdoff_counter[2]  ; clk_sys      ; clk_sys     ; 20.000       ; -0.043     ; 2.255      ;
; 17.689 ; interlock_aggregation_matrix:u_central_brain|holdoff_counter[3]  ; interlock_aggregation_matrix:u_central_brain|holdoff_counter[3]  ; clk_sys      ; clk_sys     ; 20.000       ; -0.043     ; 2.255      ;
; 17.689 ; interlock_aggregation_matrix:u_central_brain|holdoff_counter[3]  ; interlock_aggregation_matrix:u_central_brain|holdoff_counter[4]  ; clk_sys      ; clk_sys     ; 20.000       ; -0.043     ; 2.255      ;
; 17.689 ; interlock_aggregation_matrix:u_central_brain|holdoff_counter[3]  ; interlock_aggregation_matrix:u_central_brain|holdoff_counter[5]  ; clk_sys      ; clk_sys     ; 20.000       ; -0.043     ; 2.255      ;
; 17.689 ; interlock_aggregation_matrix:u_central_brain|holdoff_counter[3]  ; interlock_aggregation_matrix:u_central_brain|holdoff_counter[6]  ; clk_sys      ; clk_sys     ; 20.000       ; -0.043     ; 2.255      ;
; 17.689 ; interlock_aggregation_matrix:u_central_brain|holdoff_counter[3]  ; interlock_aggregation_matrix:u_central_brain|holdoff_counter[7]  ; clk_sys      ; clk_sys     ; 20.000       ; -0.043     ; 2.255      ;
; 17.689 ; interlock_aggregation_matrix:u_central_brain|holdoff_counter[3]  ; interlock_aggregation_matrix:u_central_brain|holdoff_counter[8]  ; clk_sys      ; clk_sys     ; 20.000       ; -0.043     ; 2.255      ;
; 17.689 ; interlock_aggregation_matrix:u_central_brain|holdoff_counter[3]  ; interlock_aggregation_matrix:u_central_brain|holdoff_counter[9]  ; clk_sys      ; clk_sys     ; 20.000       ; -0.043     ; 2.255      ;
; 17.821 ; interlock_aggregation_matrix:u_central_brain|holdoff_counter[7]  ; interlock_aggregation_matrix:u_central_brain|holdoff_counter[11] ; clk_sys      ; clk_sys     ; 20.000       ; -0.043     ; 2.123      ;
; 17.821 ; interlock_aggregation_matrix:u_central_brain|holdoff_counter[7]  ; interlock_aggregation_matrix:u_central_brain|holdoff_counter[10] ; clk_sys      ; clk_sys     ; 20.000       ; -0.043     ; 2.123      ;
; 17.821 ; interlock_aggregation_matrix:u_central_brain|holdoff_counter[7]  ; interlock_aggregation_matrix:u_central_brain|holdoff_counter[0]  ; clk_sys      ; clk_sys     ; 20.000       ; -0.043     ; 2.123      ;
; 17.821 ; interlock_aggregation_matrix:u_central_brain|holdoff_counter[7]  ; interlock_aggregation_matrix:u_central_brain|holdoff_counter[1]  ; clk_sys      ; clk_sys     ; 20.000       ; -0.043     ; 2.123      ;
; 17.821 ; interlock_aggregation_matrix:u_central_brain|holdoff_counter[7]  ; interlock_aggregation_matrix:u_central_brain|holdoff_counter[2]  ; clk_sys      ; clk_sys     ; 20.000       ; -0.043     ; 2.123      ;
; 17.821 ; interlock_aggregation_matrix:u_central_brain|holdoff_counter[7]  ; interlock_aggregation_matrix:u_central_brain|holdoff_counter[3]  ; clk_sys      ; clk_sys     ; 20.000       ; -0.043     ; 2.123      ;
; 17.821 ; interlock_aggregation_matrix:u_central_brain|holdoff_counter[7]  ; interlock_aggregation_matrix:u_central_brain|holdoff_counter[4]  ; clk_sys      ; clk_sys     ; 20.000       ; -0.043     ; 2.123      ;
; 17.821 ; interlock_aggregation_matrix:u_central_brain|holdoff_counter[7]  ; interlock_aggregation_matrix:u_central_brain|holdoff_counter[5]  ; clk_sys      ; clk_sys     ; 20.000       ; -0.043     ; 2.123      ;
; 17.821 ; interlock_aggregation_matrix:u_central_brain|holdoff_counter[7]  ; interlock_aggregation_matrix:u_central_brain|holdoff_counter[6]  ; clk_sys      ; clk_sys     ; 20.000       ; -0.043     ; 2.123      ;
; 17.821 ; interlock_aggregation_matrix:u_central_brain|holdoff_counter[7]  ; interlock_aggregation_matrix:u_central_brain|holdoff_counter[7]  ; clk_sys      ; clk_sys     ; 20.000       ; -0.043     ; 2.123      ;
; 17.821 ; interlock_aggregation_matrix:u_central_brain|holdoff_counter[7]  ; interlock_aggregation_matrix:u_central_brain|holdoff_counter[8]  ; clk_sys      ; clk_sys     ; 20.000       ; -0.043     ; 2.123      ;
; 17.821 ; interlock_aggregation_matrix:u_central_brain|holdoff_counter[7]  ; interlock_aggregation_matrix:u_central_brain|holdoff_counter[9]  ; clk_sys      ; clk_sys     ; 20.000       ; -0.043     ; 2.123      ;
; 17.892 ; interlock_aggregation_matrix:u_central_brain|holdoff_counter[8]  ; interlock_aggregation_matrix:u_central_brain|holdoff_counter[11] ; clk_sys      ; clk_sys     ; 20.000       ; -0.043     ; 2.052      ;
; 17.892 ; interlock_aggregation_matrix:u_central_brain|holdoff_counter[8]  ; interlock_aggregation_matrix:u_central_brain|holdoff_counter[10] ; clk_sys      ; clk_sys     ; 20.000       ; -0.043     ; 2.052      ;
; 17.892 ; interlock_aggregation_matrix:u_central_brain|holdoff_counter[8]  ; interlock_aggregation_matrix:u_central_brain|holdoff_counter[0]  ; clk_sys      ; clk_sys     ; 20.000       ; -0.043     ; 2.052      ;
; 17.892 ; interlock_aggregation_matrix:u_central_brain|holdoff_counter[8]  ; interlock_aggregation_matrix:u_central_brain|holdoff_counter[1]  ; clk_sys      ; clk_sys     ; 20.000       ; -0.043     ; 2.052      ;
; 17.892 ; interlock_aggregation_matrix:u_central_brain|holdoff_counter[8]  ; interlock_aggregation_matrix:u_central_brain|holdoff_counter[2]  ; clk_sys      ; clk_sys     ; 20.000       ; -0.043     ; 2.052      ;
; 17.892 ; interlock_aggregation_matrix:u_central_brain|holdoff_counter[8]  ; interlock_aggregation_matrix:u_central_brain|holdoff_counter[3]  ; clk_sys      ; clk_sys     ; 20.000       ; -0.043     ; 2.052      ;
; 17.892 ; interlock_aggregation_matrix:u_central_brain|holdoff_counter[8]  ; interlock_aggregation_matrix:u_central_brain|holdoff_counter[4]  ; clk_sys      ; clk_sys     ; 20.000       ; -0.043     ; 2.052      ;
; 17.892 ; interlock_aggregation_matrix:u_central_brain|holdoff_counter[8]  ; interlock_aggregation_matrix:u_central_brain|holdoff_counter[5]  ; clk_sys      ; clk_sys     ; 20.000       ; -0.043     ; 2.052      ;
; 17.892 ; interlock_aggregation_matrix:u_central_brain|holdoff_counter[8]  ; interlock_aggregation_matrix:u_central_brain|holdoff_counter[6]  ; clk_sys      ; clk_sys     ; 20.000       ; -0.043     ; 2.052      ;
; 17.892 ; interlock_aggregation_matrix:u_central_brain|holdoff_counter[8]  ; interlock_aggregation_matrix:u_central_brain|holdoff_counter[7]  ; clk_sys      ; clk_sys     ; 20.000       ; -0.043     ; 2.052      ;
; 17.892 ; interlock_aggregation_matrix:u_central_brain|holdoff_counter[8]  ; interlock_aggregation_matrix:u_central_brain|holdoff_counter[8]  ; clk_sys      ; clk_sys     ; 20.000       ; -0.043     ; 2.052      ;
; 17.892 ; interlock_aggregation_matrix:u_central_brain|holdoff_counter[8]  ; interlock_aggregation_matrix:u_central_brain|holdoff_counter[9]  ; clk_sys      ; clk_sys     ; 20.000       ; -0.043     ; 2.052      ;
; 18.020 ; interlock_aggregation_matrix:u_central_brain|holdoff_counter[6]  ; interlock_aggregation_matrix:u_central_brain|holdoff_counter[11] ; clk_sys      ; clk_sys     ; 20.000       ; -0.043     ; 1.924      ;
; 18.020 ; interlock_aggregation_matrix:u_central_brain|holdoff_counter[6]  ; interlock_aggregation_matrix:u_central_brain|holdoff_counter[10] ; clk_sys      ; clk_sys     ; 20.000       ; -0.043     ; 1.924      ;
; 18.020 ; interlock_aggregation_matrix:u_central_brain|holdoff_counter[6]  ; interlock_aggregation_matrix:u_central_brain|holdoff_counter[0]  ; clk_sys      ; clk_sys     ; 20.000       ; -0.043     ; 1.924      ;
; 18.020 ; interlock_aggregation_matrix:u_central_brain|holdoff_counter[6]  ; interlock_aggregation_matrix:u_central_brain|holdoff_counter[1]  ; clk_sys      ; clk_sys     ; 20.000       ; -0.043     ; 1.924      ;
; 18.020 ; interlock_aggregation_matrix:u_central_brain|holdoff_counter[6]  ; interlock_aggregation_matrix:u_central_brain|holdoff_counter[2]  ; clk_sys      ; clk_sys     ; 20.000       ; -0.043     ; 1.924      ;
; 18.020 ; interlock_aggregation_matrix:u_central_brain|holdoff_counter[6]  ; interlock_aggregation_matrix:u_central_brain|holdoff_counter[3]  ; clk_sys      ; clk_sys     ; 20.000       ; -0.043     ; 1.924      ;
; 18.020 ; interlock_aggregation_matrix:u_central_brain|holdoff_counter[6]  ; interlock_aggregation_matrix:u_central_brain|holdoff_counter[4]  ; clk_sys      ; clk_sys     ; 20.000       ; -0.043     ; 1.924      ;
; 18.020 ; interlock_aggregation_matrix:u_central_brain|holdoff_counter[6]  ; interlock_aggregation_matrix:u_central_brain|holdoff_counter[5]  ; clk_sys      ; clk_sys     ; 20.000       ; -0.043     ; 1.924      ;
; 18.020 ; interlock_aggregation_matrix:u_central_brain|holdoff_counter[6]  ; interlock_aggregation_matrix:u_central_brain|holdoff_counter[6]  ; clk_sys      ; clk_sys     ; 20.000       ; -0.043     ; 1.924      ;
; 18.020 ; interlock_aggregation_matrix:u_central_brain|holdoff_counter[6]  ; interlock_aggregation_matrix:u_central_brain|holdoff_counter[7]  ; clk_sys      ; clk_sys     ; 20.000       ; -0.043     ; 1.924      ;
; 18.020 ; interlock_aggregation_matrix:u_central_brain|holdoff_counter[6]  ; interlock_aggregation_matrix:u_central_brain|holdoff_counter[8]  ; clk_sys      ; clk_sys     ; 20.000       ; -0.043     ; 1.924      ;
; 18.020 ; interlock_aggregation_matrix:u_central_brain|holdoff_counter[6]  ; interlock_aggregation_matrix:u_central_brain|holdoff_counter[9]  ; clk_sys      ; clk_sys     ; 20.000       ; -0.043     ; 1.924      ;
; 18.172 ; interlock_aggregation_matrix:u_central_brain|holdoff_counter[4]  ; interlock_aggregation_matrix:u_central_brain|psu_contactor_o     ; clk_sys      ; clk_sys     ; 20.000       ; -0.056     ; 1.759      ;
; 18.174 ; interlock_aggregation_matrix:u_central_brain|holdoff_counter[5]  ; interlock_aggregation_matrix:u_central_brain|psu_contactor_o     ; clk_sys      ; clk_sys     ; 20.000       ; -0.056     ; 1.757      ;
; 18.206 ; interlock_aggregation_matrix:u_central_brain|holdoff_counter[11] ; interlock_aggregation_matrix:u_central_brain|holdoff_counter[11] ; clk_sys      ; clk_sys     ; 20.000       ; -0.043     ; 1.738      ;
; 18.206 ; interlock_aggregation_matrix:u_central_brain|holdoff_counter[11] ; interlock_aggregation_matrix:u_central_brain|holdoff_counter[10] ; clk_sys      ; clk_sys     ; 20.000       ; -0.043     ; 1.738      ;
; 18.206 ; interlock_aggregation_matrix:u_central_brain|holdoff_counter[11] ; interlock_aggregation_matrix:u_central_brain|holdoff_counter[0]  ; clk_sys      ; clk_sys     ; 20.000       ; -0.043     ; 1.738      ;
; 18.206 ; interlock_aggregation_matrix:u_central_brain|holdoff_counter[11] ; interlock_aggregation_matrix:u_central_brain|holdoff_counter[1]  ; clk_sys      ; clk_sys     ; 20.000       ; -0.043     ; 1.738      ;
; 18.206 ; interlock_aggregation_matrix:u_central_brain|holdoff_counter[11] ; interlock_aggregation_matrix:u_central_brain|holdoff_counter[2]  ; clk_sys      ; clk_sys     ; 20.000       ; -0.043     ; 1.738      ;
; 18.206 ; interlock_aggregation_matrix:u_central_brain|holdoff_counter[11] ; interlock_aggregation_matrix:u_central_brain|holdoff_counter[3]  ; clk_sys      ; clk_sys     ; 20.000       ; -0.043     ; 1.738      ;
; 18.206 ; interlock_aggregation_matrix:u_central_brain|holdoff_counter[11] ; interlock_aggregation_matrix:u_central_brain|holdoff_counter[4]  ; clk_sys      ; clk_sys     ; 20.000       ; -0.043     ; 1.738      ;
; 18.206 ; interlock_aggregation_matrix:u_central_brain|holdoff_counter[11] ; interlock_aggregation_matrix:u_central_brain|holdoff_counter[5]  ; clk_sys      ; clk_sys     ; 20.000       ; -0.043     ; 1.738      ;
; 18.206 ; interlock_aggregation_matrix:u_central_brain|holdoff_counter[11] ; interlock_aggregation_matrix:u_central_brain|holdoff_counter[6]  ; clk_sys      ; clk_sys     ; 20.000       ; -0.043     ; 1.738      ;
; 18.206 ; interlock_aggregation_matrix:u_central_brain|holdoff_counter[11] ; interlock_aggregation_matrix:u_central_brain|holdoff_counter[7]  ; clk_sys      ; clk_sys     ; 20.000       ; -0.043     ; 1.738      ;
; 18.206 ; interlock_aggregation_matrix:u_central_brain|holdoff_counter[11] ; interlock_aggregation_matrix:u_central_brain|holdoff_counter[8]  ; clk_sys      ; clk_sys     ; 20.000       ; -0.043     ; 1.738      ;
; 18.206 ; interlock_aggregation_matrix:u_central_brain|holdoff_counter[11] ; interlock_aggregation_matrix:u_central_brain|holdoff_counter[9]  ; clk_sys      ; clk_sys     ; 20.000       ; -0.043     ; 1.738      ;
; 18.263 ; interlock_aggregation_matrix:u_central_brain|holdoff_counter[2]  ; interlock_aggregation_matrix:u_central_brain|psu_contactor_o     ; clk_sys      ; clk_sys     ; 20.000       ; -0.056     ; 1.668      ;
; 18.301 ; interlock_aggregation_matrix:u_central_brain|holdoff_counter[9]  ; interlock_aggregation_matrix:u_central_brain|holdoff_counter[11] ; clk_sys      ; clk_sys     ; 20.000       ; -0.043     ; 1.643      ;
+--------+------------------------------------------------------------------+------------------------------------------------------------------+--------------+-------------+--------------+------------+------------+


+-----------------------------------------------------------------------------------------------------------------------------------------------------------------------------------------+
; Fast 1200mV 0C Model Setup: 'clk_telemetry'                                                                                                                                             ;
+--------+---------------------------------------------------+---------------------------------------------------+---------------+---------------+--------------+------------+------------+
; Slack  ; From Node                                         ; To Node                                           ; Launch Clock  ; Latch Clock   ; Relationship ; Clock Skew ; Data Delay ;
+--------+---------------------------------------------------+---------------------------------------------------+---------------+---------------+--------------+------------+------------+
; 99.086 ; module_health_monitor:u_health_mon|trip_unbalance ; module_health_monitor:u_health_mon|trip_unbalance ; clk_telemetry ; clk_telemetry ; 100.000      ; -0.053     ; 0.868      ;
+--------+---------------------------------------------------+---------------------------------------------------+---------------+---------------+--------------+------------+------------+


+-------------------------------------------------------------------------------------------------------------------------------------------------------------------------------------------------------------------+
; Fast 1200mV 0C Model Hold: 'clk_sys'                                                                                                                                                                              ;
+-------+------------------------------------------------------------------+------------------------------------------------------------------+--------------+-------------+--------------+------------+------------+
; Slack ; From Node                                                        ; To Node                                                          ; Launch Clock ; Latch Clock ; Relationship ; Clock Skew ; Data Delay ;
+-------+------------------------------------------------------------------+------------------------------------------------------------------+--------------+-------------+--------------+------------+------------+
; 0.180 ; interlock_aggregation_matrix:u_central_brain|psu_contactor_o     ; interlock_aggregation_matrix:u_central_brain|psu_contactor_o     ; clk_sys      ; clk_sys     ; 0.000        ; 0.043      ; 0.307      ;
; 0.180 ; interlock_aggregation_matrix:u_central_brain|psu_armed           ; interlock_aggregation_matrix:u_central_brain|psu_armed           ; clk_sys      ; clk_sys     ; 0.000        ; 0.043      ; 0.307      ;
; 0.180 ; interlock_aggregation_matrix:u_central_brain|rf_gate_disable_o   ; interlock_aggregation_matrix:u_central_brain|rf_gate_disable_o   ; clk_sys      ; clk_sys     ; 0.000        ; 0.043      ; 0.307      ;
; 0.186 ; gc_sync_ffs:u_sync_unbalance|gc_sync:cmp_gc_sync|sync0           ; gc_sync_ffs:u_sync_unbalance|gc_sync:cmp_gc_sync|sync1           ; clk_sys      ; clk_sys     ; 0.000        ; 0.043      ; 0.313      ;
; 0.188 ; gc_sync_ffs:u_sync_slow|gc_sync:cmp_gc_sync|sync1                ; gc_sync_ffs:u_sync_slow|synced_o                                 ; clk_sys      ; clk_sys     ; 0.000        ; 0.043      ; 0.315      ;
; 0.189 ; gc_sync_ffs:u_sync_fast|gc_sync:cmp_gc_sync|sync1                ; gc_sync_ffs:u_sync_fast|synced_o                                 ; clk_sys      ; clk_sys     ; 0.000        ; 0.041      ; 0.314      ;
; 0.189 ; gc_sync_ffs:u_sync_fast|gc_sync:cmp_gc_sync|sync0                ; gc_sync_ffs:u_sync_fast|gc_sync:cmp_gc_sync|sync1                ; clk_sys      ; clk_sys     ; 0.000        ; 0.041      ; 0.314      ;
; 0.190 ; gc_sync_ffs:u_sync_overdrive|gc_sync:cmp_gc_sync|sync0           ; gc_sync_ffs:u_sync_overdrive|gc_sync:cmp_gc_sync|sync1           ; clk_sys      ; clk_sys     ; 0.000        ; 0.041      ; 0.315      ;
; 0.201 ; gc_sync_ffs:u_sync_unbalance|synced_o                            ; interlock_aggregation_matrix:u_central_brain|psu_armed           ; clk_sys      ; clk_sys     ; 0.000        ; 0.043      ; 0.328      ;
; 0.203 ; interlock_aggregation_matrix:u_central_brain|rf_gate_disable_o   ; interlock_aggregation_matrix:u_central_brain|psu_contactor_o     ; clk_sys      ; clk_sys     ; 0.000        ; 0.043      ; 0.330      ;
; 0.251 ; gc_sync_ffs:u_sync_unbalance|gc_sync:cmp_gc_sync|sync1           ; gc_sync_ffs:u_sync_unbalance|synced_o                            ; clk_sys      ; clk_sys     ; 0.000        ; 0.043      ; 0.378      ;
; 0.265 ; gc_sync_ffs:u_sync_overdrive|gc_sync:cmp_gc_sync|sync1           ; gc_sync_ffs:u_sync_overdrive|synced_o                            ; clk_sys      ; clk_sys     ; 0.000        ; 0.041      ; 0.390      ;
; 0.291 ; interlock_aggregation_matrix:u_central_brain|holdoff_counter[1]  ; interlock_aggregation_matrix:u_central_brain|holdoff_counter[1]  ; clk_sys      ; clk_sys     ; 0.000        ; 0.043      ; 0.418      ;
; 0.295 ; interlock_aggregation_matrix:u_central_brain|holdoff_counter[3]  ; interlock_aggregation_matrix:u_central_brain|holdoff_counter[3]  ; clk_sys      ; clk_sys     ; 0.000        ; 0.043      ; 0.422      ;
; 0.295 ; interlock_aggregation_matrix:u_central_brain|holdoff_counter[5]  ; interlock_aggregation_matrix:u_central_brain|holdoff_counter[5]  ; clk_sys      ; clk_sys     ; 0.000        ; 0.043      ; 0.422      ;
; 0.296 ; interlock_aggregation_matrix:u_central_brain|holdoff_counter[6]  ; interlock_aggregation_matrix:u_central_brain|holdoff_counter[6]  ; clk_sys      ; clk_sys     ; 0.000        ; 0.043      ; 0.423      ;
; 0.296 ; interlock_aggregation_matrix:u_central_brain|holdoff_counter[8]  ; interlock_aggregation_matrix:u_central_brain|holdoff_counter[8]  ; clk_sys      ; clk_sys     ; 0.000        ; 0.043      ; 0.423      ;
; 0.296 ; interlock_aggregation_matrix:u_central_brain|holdoff_counter[9]  ; interlock_aggregation_matrix:u_central_brain|holdoff_counter[9]  ; clk_sys      ; clk_sys     ; 0.000        ; 0.043      ; 0.423      ;
; 0.297 ; interlock_aggregation_matrix:u_central_brain|holdoff_counter[11] ; interlock_aggregation_matrix:u_central_brain|holdoff_counter[11] ; clk_sys      ; clk_sys     ; 0.000        ; 0.043      ; 0.424      ;
; 0.297 ; interlock_aggregation_matrix:u_central_brain|holdoff_counter[10] ; interlock_aggregation_matrix:u_central_brain|holdoff_counter[10] ; clk_sys      ; clk_sys     ; 0.000        ; 0.043      ; 0.424      ;
; 0.297 ; interlock_aggregation_matrix:u_central_brain|holdoff_counter[2]  ; interlock_aggregation_matrix:u_central_brain|holdoff_counter[2]  ; clk_sys      ; clk_sys     ; 0.000        ; 0.043      ; 0.424      ;
; 0.297 ; interlock_aggregation_matrix:u_central_brain|holdoff_counter[4]  ; interlock_aggregation_matrix:u_central_brain|holdoff_counter[4]  ; clk_sys      ; clk_sys     ; 0.000        ; 0.043      ; 0.424      ;
; 0.303 ; interlock_aggregation_matrix:u_central_brain|holdoff_counter[0]  ; interlock_aggregation_matrix:u_central_brain|holdoff_counter[0]  ; clk_sys      ; clk_sys     ; 0.000        ; 0.043      ; 0.430      ;
; 0.303 ; interlock_aggregation_matrix:u_central_brain|holdoff_counter[7]  ; interlock_aggregation_matrix:u_central_brain|holdoff_counter[7]  ; clk_sys      ; clk_sys     ; 0.000        ; 0.043      ; 0.430      ;
; 0.303 ; interlock_aggregation_matrix:u_central_brain|psu_armed           ; interlock_aggregation_matrix:u_central_brain|psu_contactor_o     ; clk_sys      ; clk_sys     ; 0.000        ; 0.043      ; 0.430      ;
; 0.330 ; gc_sync_ffs:u_sync_slow|synced_o                                 ; interlock_aggregation_matrix:u_central_brain|psu_armed           ; clk_sys      ; clk_sys     ; 0.000        ; 0.043      ; 0.457      ;
; 0.440 ; interlock_aggregation_matrix:u_central_brain|holdoff_counter[1]  ; interlock_aggregation_matrix:u_central_brain|holdoff_counter[2]  ; clk_sys      ; clk_sys     ; 0.000        ; 0.043      ; 0.567      ;
; 0.444 ; interlock_aggregation_matrix:u_central_brain|holdoff_counter[5]  ; interlock_aggregation_matrix:u_central_brain|holdoff_counter[6]  ; clk_sys      ; clk_sys     ; 0.000        ; 0.043      ; 0.571      ;
; 0.444 ; interlock_aggregation_matrix:u_central_brain|holdoff_counter[3]  ; interlock_aggregation_matrix:u_central_brain|holdoff_counter[4]  ; clk_sys      ; clk_sys     ; 0.000        ; 0.043      ; 0.571      ;
; 0.445 ; interlock_aggregation_matrix:u_central_brain|holdoff_counter[9]  ; interlock_aggregation_matrix:u_central_brain|holdoff_counter[10] ; clk_sys      ; clk_sys     ; 0.000        ; 0.043      ; 0.572      ;
; 0.450 ; interlock_aggregation_matrix:u_central_brain|holdoff_counter[0]  ; interlock_aggregation_matrix:u_central_brain|holdoff_counter[1]  ; clk_sys      ; clk_sys     ; 0.000        ; 0.043      ; 0.577      ;
; 0.452 ; interlock_aggregation_matrix:u_central_brain|holdoff_counter[7]  ; interlock_aggregation_matrix:u_central_brain|holdoff_counter[8]  ; clk_sys      ; clk_sys     ; 0.000        ; 0.043      ; 0.579      ;
; 0.453 ; interlock_aggregation_matrix:u_central_brain|holdoff_counter[0]  ; interlock_aggregation_matrix:u_central_brain|holdoff_counter[2]  ; clk_sys      ; clk_sys     ; 0.000        ; 0.043      ; 0.580      ;
; 0.454 ; interlock_aggregation_matrix:u_central_brain|holdoff_counter[8]  ; interlock_aggregation_matrix:u_central_brain|holdoff_counter[9]  ; clk_sys      ; clk_sys     ; 0.000        ; 0.043      ; 0.581      ;
; 0.454 ; interlock_aggregation_matrix:u_central_brain|holdoff_counter[6]  ; interlock_aggregation_matrix:u_central_brain|holdoff_counter[7]  ; clk_sys      ; clk_sys     ; 0.000        ; 0.043      ; 0.581      ;
; 0.455 ; interlock_aggregation_matrix:u_central_brain|holdoff_counter[2]  ; interlock_aggregation_matrix:u_central_brain|holdoff_counter[3]  ; clk_sys      ; clk_sys     ; 0.000        ; 0.043      ; 0.582      ;
; 0.455 ; interlock_aggregation_matrix:u_central_brain|holdoff_counter[4]  ; interlock_aggregation_matrix:u_central_brain|holdoff_counter[5]  ; clk_sys      ; clk_sys     ; 0.000        ; 0.043      ; 0.582      ;
; 0.455 ; interlock_aggregation_matrix:u_central_brain|holdoff_counter[10] ; interlock_aggregation_matrix:u_central_brain|holdoff_counter[11] ; clk_sys      ; clk_sys     ; 0.000        ; 0.043      ; 0.582      ;
; 0.457 ; interlock_aggregation_matrix:u_central_brain|holdoff_counter[8]  ; interlock_aggregation_matrix:u_central_brain|holdoff_counter[10] ; clk_sys      ; clk_sys     ; 0.000        ; 0.043      ; 0.584      ;
; 0.457 ; interlock_aggregation_matrix:u_central_brain|holdoff_counter[6]  ; interlock_aggregation_matrix:u_central_brain|holdoff_counter[8]  ; clk_sys      ; clk_sys     ; 0.000        ; 0.043      ; 0.584      ;
; 0.458 ; interlock_aggregation_matrix:u_central_brain|holdoff_counter[4]  ; interlock_aggregation_matrix:u_central_brain|holdoff_counter[6]  ; clk_sys      ; clk_sys     ; 0.000        ; 0.043      ; 0.585      ;
; 0.458 ; interlock_aggregation_matrix:u_central_brain|holdoff_counter[2]  ; interlock_aggregation_matrix:u_central_brain|holdoff_counter[4]  ; clk_sys      ; clk_sys     ; 0.000        ; 0.043      ; 0.585      ;
; 0.503 ; interlock_aggregation_matrix:u_central_brain|holdoff_counter[1]  ; interlock_aggregation_matrix:u_central_brain|holdoff_counter[3]  ; clk_sys      ; clk_sys     ; 0.000        ; 0.043      ; 0.630      ;
; 0.506 ; interlock_aggregation_matrix:u_central_brain|holdoff_counter[1]  ; interlock_aggregation_matrix:u_central_brain|holdoff_counter[4]  ; clk_sys      ; clk_sys     ; 0.000        ; 0.043      ; 0.633      ;
; 0.507 ; interlock_aggregation_matrix:u_central_brain|holdoff_counter[5]  ; interlock_aggregation_matrix:u_central_brain|holdoff_counter[7]  ; clk_sys      ; clk_sys     ; 0.000        ; 0.043      ; 0.634      ;
; 0.507 ; interlock_aggregation_matrix:u_central_brain|holdoff_counter[3]  ; interlock_aggregation_matrix:u_central_brain|holdoff_counter[5]  ; clk_sys      ; clk_sys     ; 0.000        ; 0.043      ; 0.634      ;
; 0.508 ; interlock_aggregation_matrix:u_central_brain|holdoff_counter[9]  ; interlock_aggregation_matrix:u_central_brain|holdoff_counter[11] ; clk_sys      ; clk_sys     ; 0.000        ; 0.043      ; 0.635      ;
; 0.510 ; interlock_aggregation_matrix:u_central_brain|holdoff_counter[5]  ; interlock_aggregation_matrix:u_central_brain|holdoff_counter[8]  ; clk_sys      ; clk_sys     ; 0.000        ; 0.043      ; 0.637      ;
; 0.510 ; interlock_aggregation_matrix:u_central_brain|holdoff_counter[3]  ; interlock_aggregation_matrix:u_central_brain|holdoff_counter[6]  ; clk_sys      ; clk_sys     ; 0.000        ; 0.043      ; 0.637      ;
; 0.515 ; interlock_aggregation_matrix:u_central_brain|holdoff_counter[7]  ; interlock_aggregation_matrix:u_central_brain|holdoff_counter[9]  ; clk_sys      ; clk_sys     ; 0.000        ; 0.043      ; 0.642      ;
; 0.516 ; interlock_aggregation_matrix:u_central_brain|holdoff_counter[0]  ; interlock_aggregation_matrix:u_central_brain|holdoff_counter[3]  ; clk_sys      ; clk_sys     ; 0.000        ; 0.043      ; 0.643      ;
; 0.518 ; interlock_aggregation_matrix:u_central_brain|holdoff_counter[7]  ; interlock_aggregation_matrix:u_central_brain|holdoff_counter[10] ; clk_sys      ; clk_sys     ; 0.000        ; 0.043      ; 0.645      ;
; 0.519 ; interlock_aggregation_matrix:u_central_brain|holdoff_counter[0]  ; interlock_aggregation_matrix:u_central_brain|holdoff_counter[4]  ; clk_sys      ; clk_sys     ; 0.000        ; 0.043      ; 0.646      ;
; 0.520 ; interlock_aggregation_matrix:u_central_brain|holdoff_counter[8]  ; interlock_aggregation_matrix:u_central_brain|holdoff_counter[11] ; clk_sys      ; clk_sys     ; 0.000        ; 0.043      ; 0.647      ;
; 0.520 ; interlock_aggregation_matrix:u_central_brain|holdoff_counter[6]  ; interlock_aggregation_matrix:u_central_brain|holdoff_counter[9]  ; clk_sys      ; clk_sys     ; 0.000        ; 0.043      ; 0.647      ;
; 0.521 ; interlock_aggregation_matrix:u_central_brain|holdoff_counter[4]  ; interlock_aggregation_matrix:u_central_brain|holdoff_counter[7]  ; clk_sys      ; clk_sys     ; 0.000        ; 0.043      ; 0.648      ;
; 0.521 ; interlock_aggregation_matrix:u_central_brain|holdoff_counter[2]  ; interlock_aggregation_matrix:u_central_brain|holdoff_counter[5]  ; clk_sys      ; clk_sys     ; 0.000        ; 0.043      ; 0.648      ;
; 0.523 ; interlock_aggregation_matrix:u_central_brain|holdoff_counter[6]  ; interlock_aggregation_matrix:u_central_brain|holdoff_counter[10] ; clk_sys      ; clk_sys     ; 0.000        ; 0.043      ; 0.650      ;
; 0.524 ; interlock_aggregation_matrix:u_central_brain|holdoff_counter[4]  ; interlock_aggregation_matrix:u_central_brain|holdoff_counter[8]  ; clk_sys      ; clk_sys     ; 0.000        ; 0.043      ; 0.651      ;
; 0.524 ; interlock_aggregation_matrix:u_central_brain|holdoff_counter[2]  ; interlock_aggregation_matrix:u_central_brain|holdoff_counter[6]  ; clk_sys      ; clk_sys     ; 0.000        ; 0.043      ; 0.651      ;
; 0.569 ; interlock_aggregation_matrix:u_central_brain|holdoff_counter[1]  ; interlock_aggregation_matrix:u_central_brain|holdoff_counter[5]  ; clk_sys      ; clk_sys     ; 0.000        ; 0.043      ; 0.696      ;
; 0.572 ; interlock_aggregation_matrix:u_central_brain|holdoff_counter[1]  ; interlock_aggregation_matrix:u_central_brain|holdoff_counter[6]  ; clk_sys      ; clk_sys     ; 0.000        ; 0.043      ; 0.699      ;
; 0.573 ; interlock_aggregation_matrix:u_central_brain|holdoff_counter[5]  ; interlock_aggregation_matrix:u_central_brain|holdoff_counter[9]  ; clk_sys      ; clk_sys     ; 0.000        ; 0.043      ; 0.700      ;
; 0.573 ; interlock_aggregation_matrix:u_central_brain|holdoff_counter[3]  ; interlock_aggregation_matrix:u_central_brain|holdoff_counter[7]  ; clk_sys      ; clk_sys     ; 0.000        ; 0.043      ; 0.700      ;
; 0.576 ; interlock_aggregation_matrix:u_central_brain|holdoff_counter[5]  ; interlock_aggregation_matrix:u_central_brain|holdoff_counter[10] ; clk_sys      ; clk_sys     ; 0.000        ; 0.043      ; 0.703      ;
; 0.576 ; interlock_aggregation_matrix:u_central_brain|holdoff_counter[3]  ; interlock_aggregation_matrix:u_central_brain|holdoff_counter[8]  ; clk_sys      ; clk_sys     ; 0.000        ; 0.043      ; 0.703      ;
; 0.581 ; interlock_aggregation_matrix:u_central_brain|holdoff_counter[7]  ; interlock_aggregation_matrix:u_central_brain|holdoff_counter[11] ; clk_sys      ; clk_sys     ; 0.000        ; 0.043      ; 0.708      ;
; 0.582 ; interlock_aggregation_matrix:u_central_brain|holdoff_counter[0]  ; interlock_aggregation_matrix:u_central_brain|holdoff_counter[5]  ; clk_sys      ; clk_sys     ; 0.000        ; 0.043      ; 0.709      ;
; 0.585 ; interlock_aggregation_matrix:u_central_brain|holdoff_counter[0]  ; interlock_aggregation_matrix:u_central_brain|holdoff_counter[6]  ; clk_sys      ; clk_sys     ; 0.000        ; 0.043      ; 0.712      ;
; 0.586 ; interlock_aggregation_matrix:u_central_brain|holdoff_counter[6]  ; interlock_aggregation_matrix:u_central_brain|holdoff_counter[11] ; clk_sys      ; clk_sys     ; 0.000        ; 0.043      ; 0.713      ;
; 0.587 ; interlock_aggregation_matrix:u_central_brain|holdoff_counter[4]  ; interlock_aggregation_matrix:u_central_brain|holdoff_counter[9]  ; clk_sys      ; clk_sys     ; 0.000        ; 0.043      ; 0.714      ;
; 0.587 ; interlock_aggregation_matrix:u_central_brain|holdoff_counter[2]  ; interlock_aggregation_matrix:u_central_brain|holdoff_counter[7]  ; clk_sys      ; clk_sys     ; 0.000        ; 0.043      ; 0.714      ;
; 0.590 ; interlock_aggregation_matrix:u_central_brain|holdoff_counter[4]  ; interlock_aggregation_matrix:u_central_brain|holdoff_counter[10] ; clk_sys      ; clk_sys     ; 0.000        ; 0.043      ; 0.717      ;
; 0.590 ; interlock_aggregation_matrix:u_central_brain|holdoff_counter[2]  ; interlock_aggregation_matrix:u_central_brain|holdoff_counter[8]  ; clk_sys      ; clk_sys     ; 0.000        ; 0.043      ; 0.717      ;
; 0.635 ; interlock_aggregation_matrix:u_central_brain|holdoff_counter[1]  ; interlock_aggregation_matrix:u_central_brain|holdoff_counter[7]  ; clk_sys      ; clk_sys     ; 0.000        ; 0.043      ; 0.762      ;
; 0.638 ; interlock_aggregation_matrix:u_central_brain|holdoff_counter[1]  ; interlock_aggregation_matrix:u_central_brain|holdoff_counter[8]  ; clk_sys      ; clk_sys     ; 0.000        ; 0.043      ; 0.765      ;
; 0.639 ; interlock_aggregation_matrix:u_central_brain|holdoff_counter[5]  ; interlock_aggregation_matrix:u_central_brain|holdoff_counter[11] ; clk_sys      ; clk_sys     ; 0.000        ; 0.043      ; 0.766      ;
; 0.639 ; interlock_aggregation_matrix:u_central_brain|holdoff_counter[3]  ; interlock_aggregation_matrix:u_central_brain|holdoff_counter[9]  ; clk_sys      ; clk_sys     ; 0.000        ; 0.043      ; 0.766      ;
; 0.642 ; interlock_aggregation_matrix:u_central_brain|holdoff_counter[3]  ; interlock_aggregation_matrix:u_central_brain|holdoff_counter[10] ; clk_sys      ; clk_sys     ; 0.000        ; 0.043      ; 0.769      ;
; 0.648 ; interlock_aggregation_matrix:u_central_brain|holdoff_counter[0]  ; interlock_aggregation_matrix:u_central_brain|holdoff_counter[7]  ; clk_sys      ; clk_sys     ; 0.000        ; 0.043      ; 0.775      ;
; 0.651 ; interlock_aggregation_matrix:u_central_brain|holdoff_counter[0]  ; interlock_aggregation_matrix:u_central_brain|holdoff_counter[8]  ; clk_sys      ; clk_sys     ; 0.000        ; 0.043      ; 0.778      ;
; 0.653 ; interlock_aggregation_matrix:u_central_brain|holdoff_counter[4]  ; interlock_aggregation_matrix:u_central_brain|holdoff_counter[11] ; clk_sys      ; clk_sys     ; 0.000        ; 0.043      ; 0.780      ;
; 0.653 ; interlock_aggregation_matrix:u_central_brain|holdoff_counter[2]  ; interlock_aggregation_matrix:u_central_brain|holdoff_counter[9]  ; clk_sys      ; clk_sys     ; 0.000        ; 0.043      ; 0.780      ;
; 0.656 ; interlock_aggregation_matrix:u_central_brain|holdoff_counter[2]  ; interlock_aggregation_matrix:u_central_brain|holdoff_counter[10] ; clk_sys      ; clk_sys     ; 0.000        ; 0.043      ; 0.783      ;
; 0.668 ; gc_sync_ffs:u_sync_overdrive|synced_o                            ; interlock_aggregation_matrix:u_central_brain|rf_gate_disable_o   ; clk_sys      ; clk_sys     ; 0.000        ; 0.058      ; 0.810      ;
; 0.675 ; gc_sync_ffs:u_sync_fast|synced_o                                 ; interlock_aggregation_matrix:u_central_brain|rf_gate_disable_o   ; clk_sys      ; clk_sys     ; 0.000        ; 0.058      ; 0.817      ;
; 0.678 ; gc_sync_ffs:u_sync_slow|gc_sync:cmp_gc_sync|sync0                ; gc_sync_ffs:u_sync_slow|gc_sync:cmp_gc_sync|sync1                ; clk_sys      ; clk_sys     ; 0.000        ; 0.074      ; 0.836      ;
; 0.701 ; interlock_aggregation_matrix:u_central_brain|holdoff_counter[1]  ; interlock_aggregation_matrix:u_central_brain|holdoff_counter[9]  ; clk_sys      ; clk_sys     ; 0.000        ; 0.043      ; 0.828      ;
; 0.704 ; interlock_aggregation_matrix:u_central_brain|holdoff_counter[1]  ; interlock_aggregation_matrix:u_central_brain|holdoff_counter[10] ; clk_sys      ; clk_sys     ; 0.000        ; 0.043      ; 0.831      ;
; 0.705 ; interlock_aggregation_matrix:u_central_brain|holdoff_counter[3]  ; interlock_aggregation_matrix:u_central_brain|holdoff_counter[11] ; clk_sys      ; clk_sys     ; 0.000        ; 0.043      ; 0.832      ;
; 0.714 ; interlock_aggregation_matrix:u_central_brain|holdoff_counter[0]  ; interlock_aggregation_matrix:u_central_brain|holdoff_counter[9]  ; clk_sys      ; clk_sys     ; 0.000        ; 0.043      ; 0.841      ;
; 0.717 ; interlock_aggregation_matrix:u_central_brain|holdoff_counter[0]  ; interlock_aggregation_matrix:u_central_brain|holdoff_counter[10] ; clk_sys      ; clk_sys     ; 0.000        ; 0.043      ; 0.844      ;
; 0.719 ; interlock_aggregation_matrix:u_central_brain|holdoff_counter[2]  ; interlock_aggregation_matrix:u_central_brain|holdoff_counter[11] ; clk_sys      ; clk_sys     ; 0.000        ; 0.043      ; 0.846      ;
; 0.759 ; interlock_aggregation_matrix:u_central_brain|holdoff_counter[10] ; interlock_aggregation_matrix:u_central_brain|psu_contactor_o     ; clk_sys      ; clk_sys     ; 0.000        ; 0.030      ; 0.873      ;
; 0.767 ; interlock_aggregation_matrix:u_central_brain|holdoff_counter[1]  ; interlock_aggregation_matrix:u_central_brain|holdoff_counter[11] ; clk_sys      ; clk_sys     ; 0.000        ; 0.043      ; 0.894      ;
; 0.780 ; interlock_aggregation_matrix:u_central_brain|holdoff_counter[0]  ; interlock_aggregation_matrix:u_central_brain|holdoff_counter[11] ; clk_sys      ; clk_sys     ; 0.000        ; 0.043      ; 0.907      ;
; 0.808 ; interlock_aggregation_matrix:u_central_brain|holdoff_counter[9]  ; interlock_aggregation_matrix:u_central_brain|psu_contactor_o     ; clk_sys      ; clk_sys     ; 0.000        ; 0.030      ; 0.922      ;
; 0.851 ; interlock_aggregation_matrix:u_central_brain|rf_gate_disable_o   ; interlock_aggregation_matrix:u_central_brain|holdoff_counter[11] ; clk_sys      ; clk_sys     ; 0.000        ; 0.056      ; 0.991      ;
; 0.851 ; interlock_aggregation_matrix:u_central_brain|rf_gate_disable_o   ; interlock_aggregation_matrix:u_central_brain|holdoff_counter[10] ; clk_sys      ; clk_sys     ; 0.000        ; 0.056      ; 0.991      ;
; 0.851 ; interlock_aggregation_matrix:u_central_brain|rf_gate_disable_o   ; interlock_aggregation_matrix:u_central_brain|holdoff_counter[0]  ; clk_sys      ; clk_sys     ; 0.000        ; 0.056      ; 0.991      ;
+-------+------------------------------------------------------------------+------------------------------------------------------------------+--------------+-------------+--------------+------------+------------+


+-----------------------------------------------------------------------------------------------------------------------------------------------------------------------------------------------+
; Fast 1200mV 0C Model Hold: 'clk_fast'                                                                                                                                                         ;
+-------+--------------------------------------------------------+--------------------------------------------------------+--------------+-------------+--------------+------------+------------+
; Slack ; From Node                                              ; To Node                                                ; Launch Clock ; Latch Clock ; Relationship ; Clock Skew ; Data Delay ;
+-------+--------------------------------------------------------+--------------------------------------------------------+--------------+-------------+--------------+------------+------------+
; 0.206 ; fast_comparator_core:u_fast_comp|trip_fast             ; rf_gate_disable_reg                                    ; clk_fast     ; clk_fast    ; 0.000        ; 0.041      ; 0.331      ;
; 0.338 ; overdrive_protect_unit:u_overdrive_comp|trip_overdrive ; rf_gate_disable_reg                                    ; clk_fast     ; clk_fast    ; 0.000        ; 0.041      ; 0.463      ;
; 0.431 ; overdrive_protect_unit:u_overdrive_comp|trip_overdrive ; overdrive_protect_unit:u_overdrive_comp|trip_overdrive ; clk_fast     ; clk_fast    ; 0.000        ; 0.041      ; 0.556      ;
; 0.438 ; fast_comparator_core:u_fast_comp|trip_fast             ; fast_comparator_core:u_fast_comp|trip_fast             ; clk_fast     ; clk_fast    ; 0.000        ; 0.041      ; 0.563      ;
; 0.559 ; slow_comparator_core:u_slow_comp|trip_slow             ; slow_comparator_core:u_slow_comp|trip_slow             ; clk_fast     ; clk_fast    ; 0.000        ; 0.041      ; 0.684      ;
; 0.603 ; iir_rc_filter:u_filter|accumulator[31]                 ; iir_rc_filter:u_filter|accumulator[31]                 ; clk_fast     ; clk_fast    ; 0.000        ; 0.042      ; 0.729      ;
; 0.641 ; iir_rc_filter:u_filter|accumulator[2]                  ; iir_rc_filter:u_filter|accumulator[2]                  ; clk_fast     ; clk_fast    ; 0.000        ; 0.041      ; 0.766      ;
; 0.673 ; iir_rc_filter:u_filter|accumulator[5]                  ; iir_rc_filter:u_filter|accumulator[5]                  ; clk_fast     ; clk_fast    ; 0.000        ; 0.042      ; 0.799      ;
; 0.675 ; iir_rc_filter:u_filter|accumulator[10]                 ; iir_rc_filter:u_filter|accumulator[10]                 ; clk_fast     ; clk_fast    ; 0.000        ; 0.042      ; 0.801      ;
; 0.678 ; iir_rc_filter:u_filter|accumulator[8]                  ; iir_rc_filter:u_filter|accumulator[8]                  ; clk_fast     ; clk_fast    ; 0.000        ; 0.042      ; 0.804      ;
; 0.685 ; iir_rc_filter:u_filter|accumulator[24]                 ; iir_rc_filter:u_filter|accumulator[24]                 ; clk_fast     ; clk_fast    ; 0.000        ; 0.042      ; 0.811      ;
; 0.688 ; iir_rc_filter:u_filter|accumulator[4]                  ; iir_rc_filter:u_filter|accumulator[4]                  ; clk_fast     ; clk_fast    ; 0.000        ; 0.042      ; 0.814      ;
; 0.690 ; iir_rc_filter:u_filter|accumulator[19]                 ; iir_rc_filter:u_filter|accumulator[19]                 ; clk_fast     ; clk_fast    ; 0.000        ; 0.042      ; 0.816      ;
; 0.691 ; iir_rc_filter:u_filter|accumulator[26]                 ; iir_rc_filter:u_filter|accumulator[26]                 ; clk_fast     ; clk_fast    ; 0.000        ; 0.042      ; 0.817      ;
; 0.691 ; iir_rc_filter:u_filter|accumulator[14]                 ; iir_rc_filter:u_filter|accumulator[14]                 ; clk_fast     ; clk_fast    ; 0.000        ; 0.042      ; 0.817      ;
; 0.692 ; iir_rc_filter:u_filter|accumulator[21]                 ; iir_rc_filter:u_filter|accumulator[21]                 ; clk_fast     ; clk_fast    ; 0.000        ; 0.042      ; 0.818      ;
; 0.692 ; iir_rc_filter:u_filter|accumulator[11]                 ; iir_rc_filter:u_filter|accumulator[11]                 ; clk_fast     ; clk_fast    ; 0.000        ; 0.042      ; 0.818      ;
; 0.693 ; iir_rc_filter:u_filter|accumulator[17]                 ; iir_rc_filter:u_filter|accumulator[17]                 ; clk_fast     ; clk_fast    ; 0.000        ; 0.042      ; 0.819      ;
; 0.695 ; iir_rc_filter:u_filter|accumulator[7]                  ; iir_rc_filter:u_filter|accumulator[7]                  ; clk_fast     ; clk_fast    ; 0.000        ; 0.042      ; 0.821      ;
; 0.695 ; iir_rc_filter:u_filter|accumulator[6]                  ; iir_rc_filter:u_filter|accumulator[6]                  ; clk_fast     ; clk_fast    ; 0.000        ; 0.042      ; 0.821      ;
; 0.696 ; iir_rc_filter:u_filter|accumulator[25]                 ; iir_rc_filter:u_filter|accumulator[25]                 ; clk_fast     ; clk_fast    ; 0.000        ; 0.042      ; 0.822      ;
; 0.696 ; iir_rc_filter:u_filter|accumulator[9]                  ; iir_rc_filter:u_filter|accumulator[9]                  ; clk_fast     ; clk_fast    ; 0.000        ; 0.042      ; 0.822      ;
; 0.697 ; iir_rc_filter:u_filter|accumulator[16]                 ; iir_rc_filter:u_filter|accumulator[3]                  ; clk_fast     ; clk_fast    ; 0.000        ; 0.042      ; 0.823      ;
; 0.698 ; iir_rc_filter:u_filter|accumulator[30]                 ; iir_rc_filter:u_filter|accumulator[30]                 ; clk_fast     ; clk_fast    ; 0.000        ; 0.042      ; 0.824      ;
; 0.703 ; iir_rc_filter:u_filter|accumulator[18]                 ; iir_rc_filter:u_filter|accumulator[18]                 ; clk_fast     ; clk_fast    ; 0.000        ; 0.042      ; 0.829      ;
; 0.704 ; iir_rc_filter:u_filter|accumulator[29]                 ; iir_rc_filter:u_filter|accumulator[29]                 ; clk_fast     ; clk_fast    ; 0.000        ; 0.042      ; 0.830      ;
; 0.705 ; iir_rc_filter:u_filter|accumulator[27]                 ; iir_rc_filter:u_filter|accumulator[27]                 ; clk_fast     ; clk_fast    ; 0.000        ; 0.042      ; 0.831      ;
; 0.710 ; iir_rc_filter:u_filter|accumulator[22]                 ; iir_rc_filter:u_filter|accumulator[22]                 ; clk_fast     ; clk_fast    ; 0.000        ; 0.042      ; 0.836      ;
; 0.712 ; iir_rc_filter:u_filter|accumulator[31]                 ; iir_rc_filter:u_filter|accumulator[18]                 ; clk_fast     ; clk_fast    ; 0.000        ; 0.042      ; 0.838      ;
; 0.713 ; iir_rc_filter:u_filter|accumulator[1]                  ; iir_rc_filter:u_filter|accumulator[2]                  ; clk_fast     ; clk_fast    ; 0.000        ; 0.040      ; 0.837      ;
; 0.715 ; iir_rc_filter:u_filter|accumulator[31]                 ; slow_comparator_core:u_slow_comp|trip_slow             ; clk_fast     ; clk_fast    ; 0.000        ; 0.032      ; 0.831      ;
; 0.726 ; iir_rc_filter:u_filter|accumulator[0]                  ; iir_rc_filter:u_filter|accumulator[2]                  ; clk_fast     ; clk_fast    ; 0.000        ; 0.040      ; 0.850      ;
; 0.745 ; iir_rc_filter:u_filter|accumulator[15]                 ; iir_rc_filter:u_filter|accumulator[2]                  ; clk_fast     ; clk_fast    ; 0.000        ; 0.039      ; 0.868      ;
; 0.782 ; iir_rc_filter:u_filter|accumulator[13]                 ; iir_rc_filter:u_filter|accumulator[13]                 ; clk_fast     ; clk_fast    ; 0.000        ; 0.042      ; 0.908      ;
; 0.785 ; iir_rc_filter:u_filter|accumulator[28]                 ; iir_rc_filter:u_filter|accumulator[28]                 ; clk_fast     ; clk_fast    ; 0.000        ; 0.042      ; 0.911      ;
; 0.787 ; iir_rc_filter:u_filter|accumulator[29]                 ; iir_rc_filter:u_filter|accumulator[16]                 ; clk_fast     ; clk_fast    ; 0.000        ; 0.046      ; 0.917      ;
; 0.792 ; iir_rc_filter:u_filter|accumulator[3]                  ; iir_rc_filter:u_filter|accumulator[3]                  ; clk_fast     ; clk_fast    ; 0.000        ; 0.042      ; 0.918      ;
; 0.797 ; iir_rc_filter:u_filter|accumulator[15]                 ; iir_rc_filter:u_filter|accumulator[15]                 ; clk_fast     ; clk_fast    ; 0.000        ; 0.042      ; 0.923      ;
; 0.801 ; iir_rc_filter:u_filter|accumulator[23]                 ; iir_rc_filter:u_filter|accumulator[23]                 ; clk_fast     ; clk_fast    ; 0.000        ; 0.042      ; 0.927      ;
; 0.802 ; iir_rc_filter:u_filter|accumulator[20]                 ; iir_rc_filter:u_filter|accumulator[20]                 ; clk_fast     ; clk_fast    ; 0.000        ; 0.042      ; 0.928      ;
; 0.803 ; iir_rc_filter:u_filter|accumulator[14]                 ; iir_rc_filter:u_filter|accumulator[2]                  ; clk_fast     ; clk_fast    ; 0.000        ; 0.039      ; 0.926      ;
; 0.804 ; iir_rc_filter:u_filter|accumulator[1]                  ; iir_rc_filter:u_filter|accumulator[1]                  ; clk_fast     ; clk_fast    ; 0.000        ; 0.042      ; 0.930      ;
; 0.823 ; iir_rc_filter:u_filter|accumulator[10]                 ; iir_rc_filter:u_filter|accumulator[11]                 ; clk_fast     ; clk_fast    ; 0.000        ; 0.042      ; 0.949      ;
; 0.826 ; iir_rc_filter:u_filter|accumulator[8]                  ; iir_rc_filter:u_filter|accumulator[9]                  ; clk_fast     ; clk_fast    ; 0.000        ; 0.042      ; 0.952      ;
; 0.829 ; iir_rc_filter:u_filter|accumulator[17]                 ; iir_rc_filter:u_filter|accumulator[4]                  ; clk_fast     ; clk_fast    ; 0.000        ; 0.046      ; 0.959      ;
; 0.831 ; iir_rc_filter:u_filter|accumulator[1]                  ; iir_rc_filter:u_filter|accumulator[3]                  ; clk_fast     ; clk_fast    ; 0.000        ; 0.043      ; 0.958      ;
; 0.832 ; iir_rc_filter:u_filter|accumulator[5]                  ; iir_rc_filter:u_filter|accumulator[6]                  ; clk_fast     ; clk_fast    ; 0.000        ; 0.042      ; 0.958      ;
; 0.834 ; iir_rc_filter:u_filter|accumulator[7]                  ; iir_rc_filter:u_filter|accumulator[8]                  ; clk_fast     ; clk_fast    ; 0.000        ; 0.042      ; 0.960      ;
; 0.834 ; iir_rc_filter:u_filter|accumulator[24]                 ; iir_rc_filter:u_filter|accumulator[25]                 ; clk_fast     ; clk_fast    ; 0.000        ; 0.042      ; 0.960      ;
; 0.835 ; iir_rc_filter:u_filter|accumulator[4]                  ; iir_rc_filter:u_filter|accumulator[5]                  ; clk_fast     ; clk_fast    ; 0.000        ; 0.042      ; 0.961      ;
; 0.835 ; iir_rc_filter:u_filter|accumulator[25]                 ; iir_rc_filter:u_filter|accumulator[26]                 ; clk_fast     ; clk_fast    ; 0.000        ; 0.042      ; 0.961      ;
; 0.835 ; iir_rc_filter:u_filter|accumulator[5]                  ; iir_rc_filter:u_filter|accumulator[7]                  ; clk_fast     ; clk_fast    ; 0.000        ; 0.042      ; 0.961      ;
; 0.836 ; iir_rc_filter:u_filter|accumulator[9]                  ; iir_rc_filter:u_filter|accumulator[10]                 ; clk_fast     ; clk_fast    ; 0.000        ; 0.042      ; 0.962      ;
; 0.838 ; iir_rc_filter:u_filter|accumulator[1]                  ; iir_rc_filter:u_filter|accumulator[4]                  ; clk_fast     ; clk_fast    ; 0.000        ; 0.043      ; 0.965      ;
; 0.838 ; iir_rc_filter:u_filter|accumulator[13]                 ; iir_rc_filter:u_filter|accumulator[14]                 ; clk_fast     ; clk_fast    ; 0.000        ; 0.042      ; 0.964      ;
; 0.838 ; iir_rc_filter:u_filter|accumulator[8]                  ; iir_rc_filter:u_filter|accumulator[10]                 ; clk_fast     ; clk_fast    ; 0.000        ; 0.042      ; 0.964      ;
; 0.839 ; iir_rc_filter:u_filter|accumulator[14]                 ; iir_rc_filter:u_filter|accumulator[15]                 ; clk_fast     ; clk_fast    ; 0.000        ; 0.042      ; 0.965      ;
; 0.840 ; iir_rc_filter:u_filter|accumulator[26]                 ; iir_rc_filter:u_filter|accumulator[27]                 ; clk_fast     ; clk_fast    ; 0.000        ; 0.042      ; 0.966      ;
; 0.842 ; iir_rc_filter:u_filter|accumulator[29]                 ; iir_rc_filter:u_filter|accumulator[30]                 ; clk_fast     ; clk_fast    ; 0.000        ; 0.042      ; 0.968      ;
; 0.843 ; iir_rc_filter:u_filter|accumulator[6]                  ; iir_rc_filter:u_filter|accumulator[7]                  ; clk_fast     ; clk_fast    ; 0.000        ; 0.042      ; 0.969      ;
; 0.843 ; iir_rc_filter:u_filter|accumulator[28]                 ; iir_rc_filter:u_filter|accumulator[30]                 ; clk_fast     ; clk_fast    ; 0.000        ; 0.042      ; 0.969      ;
; 0.844 ; iir_rc_filter:u_filter|accumulator[24]                 ; iir_rc_filter:u_filter|accumulator[11]                 ; clk_fast     ; clk_fast    ; 0.000        ; 0.046      ; 0.974      ;
; 0.844 ; iir_rc_filter:u_filter|accumulator[0]                  ; iir_rc_filter:u_filter|accumulator[3]                  ; clk_fast     ; clk_fast    ; 0.000        ; 0.043      ; 0.971      ;
; 0.845 ; iir_rc_filter:u_filter|accumulator[22]                 ; iir_rc_filter:u_filter|accumulator[9]                  ; clk_fast     ; clk_fast    ; 0.000        ; 0.046      ; 0.975      ;
; 0.846 ; iir_rc_filter:u_filter|accumulator[21]                 ; iir_rc_filter:u_filter|accumulator[22]                 ; clk_fast     ; clk_fast    ; 0.000        ; 0.042      ; 0.972      ;
; 0.846 ; iir_rc_filter:u_filter|accumulator[19]                 ; iir_rc_filter:u_filter|accumulator[20]                 ; clk_fast     ; clk_fast    ; 0.000        ; 0.042      ; 0.972      ;
; 0.847 ; iir_rc_filter:u_filter|accumulator[30]                 ; iir_rc_filter:u_filter|accumulator[31]                 ; clk_fast     ; clk_fast    ; 0.000        ; 0.042      ; 0.973      ;
; 0.847 ; iir_rc_filter:u_filter|accumulator[6]                  ; iir_rc_filter:u_filter|accumulator[8]                  ; clk_fast     ; clk_fast    ; 0.000        ; 0.042      ; 0.973      ;
; 0.848 ; iir_rc_filter:u_filter|accumulator[4]                  ; iir_rc_filter:u_filter|accumulator[6]                  ; clk_fast     ; clk_fast    ; 0.000        ; 0.042      ; 0.974      ;
; 0.848 ; iir_rc_filter:u_filter|accumulator[24]                 ; iir_rc_filter:u_filter|accumulator[26]                 ; clk_fast     ; clk_fast    ; 0.000        ; 0.042      ; 0.974      ;
; 0.849 ; iir_rc_filter:u_filter|accumulator[16]                 ; iir_rc_filter:u_filter|accumulator[4]                  ; clk_fast     ; clk_fast    ; 0.000        ; 0.042      ; 0.975      ;
; 0.849 ; iir_rc_filter:u_filter|accumulator[29]                 ; iir_rc_filter:u_filter|accumulator[17]                 ; clk_fast     ; clk_fast    ; 0.000        ; 0.042      ; 0.975      ;
; 0.850 ; iir_rc_filter:u_filter|accumulator[31]                 ; iir_rc_filter:u_filter|accumulator[19]                 ; clk_fast     ; clk_fast    ; 0.000        ; 0.042      ; 0.976      ;
; 0.850 ; iir_rc_filter:u_filter|accumulator[17]                 ; iir_rc_filter:u_filter|accumulator[18]                 ; clk_fast     ; clk_fast    ; 0.000        ; 0.042      ; 0.976      ;
; 0.850 ; iir_rc_filter:u_filter|accumulator[28]                 ; iir_rc_filter:u_filter|accumulator[29]                 ; clk_fast     ; clk_fast    ; 0.000        ; 0.042      ; 0.976      ;
; 0.851 ; iir_rc_filter:u_filter|accumulator[11]                 ; iir_rc_filter:u_filter|accumulator[12]                 ; clk_fast     ; clk_fast    ; 0.000        ; 0.042      ; 0.977      ;
; 0.851 ; iir_rc_filter:u_filter|accumulator[18]                 ; iir_rc_filter:u_filter|accumulator[19]                 ; clk_fast     ; clk_fast    ; 0.000        ; 0.042      ; 0.977      ;
; 0.851 ; iir_rc_filter:u_filter|accumulator[19]                 ; iir_rc_filter:u_filter|accumulator[21]                 ; clk_fast     ; clk_fast    ; 0.000        ; 0.042      ; 0.977      ;
; 0.851 ; iir_rc_filter:u_filter|accumulator[0]                  ; iir_rc_filter:u_filter|accumulator[4]                  ; clk_fast     ; clk_fast    ; 0.000        ; 0.043      ; 0.978      ;
; 0.852 ; iir_rc_filter:u_filter|accumulator[16]                 ; iir_rc_filter:u_filter|accumulator[5]                  ; clk_fast     ; clk_fast    ; 0.000        ; 0.042      ; 0.978      ;
; 0.853 ; iir_rc_filter:u_filter|accumulator[21]                 ; iir_rc_filter:u_filter|accumulator[23]                 ; clk_fast     ; clk_fast    ; 0.000        ; 0.042      ; 0.979      ;
; 0.854 ; iir_rc_filter:u_filter|accumulator[11]                 ; iir_rc_filter:u_filter|accumulator[13]                 ; clk_fast     ; clk_fast    ; 0.000        ; 0.042      ; 0.980      ;
; 0.854 ; iir_rc_filter:u_filter|accumulator[2]                  ; iir_rc_filter:u_filter|accumulator[3]                  ; clk_fast     ; clk_fast    ; 0.000        ; 0.044      ; 0.982      ;
; 0.855 ; iir_rc_filter:u_filter|accumulator[13]                 ; iir_rc_filter:u_filter|accumulator[2]                  ; clk_fast     ; clk_fast    ; 0.000        ; 0.039      ; 0.978      ;
; 0.855 ; iir_rc_filter:u_filter|accumulator[17]                 ; iir_rc_filter:u_filter|accumulator[19]                 ; clk_fast     ; clk_fast    ; 0.000        ; 0.042      ; 0.981      ;
; 0.857 ; iir_rc_filter:u_filter|accumulator[7]                  ; iir_rc_filter:u_filter|accumulator[9]                  ; clk_fast     ; clk_fast    ; 0.000        ; 0.042      ; 0.983      ;
; 0.857 ; iir_rc_filter:u_filter|accumulator[25]                 ; iir_rc_filter:u_filter|accumulator[27]                 ; clk_fast     ; clk_fast    ; 0.000        ; 0.042      ; 0.983      ;
; 0.858 ; iir_rc_filter:u_filter|accumulator[9]                  ; iir_rc_filter:u_filter|accumulator[11]                 ; clk_fast     ; clk_fast    ; 0.000        ; 0.042      ; 0.984      ;
; 0.859 ; iir_rc_filter:u_filter|accumulator[22]                 ; iir_rc_filter:u_filter|accumulator[23]                 ; clk_fast     ; clk_fast    ; 0.000        ; 0.042      ; 0.985      ;
; 0.861 ; iir_rc_filter:u_filter|accumulator[2]                  ; iir_rc_filter:u_filter|accumulator[4]                  ; clk_fast     ; clk_fast    ; 0.000        ; 0.044      ; 0.989      ;
; 0.861 ; iir_rc_filter:u_filter|accumulator[14]                 ; iir_rc_filter:u_filter|accumulator[3]                  ; clk_fast     ; clk_fast    ; 0.000        ; 0.042      ; 0.987      ;
; 0.862 ; iir_rc_filter:u_filter|accumulator[18]                 ; iir_rc_filter:u_filter|accumulator[20]                 ; clk_fast     ; clk_fast    ; 0.000        ; 0.042      ; 0.988      ;
; 0.863 ; iir_rc_filter:u_filter|accumulator[22]                 ; iir_rc_filter:u_filter|accumulator[24]                 ; clk_fast     ; clk_fast    ; 0.000        ; 0.042      ; 0.989      ;
; 0.863 ; iir_rc_filter:u_filter|accumulator[27]                 ; iir_rc_filter:u_filter|accumulator[28]                 ; clk_fast     ; clk_fast    ; 0.000        ; 0.042      ; 0.989      ;
; 0.865 ; iir_rc_filter:u_filter|accumulator[29]                 ; iir_rc_filter:u_filter|accumulator[31]                 ; clk_fast     ; clk_fast    ; 0.000        ; 0.042      ; 0.991      ;
; 0.866 ; iir_rc_filter:u_filter|accumulator[27]                 ; iir_rc_filter:u_filter|accumulator[29]                 ; clk_fast     ; clk_fast    ; 0.000        ; 0.042      ; 0.992      ;
; 0.875 ; iir_rc_filter:u_filter|accumulator[0]                  ; iir_rc_filter:u_filter|accumulator[0]                  ; clk_fast     ; clk_fast    ; 0.000        ; 0.042      ; 1.001      ;
; 0.882 ; iir_rc_filter:u_filter|accumulator[12]                 ; iir_rc_filter:u_filter|accumulator[12]                 ; clk_fast     ; clk_fast    ; 0.000        ; 0.042      ; 1.008      ;
; 0.884 ; iir_rc_filter:u_filter|accumulator[14]                 ; iir_rc_filter:u_filter|accumulator[1]                  ; clk_fast     ; clk_fast    ; 0.000        ; 0.041      ; 1.009      ;
; 0.886 ; iir_rc_filter:u_filter|accumulator[10]                 ; iir_rc_filter:u_filter|accumulator[12]                 ; clk_fast     ; clk_fast    ; 0.000        ; 0.042      ; 1.012      ;
+-------+--------------------------------------------------------+--------------------------------------------------------+--------------+-------------+--------------+------------+------------+


+----------------------------------------------------------------------------------------------------------------------------------------------------------------------------------------+
; Fast 1200mV 0C Model Hold: 'clk_telemetry'                                                                                                                                             ;
+-------+---------------------------------------------------+---------------------------------------------------+---------------+---------------+--------------+------------+------------+
; Slack ; From Node                                         ; To Node                                           ; Launch Clock  ; Latch Clock   ; Relationship ; Clock Skew ; Data Delay ;
+-------+---------------------------------------------------+---------------------------------------------------+---------------+---------------+--------------+------------+------------+
; 0.573 ; module_health_monitor:u_health_mon|trip_unbalance ; module_health_monitor:u_health_mon|trip_unbalance ; clk_telemetry ; clk_telemetry ; 0.000        ; 0.053      ; 0.710      ;
+-------+---------------------------------------------------+---------------------------------------------------+---------------+---------------+--------------+------------+------------+


----------------------------------------------
; Fast 1200mV 0C Model Metastability Summary ;
----------------------------------------------
The design MTBF is not calculated because there are no specified synchronizers in the design.
Number of Synchronizer Chains Found: 4
Shortest Synchronizer Chain: 3 Registers
Fraction of Chains for which MTBFs Could Not be Calculated: 1.000
Worst Case Available Settling Time: 57.001 ns




+------------------------------------------------------------------------------+
; Multicorner Timing Analysis Summary                                          ;
+------------------+--------+-------+----------+---------+---------------------+
; Clock            ; Setup  ; Hold  ; Recovery ; Removal ; Minimum Pulse Width ;
+------------------+--------+-------+----------+---------+---------------------+
; Worst-case Slack ; 3.400  ; 0.180 ; N/A      ; N/A     ; 4.487               ;
;  clk_fast        ; 3.400  ; 0.206 ; N/A      ; N/A     ; 4.487               ;
;  clk_sys         ; 14.263 ; 0.180 ; N/A      ; N/A     ; 9.488               ;
;  clk_telemetry   ; 97.889 ; 0.573 ; N/A      ; N/A     ; 49.409              ;
; Design-wide TNS  ; 0.0    ; 0.0   ; 0.0      ; 0.0     ; 0.0                 ;
;  clk_fast        ; 0.000  ; 0.000 ; N/A      ; N/A     ; 0.000               ;
;  clk_sys         ; 0.000  ; 0.000 ; N/A      ; N/A     ; 0.000               ;
;  clk_telemetry   ; 0.000  ; 0.000 ; N/A      ; N/A     ; 0.000               ;
+------------------+--------+-------+----------+---------+---------------------+


+------------------------------------------------------------------------------------------------------------------------------------------------------------------------------------------------------------------------------------------------------------------------------------------------------------------------------------------------------------------------------------------------------------------------+
; Board Trace Model Assignments                                                                                                                                                                                                                                                                                                                                                                                          ;
+---------------------+--------------+-------------------+-------------------------+-------------------------+---------------+---------------------+----------------+------------------+--------+------------------+------------------------+------------------------+--------------+---------------+-----------------+-------+---------------------+--------------------+---------------+-----------------+-------------+
; Pin                 ; I/O Standard ; Near Tline Length ; Near Tline L per Length ; Near Tline C per Length ; Near Series R ; Near Differential R ; Near Pull-up R ; Near Pull-down R ; Near C ; Far Tline Length ; Far Tline L per Length ; Far Tline C per Length ; Far Series R ; Far Pull-up R ; Far Pull-down R ; Far C ; Termination Voltage ; Far Differential R ; EBD File Name ; EBD Signal Name ; EBD Far-end ;
+---------------------+--------------+-------------------+-------------------------+-------------------------+---------------+---------------------+----------------+------------------+--------+------------------+------------------------+------------------------+--------------+---------------+-----------------+-------+---------------------+--------------------+---------------+-----------------+-------------+
; rf_gate_disable_pin ; 2.5 V        ; 0 in              ; 0 H/in                  ; 0 F/in                  ; short         ; -                   ; open           ; open             ; open   ; 0 in             ; 0 H/in                 ; 0 F/in                 ; short        ; open          ; open            ; open  ; 0 V                 ; -                  ; n/a           ; n/a             ; n/a         ;
; psu_contactor_pin   ; 2.5 V        ; 0 in              ; 0 H/in                  ; 0 F/in                  ; short         ; -                   ; open           ; open             ; open   ; 0 in             ; 0 H/in                 ; 0 F/in                 ; short        ; open          ; open            ; open  ; 0 V                 ; -                  ; n/a           ; n/a             ; n/a         ;
; ~ALTERA_NCEO~       ; 2.5 V        ; 0 in              ; 0 H/in                  ; 0 F/in                  ; short         ; -                   ; open           ; open             ; open   ; 0 in             ; 0 H/in                 ; 0 F/in                 ; short        ; open          ; open            ; open  ; 0 V                 ; -                  ; n/a           ; n/a             ; n/a         ;
; ~ALTERA_DCLK~       ; 2.5 V        ; 0 in              ; 0 H/in                  ; 0 F/in                  ; short         ; -                   ; open           ; open             ; open   ; 0 in             ; 0 H/in                 ; 0 F/in                 ; short        ; open          ; open            ; open  ; 0 V                 ; -                  ; n/a           ; n/a             ; n/a         ;
+---------------------+--------------+-------------------+-------------------------+-------------------------+---------------+---------------------+----------------+------------------+--------+------------------+------------------------+------------------------+--------------+---------------+-----------------+-------+---------------------+--------------------+---------------+-----------------+-------------+


+---------------------------------------------------------------------------------+
; Input Transition Times                                                          ;
+------------------------------+--------------+-----------------+-----------------+
; Pin                          ; I/O Standard ; 10-90 Rise Time ; 90-10 Fall Time ;
+------------------------------+--------------+-----------------+-----------------+
; clk_fast_pin                 ; 2.5 V        ; 2000 ps         ; 2000 ps         ;
; rst_n_pin                    ; 2.5 V        ; 2000 ps         ; 2000 ps         ;
; clk_sys_pin                  ; 2.5 V        ; 2000 ps         ; 2000 ps         ;
; interlock_reset_pin          ; 2.5 V        ; 2000 ps         ; 2000 ps         ;
; adc_p_refl_pin[14]           ; 2.5 V        ; 2000 ps         ; 2000 ps         ;
; adc_p_refl_pin[15]           ; 2.5 V        ; 2000 ps         ; 2000 ps         ;
; adc_p_refl_pin[13]           ; 2.5 V        ; 2000 ps         ; 2000 ps         ;
; adc_p_refl_pin[12]           ; 2.5 V        ; 2000 ps         ; 2000 ps         ;
; adc_p_refl_pin[0]            ; 2.5 V        ; 2000 ps         ; 2000 ps         ;
; adc_p_refl_pin[1]            ; 2.5 V        ; 2000 ps         ; 2000 ps         ;
; adc_p_refl_pin[2]            ; 2.5 V        ; 2000 ps         ; 2000 ps         ;
; adc_p_refl_pin[3]            ; 2.5 V        ; 2000 ps         ; 2000 ps         ;
; adc_p_refl_pin[4]            ; 2.5 V        ; 2000 ps         ; 2000 ps         ;
; adc_p_refl_pin[5]            ; 2.5 V        ; 2000 ps         ; 2000 ps         ;
; adc_p_refl_pin[6]            ; 2.5 V        ; 2000 ps         ; 2000 ps         ;
; adc_p_refl_pin[7]            ; 2.5 V        ; 2000 ps         ; 2000 ps         ;
; adc_p_refl_pin[8]            ; 2.5 V        ; 2000 ps         ; 2000 ps         ;
; adc_p_refl_pin[9]            ; 2.5 V        ; 2000 ps         ; 2000 ps         ;
; adc_p_refl_pin[10]           ; 2.5 V        ; 2000 ps         ; 2000 ps         ;
; adc_p_refl_pin[11]           ; 2.5 V        ; 2000 ps         ; 2000 ps         ;
; adc_p_drive_pin[15]          ; 2.5 V        ; 2000 ps         ; 2000 ps         ;
; adc_p_drive_pin[14]          ; 2.5 V        ; 2000 ps         ; 2000 ps         ;
; adc_p_drive_pin[0]           ; 2.5 V        ; 2000 ps         ; 2000 ps         ;
; adc_p_drive_pin[1]           ; 2.5 V        ; 2000 ps         ; 2000 ps         ;
; adc_p_drive_pin[2]           ; 2.5 V        ; 2000 ps         ; 2000 ps         ;
; adc_p_drive_pin[3]           ; 2.5 V        ; 2000 ps         ; 2000 ps         ;
; adc_p_drive_pin[4]           ; 2.5 V        ; 2000 ps         ; 2000 ps         ;
; adc_p_drive_pin[5]           ; 2.5 V        ; 2000 ps         ; 2000 ps         ;
; adc_p_drive_pin[6]           ; 2.5 V        ; 2000 ps         ; 2000 ps         ;
; adc_p_drive_pin[7]           ; 2.5 V        ; 2000 ps         ; 2000 ps         ;
; adc_p_drive_pin[8]           ; 2.5 V        ; 2000 ps         ; 2000 ps         ;
; adc_p_drive_pin[9]           ; 2.5 V        ; 2000 ps         ; 2000 ps         ;
; adc_p_drive_pin[10]          ; 2.5 V        ; 2000 ps         ; 2000 ps         ;
; adc_p_drive_pin[11]          ; 2.5 V        ; 2000 ps         ; 2000 ps         ;
; adc_p_drive_pin[12]          ; 2.5 V        ; 2000 ps         ; 2000 ps         ;
; adc_p_drive_pin[13]          ; 2.5 V        ; 2000 ps         ; 2000 ps         ;
; clk_telemetry_pin            ; 2.5 V        ; 2000 ps         ; 2000 ps         ;
; module_fault_vector_pin[237] ; 2.5 V        ; 2000 ps         ; 2000 ps         ;
; module_fault_vector_pin[238] ; 2.5 V        ; 2000 ps         ; 2000 ps         ;
; module_fault_vector_pin[215] ; 2.5 V        ; 2000 ps         ; 2000 ps         ;
; module_fault_vector_pin[216] ; 2.5 V        ; 2000 ps         ; 2000 ps         ;
; module_fault_vector_pin[217] ; 2.5 V        ; 2000 ps         ; 2000 ps         ;
; module_fault_vector_pin[218] ; 2.5 V        ; 2000 ps         ; 2000 ps         ;
; module_fault_vector_pin[219] ; 2.5 V        ; 2000 ps         ; 2000 ps         ;
; module_fault_vector_pin[220] ; 2.5 V        ; 2000 ps         ; 2000 ps         ;
; module_fault_vector_pin[221] ; 2.5 V        ; 2000 ps         ; 2000 ps         ;
; module_fault_vector_pin[222] ; 2.5 V        ; 2000 ps         ; 2000 ps         ;
; module_fault_vector_pin[207] ; 2.5 V        ; 2000 ps         ; 2000 ps         ;
; module_fault_vector_pin[208] ; 2.5 V        ; 2000 ps         ; 2000 ps         ;
; module_fault_vector_pin[209] ; 2.5 V        ; 2000 ps         ; 2000 ps         ;
; module_fault_vector_pin[210] ; 2.5 V        ; 2000 ps         ; 2000 ps         ;
; module_fault_vector_pin[211] ; 2.5 V        ; 2000 ps         ; 2000 ps         ;
; module_fault_vector_pin[212] ; 2.5 V        ; 2000 ps         ; 2000 ps         ;
; module_fault_vector_pin[213] ; 2.5 V        ; 2000 ps         ; 2000 ps         ;
; module_fault_vector_pin[214] ; 2.5 V        ; 2000 ps         ; 2000 ps         ;
; module_fault_vector_pin[199] ; 2.5 V        ; 2000 ps         ; 2000 ps         ;
; module_fault_vector_pin[200] ; 2.5 V        ; 2000 ps         ; 2000 ps         ;
; module_fault_vector_pin[201] ; 2.5 V        ; 2000 ps         ; 2000 ps         ;
; module_fault_vector_pin[202] ; 2.5 V        ; 2000 ps         ; 2000 ps         ;
; module_fault_vector_pin[203] ; 2.5 V        ; 2000 ps         ; 2000 ps         ;
; module_fault_vector_pin[204] ; 2.5 V        ; 2000 ps         ; 2000 ps         ;
; module_fault_vector_pin[205] ; 2.5 V        ; 2000 ps         ; 2000 ps         ;
; module_fault_vector_pin[206] ; 2.5 V        ; 2000 ps         ; 2000 ps         ;
; module_fault_vector_pin[191] ; 2.5 V        ; 2000 ps         ; 2000 ps         ;
; module_fault_vector_pin[192] ; 2.5 V        ; 2000 ps         ; 2000 ps         ;
; module_fault_vector_pin[193] ; 2.5 V        ; 2000 ps         ; 2000 ps         ;
; module_fault_vector_pin[194] ; 2.5 V        ; 2000 ps         ; 2000 ps         ;
; module_fault_vector_pin[195] ; 2.5 V        ; 2000 ps         ; 2000 ps         ;
; module_fault_vector_pin[196] ; 2.5 V        ; 2000 ps         ; 2000 ps         ;
; module_fault_vector_pin[197] ; 2.5 V        ; 2000 ps         ; 2000 ps         ;
; module_fault_vector_pin[198] ; 2.5 V        ; 2000 ps         ; 2000 ps         ;
; module_fault_vector_pin[231] ; 2.5 V        ; 2000 ps         ; 2000 ps         ;
; module_fault_vector_pin[232] ; 2.5 V        ; 2000 ps         ; 2000 ps         ;
; module_fault_vector_pin[233] ; 2.5 V        ; 2000 ps         ; 2000 ps         ;
; module_fault_vector_pin[234] ; 2.5 V        ; 2000 ps         ; 2000 ps         ;
; module_fault_vector_pin[235] ; 2.5 V        ; 2000 ps         ; 2000 ps         ;
; module_fault_vector_pin[236] ; 2.5 V        ; 2000 ps         ; 2000 ps         ;
; module_fault_vector_pin[223] ; 2.5 V        ; 2000 ps         ; 2000 ps         ;
; module_fault_vector_pin[224] ; 2.5 V        ; 2000 ps         ; 2000 ps         ;
; module_fault_vector_pin[225] ; 2.5 V        ; 2000 ps         ; 2000 ps         ;
; module_fault_vector_pin[226] ; 2.5 V        ; 2000 ps         ; 2000 ps         ;
; module_fault_vector_pin[227] ; 2.5 V        ; 2000 ps         ; 2000 ps         ;
; module_fault_vector_pin[228] ; 2.5 V        ; 2000 ps         ; 2000 ps         ;
; module_fault_vector_pin[229] ; 2.5 V        ; 2000 ps         ; 2000 ps         ;
; module_fault_vector_pin[230] ; 2.5 V        ; 2000 ps         ; 2000 ps         ;
; module_fault_vector_pin[183] ; 2.5 V        ; 2000 ps         ; 2000 ps         ;
; module_fault_vector_pin[184] ; 2.5 V        ; 2000 ps         ; 2000 ps         ;
; module_fault_vector_pin[185] ; 2.5 V        ; 2000 ps         ; 2000 ps         ;
; module_fault_vector_pin[186] ; 2.5 V        ; 2000 ps         ; 2000 ps         ;
; module_fault_vector_pin[187] ; 2.5 V        ; 2000 ps         ; 2000 ps         ;
; module_fault_vector_pin[188] ; 2.5 V        ; 2000 ps         ; 2000 ps         ;
; module_fault_vector_pin[189] ; 2.5 V        ; 2000 ps         ; 2000 ps         ;
; module_fault_vector_pin[190] ; 2.5 V        ; 2000 ps         ; 2000 ps         ;
; module_fault_vector_pin[175] ; 2.5 V        ; 2000 ps         ; 2000 ps         ;
; module_fault_vector_pin[176] ; 2.5 V        ; 2000 ps         ; 2000 ps         ;
; module_fault_vector_pin[177] ; 2.5 V        ; 2000 ps         ; 2000 ps         ;
; module_fault_vector_pin[178] ; 2.5 V        ; 2000 ps         ; 2000 ps         ;
; module_fault_vector_pin[179] ; 2.5 V        ; 2000 ps         ; 2000 ps         ;
; module_fault_vector_pin[180] ; 2.5 V        ; 2000 ps         ; 2000 ps         ;
; module_fault_vector_pin[181] ; 2.5 V        ; 2000 ps         ; 2000 ps         ;
; module_fault_vector_pin[182] ; 2.5 V        ; 2000 ps         ; 2000 ps         ;
; module_fault_vector_pin[167] ; 2.5 V        ; 2000 ps         ; 2000 ps         ;
; module_fault_vector_pin[168] ; 2.5 V        ; 2000 ps         ; 2000 ps         ;
; module_fault_vector_pin[169] ; 2.5 V        ; 2000 ps         ; 2000 ps         ;
; module_fault_vector_pin[170] ; 2.5 V        ; 2000 ps         ; 2000 ps         ;
; module_fault_vector_pin[171] ; 2.5 V        ; 2000 ps         ; 2000 ps         ;
; module_fault_vector_pin[172] ; 2.5 V        ; 2000 ps         ; 2000 ps         ;
; module_fault_vector_pin[173] ; 2.5 V        ; 2000 ps         ; 2000 ps         ;
; module_fault_vector_pin[174] ; 2.5 V        ; 2000 ps         ; 2000 ps         ;
; module_fault_vector_pin[159] ; 2.5 V        ; 2000 ps         ; 2000 ps         ;
; module_fault_vector_pin[160] ; 2.5 V        ; 2000 ps         ; 2000 ps         ;
; module_fault_vector_pin[161] ; 2.5 V        ; 2000 ps         ; 2000 ps         ;
; module_fault_vector_pin[162] ; 2.5 V        ; 2000 ps         ; 2000 ps         ;
; module_fault_vector_pin[163] ; 2.5 V        ; 2000 ps         ; 2000 ps         ;
; module_fault_vector_pin[164] ; 2.5 V        ; 2000 ps         ; 2000 ps         ;
; module_fault_vector_pin[165] ; 2.5 V        ; 2000 ps         ; 2000 ps         ;
; module_fault_vector_pin[166] ; 2.5 V        ; 2000 ps         ; 2000 ps         ;
; module_fault_vector_pin[151] ; 2.5 V        ; 2000 ps         ; 2000 ps         ;
; module_fault_vector_pin[152] ; 2.5 V        ; 2000 ps         ; 2000 ps         ;
; module_fault_vector_pin[153] ; 2.5 V        ; 2000 ps         ; 2000 ps         ;
; module_fault_vector_pin[154] ; 2.5 V        ; 2000 ps         ; 2000 ps         ;
; module_fault_vector_pin[155] ; 2.5 V        ; 2000 ps         ; 2000 ps         ;
; module_fault_vector_pin[156] ; 2.5 V        ; 2000 ps         ; 2000 ps         ;
; module_fault_vector_pin[157] ; 2.5 V        ; 2000 ps         ; 2000 ps         ;
; module_fault_vector_pin[158] ; 2.5 V        ; 2000 ps         ; 2000 ps         ;
; module_fault_vector_pin[143] ; 2.5 V        ; 2000 ps         ; 2000 ps         ;
; module_fault_vector_pin[144] ; 2.5 V        ; 2000 ps         ; 2000 ps         ;
; module_fault_vector_pin[145] ; 2.5 V        ; 2000 ps         ; 2000 ps         ;
; module_fault_vector_pin[146] ; 2.5 V        ; 2000 ps         ; 2000 ps         ;
; module_fault_vector_pin[147] ; 2.5 V        ; 2000 ps         ; 2000 ps         ;
; module_fault_vector_pin[148] ; 2.5 V        ; 2000 ps         ; 2000 ps         ;
; module_fault_vector_pin[149] ; 2.5 V        ; 2000 ps         ; 2000 ps         ;
; module_fault_vector_pin[150] ; 2.5 V        ; 2000 ps         ; 2000 ps         ;
; module_fault_vector_pin[135] ; 2.5 V        ; 2000 ps         ; 2000 ps         ;
; module_fault_vector_pin[136] ; 2.5 V        ; 2000 ps         ; 2000 ps         ;
; module_fault_vector_pin[137] ; 2.5 V        ; 2000 ps         ; 2000 ps         ;
; module_fault_vector_pin[138] ; 2.5 V        ; 2000 ps         ; 2000 ps         ;
; module_fault_vector_pin[139] ; 2.5 V        ; 2000 ps         ; 2000 ps         ;
; module_fault_vector_pin[140] ; 2.5 V        ; 2000 ps         ; 2000 ps         ;
; module_fault_vector_pin[141] ; 2.5 V        ; 2000 ps         ; 2000 ps         ;
; module_fault_vector_pin[142] ; 2.5 V        ; 2000 ps         ; 2000 ps         ;
; module_fault_vector_pin[127] ; 2.5 V        ; 2000 ps         ; 2000 ps         ;
; module_fault_vector_pin[128] ; 2.5 V        ; 2000 ps         ; 2000 ps         ;
; module_fault_vector_pin[129] ; 2.5 V        ; 2000 ps         ; 2000 ps         ;
; module_fault_vector_pin[130] ; 2.5 V        ; 2000 ps         ; 2000 ps         ;
; module_fault_vector_pin[131] ; 2.5 V        ; 2000 ps         ; 2000 ps         ;
; module_fault_vector_pin[132] ; 2.5 V        ; 2000 ps         ; 2000 ps         ;
; module_fault_vector_pin[133] ; 2.5 V        ; 2000 ps         ; 2000 ps         ;
; module_fault_vector_pin[134] ; 2.5 V        ; 2000 ps         ; 2000 ps         ;
; module_fault_vector_pin[125] ; 2.5 V        ; 2000 ps         ; 2000 ps         ;
; module_fault_vector_pin[126] ; 2.5 V        ; 2000 ps         ; 2000 ps         ;
; module_fault_vector_pin[119] ; 2.5 V        ; 2000 ps         ; 2000 ps         ;
; module_fault_vector_pin[120] ; 2.5 V        ; 2000 ps         ; 2000 ps         ;
; module_fault_vector_pin[121] ; 2.5 V        ; 2000 ps         ; 2000 ps         ;
; module_fault_vector_pin[122] ; 2.5 V        ; 2000 ps         ; 2000 ps         ;
; module_fault_vector_pin[123] ; 2.5 V        ; 2000 ps         ; 2000 ps         ;
; module_fault_vector_pin[124] ; 2.5 V        ; 2000 ps         ; 2000 ps         ;
; module_fault_vector_pin[111] ; 2.5 V        ; 2000 ps         ; 2000 ps         ;
; module_fault_vector_pin[112] ; 2.5 V        ; 2000 ps         ; 2000 ps         ;
; module_fault_vector_pin[113] ; 2.5 V        ; 2000 ps         ; 2000 ps         ;
; module_fault_vector_pin[114] ; 2.5 V        ; 2000 ps         ; 2000 ps         ;
; module_fault_vector_pin[115] ; 2.5 V        ; 2000 ps         ; 2000 ps         ;
; module_fault_vector_pin[116] ; 2.5 V        ; 2000 ps         ; 2000 ps         ;
; module_fault_vector_pin[117] ; 2.5 V        ; 2000 ps         ; 2000 ps         ;
; module_fault_vector_pin[118] ; 2.5 V        ; 2000 ps         ; 2000 ps         ;
; module_fault_vector_pin[103] ; 2.5 V        ; 2000 ps         ; 2000 ps         ;
; module_fault_vector_pin[104] ; 2.5 V        ; 2000 ps         ; 2000 ps         ;
; module_fault_vector_pin[105] ; 2.5 V        ; 2000 ps         ; 2000 ps         ;
; module_fault_vector_pin[106] ; 2.5 V        ; 2000 ps         ; 2000 ps         ;
; module_fault_vector_pin[107] ; 2.5 V        ; 2000 ps         ; 2000 ps         ;
; module_fault_vector_pin[108] ; 2.5 V        ; 2000 ps         ; 2000 ps         ;
; module_fault_vector_pin[109] ; 2.5 V        ; 2000 ps         ; 2000 ps         ;
; module_fault_vector_pin[110] ; 2.5 V        ; 2000 ps         ; 2000 ps         ;
; module_fault_vector_pin[95]  ; 2.5 V        ; 2000 ps         ; 2000 ps         ;
; module_fault_vector_pin[96]  ; 2.5 V        ; 2000 ps         ; 2000 ps         ;
; module_fault_vector_pin[97]  ; 2.5 V        ; 2000 ps         ; 2000 ps         ;
; module_fault_vector_pin[98]  ; 2.5 V        ; 2000 ps         ; 2000 ps         ;
; module_fault_vector_pin[99]  ; 2.5 V        ; 2000 ps         ; 2000 ps         ;
; module_fault_vector_pin[100] ; 2.5 V        ; 2000 ps         ; 2000 ps         ;
; module_fault_vector_pin[101] ; 2.5 V        ; 2000 ps         ; 2000 ps         ;
; module_fault_vector_pin[102] ; 2.5 V        ; 2000 ps         ; 2000 ps         ;
; module_fault_vector_pin[87]  ; 2.5 V        ; 2000 ps         ; 2000 ps         ;
; module_fault_vector_pin[88]  ; 2.5 V        ; 2000 ps         ; 2000 ps         ;
; module_fault_vector_pin[89]  ; 2.5 V        ; 2000 ps         ; 2000 ps         ;
; module_fault_vector_pin[90]  ; 2.5 V        ; 2000 ps         ; 2000 ps         ;
; module_fault_vector_pin[91]  ; 2.5 V        ; 2000 ps         ; 2000 ps         ;
; module_fault_vector_pin[92]  ; 2.5 V        ; 2000 ps         ; 2000 ps         ;
; module_fault_vector_pin[93]  ; 2.5 V        ; 2000 ps         ; 2000 ps         ;
; module_fault_vector_pin[94]  ; 2.5 V        ; 2000 ps         ; 2000 ps         ;
; module_fault_vector_pin[79]  ; 2.5 V        ; 2000 ps         ; 2000 ps         ;
; module_fault_vector_pin[80]  ; 2.5 V        ; 2000 ps         ; 2000 ps         ;
; module_fault_vector_pin[81]  ; 2.5 V        ; 2000 ps         ; 2000 ps         ;
; module_fault_vector_pin[82]  ; 2.5 V        ; 2000 ps         ; 2000 ps         ;
; module_fault_vector_pin[83]  ; 2.5 V        ; 2000 ps         ; 2000 ps         ;
; module_fault_vector_pin[84]  ; 2.5 V        ; 2000 ps         ; 2000 ps         ;
; module_fault_vector_pin[85]  ; 2.5 V        ; 2000 ps         ; 2000 ps         ;
; module_fault_vector_pin[86]  ; 2.5 V        ; 2000 ps         ; 2000 ps         ;
; module_fault_vector_pin[71]  ; 2.5 V        ; 2000 ps         ; 2000 ps         ;
; module_fault_vector_pin[72]  ; 2.5 V        ; 2000 ps         ; 2000 ps         ;
; module_fault_vector_pin[73]  ; 2.5 V        ; 2000 ps         ; 2000 ps         ;
; module_fault_vector_pin[74]  ; 2.5 V        ; 2000 ps         ; 2000 ps         ;
; module_fault_vector_pin[75]  ; 2.5 V        ; 2000 ps         ; 2000 ps         ;
; module_fault_vector_pin[76]  ; 2.5 V        ; 2000 ps         ; 2000 ps         ;
; module_fault_vector_pin[77]  ; 2.5 V        ; 2000 ps         ; 2000 ps         ;
; module_fault_vector_pin[78]  ; 2.5 V        ; 2000 ps         ; 2000 ps         ;
; module_fault_vector_pin[63]  ; 2.5 V        ; 2000 ps         ; 2000 ps         ;
; module_fault_vector_pin[64]  ; 2.5 V        ; 2000 ps         ; 2000 ps         ;
; module_fault_vector_pin[65]  ; 2.5 V        ; 2000 ps         ; 2000 ps         ;
; module_fault_vector_pin[66]  ; 2.5 V        ; 2000 ps         ; 2000 ps         ;
; module_fault_vector_pin[67]  ; 2.5 V        ; 2000 ps         ; 2000 ps         ;
; module_fault_vector_pin[68]  ; 2.5 V        ; 2000 ps         ; 2000 ps         ;
; module_fault_vector_pin[69]  ; 2.5 V        ; 2000 ps         ; 2000 ps         ;
; module_fault_vector_pin[70]  ; 2.5 V        ; 2000 ps         ; 2000 ps         ;
; module_fault_vector_pin[61]  ; 2.5 V        ; 2000 ps         ; 2000 ps         ;
; module_fault_vector_pin[62]  ; 2.5 V        ; 2000 ps         ; 2000 ps         ;
; module_fault_vector_pin[39]  ; 2.5 V        ; 2000 ps         ; 2000 ps         ;
; module_fault_vector_pin[40]  ; 2.5 V        ; 2000 ps         ; 2000 ps         ;
; module_fault_vector_pin[41]  ; 2.5 V        ; 2000 ps         ; 2000 ps         ;
; module_fault_vector_pin[42]  ; 2.5 V        ; 2000 ps         ; 2000 ps         ;
; module_fault_vector_pin[43]  ; 2.5 V        ; 2000 ps         ; 2000 ps         ;
; module_fault_vector_pin[44]  ; 2.5 V        ; 2000 ps         ; 2000 ps         ;
; module_fault_vector_pin[45]  ; 2.5 V        ; 2000 ps         ; 2000 ps         ;
; module_fault_vector_pin[46]  ; 2.5 V        ; 2000 ps         ; 2000 ps         ;
; module_fault_vector_pin[31]  ; 2.5 V        ; 2000 ps         ; 2000 ps         ;
; module_fault_vector_pin[32]  ; 2.5 V        ; 2000 ps         ; 2000 ps         ;
; module_fault_vector_pin[33]  ; 2.5 V        ; 2000 ps         ; 2000 ps         ;
; module_fault_vector_pin[34]  ; 2.5 V        ; 2000 ps         ; 2000 ps         ;
; module_fault_vector_pin[35]  ; 2.5 V        ; 2000 ps         ; 2000 ps         ;
; module_fault_vector_pin[36]  ; 2.5 V        ; 2000 ps         ; 2000 ps         ;
; module_fault_vector_pin[37]  ; 2.5 V        ; 2000 ps         ; 2000 ps         ;
; module_fault_vector_pin[38]  ; 2.5 V        ; 2000 ps         ; 2000 ps         ;
; module_fault_vector_pin[55]  ; 2.5 V        ; 2000 ps         ; 2000 ps         ;
; module_fault_vector_pin[56]  ; 2.5 V        ; 2000 ps         ; 2000 ps         ;
; module_fault_vector_pin[57]  ; 2.5 V        ; 2000 ps         ; 2000 ps         ;
; module_fault_vector_pin[58]  ; 2.5 V        ; 2000 ps         ; 2000 ps         ;
; module_fault_vector_pin[59]  ; 2.5 V        ; 2000 ps         ; 2000 ps         ;
; module_fault_vector_pin[60]  ; 2.5 V        ; 2000 ps         ; 2000 ps         ;
; module_fault_vector_pin[47]  ; 2.5 V        ; 2000 ps         ; 2000 ps         ;
; module_fault_vector_pin[48]  ; 2.5 V        ; 2000 ps         ; 2000 ps         ;
; module_fault_vector_pin[49]  ; 2.5 V        ; 2000 ps         ; 2000 ps         ;
; module_fault_vector_pin[50]  ; 2.5 V        ; 2000 ps         ; 2000 ps         ;
; module_fault_vector_pin[51]  ; 2.5 V        ; 2000 ps         ; 2000 ps         ;
; module_fault_vector_pin[52]  ; 2.5 V        ; 2000 ps         ; 2000 ps         ;
; module_fault_vector_pin[53]  ; 2.5 V        ; 2000 ps         ; 2000 ps         ;
; module_fault_vector_pin[54]  ; 2.5 V        ; 2000 ps         ; 2000 ps         ;
; module_fault_vector_pin[29]  ; 2.5 V        ; 2000 ps         ; 2000 ps         ;
; module_fault_vector_pin[30]  ; 2.5 V        ; 2000 ps         ; 2000 ps         ;
; module_fault_vector_pin[23]  ; 2.5 V        ; 2000 ps         ; 2000 ps         ;
; module_fault_vector_pin[24]  ; 2.5 V        ; 2000 ps         ; 2000 ps         ;
; module_fault_vector_pin[25]  ; 2.5 V        ; 2000 ps         ; 2000 ps         ;
; module_fault_vector_pin[26]  ; 2.5 V        ; 2000 ps         ; 2000 ps         ;
; module_fault_vector_pin[27]  ; 2.5 V        ; 2000 ps         ; 2000 ps         ;
; module_fault_vector_pin[28]  ; 2.5 V        ; 2000 ps         ; 2000 ps         ;
; module_fault_vector_pin[15]  ; 2.5 V        ; 2000 ps         ; 2000 ps         ;
; module_fault_vector_pin[16]  ; 2.5 V        ; 2000 ps         ; 2000 ps         ;
; module_fault_vector_pin[17]  ; 2.5 V        ; 2000 ps         ; 2000 ps         ;
; module_fault_vector_pin[18]  ; 2.5 V        ; 2000 ps         ; 2000 ps         ;
; module_fault_vector_pin[19]  ; 2.5 V        ; 2000 ps         ; 2000 ps         ;
; module_fault_vector_pin[20]  ; 2.5 V        ; 2000 ps         ; 2000 ps         ;
; module_fault_vector_pin[21]  ; 2.5 V        ; 2000 ps         ; 2000 ps         ;
; module_fault_vector_pin[22]  ; 2.5 V        ; 2000 ps         ; 2000 ps         ;
; module_fault_vector_pin[13]  ; 2.5 V        ; 2000 ps         ; 2000 ps         ;
; module_fault_vector_pin[14]  ; 2.5 V        ; 2000 ps         ; 2000 ps         ;
; module_fault_vector_pin[6]   ; 2.5 V        ; 2000 ps         ; 2000 ps         ;
; module_fault_vector_pin[3]   ; 2.5 V        ; 2000 ps         ; 2000 ps         ;
; module_fault_vector_pin[4]   ; 2.5 V        ; 2000 ps         ; 2000 ps         ;
; module_fault_vector_pin[5]   ; 2.5 V        ; 2000 ps         ; 2000 ps         ;
; module_fault_vector_pin[2]   ; 2.5 V        ; 2000 ps         ; 2000 ps         ;
; module_fault_vector_pin[0]   ; 2.5 V        ; 2000 ps         ; 2000 ps         ;
; module_fault_vector_pin[1]   ; 2.5 V        ; 2000 ps         ; 2000 ps         ;
; module_fault_vector_pin[7]   ; 2.5 V        ; 2000 ps         ; 2000 ps         ;
; module_fault_vector_pin[8]   ; 2.5 V        ; 2000 ps         ; 2000 ps         ;
; module_fault_vector_pin[9]   ; 2.5 V        ; 2000 ps         ; 2000 ps         ;
; module_fault_vector_pin[10]  ; 2.5 V        ; 2000 ps         ; 2000 ps         ;
; module_fault_vector_pin[11]  ; 2.5 V        ; 2000 ps         ; 2000 ps         ;
; module_fault_vector_pin[12]  ; 2.5 V        ; 2000 ps         ; 2000 ps         ;
; module_fault_vector_pin[239] ; 2.5 V        ; 2000 ps         ; 2000 ps         ;
; ~ALTERA_DATA0~               ; 2.5 V        ; 2000 ps         ; 2000 ps         ;
; ~ALTERA_ASDO_DATA1~          ; 2.5 V        ; 2000 ps         ; 2000 ps         ;
; ~ALTERA_NCSO~                ; 2.5 V        ; 2000 ps         ; 2000 ps         ;
+------------------------------+--------------+-----------------+-----------------+


+--------------------------------------------------------------------------------------------------------------------------------------------------------------------------------------------------------------------------------------------------------------------------------------------------------------------------------------------------------------------------------------------------------------------------------------------------------------------------------------------------------------------------------------------------------------------------------------------------------------------------------------------------------------------------------------------------+
; Signal Integrity Metrics (Slow 1200mv 0c Model)                                                                                                                                                                                                                                                                                                                                                                                                                                                                                                                                                                                                                                                  ;
+---------------------+--------------+---------------------+---------------------+------------------------------+------------------------------+---------------------+---------------------+--------------------------------------+--------------------------------------+-----------------------------+-----------------------------+----------------------------+----------------------------+-----------------------------+-----------------------------+--------------------+--------------------+-------------------------------------+-------------------------------------+----------------------------+----------------------------+---------------------------+---------------------------+
; Pin                 ; I/O Standard ; Board Delay on Rise ; Board Delay on Fall ; Steady State Voh at FPGA Pin ; Steady State Vol at FPGA Pin ; Voh Max at FPGA Pin ; Vol Min at FPGA Pin ; Ringback Voltage on Rise at FPGA Pin ; Ringback Voltage on Fall at FPGA Pin ; 10-90 Rise Time at FPGA Pin ; 90-10 Fall Time at FPGA Pin ; Monotonic Rise at FPGA Pin ; Monotonic Fall at FPGA Pin ; Steady State Voh at Far-end ; Steady State Vol at Far-end ; Voh Max at Far-end ; Vol Min at Far-end ; Ringback Voltage on Rise at Far-end ; Ringback Voltage on Fall at Far-end ; 10-90 Rise Time at Far-end ; 90-10 Fall Time at Far-end ; Monotonic Rise at Far-end ; Monotonic Fall at Far-end ;
+---------------------+--------------+---------------------+---------------------+------------------------------+------------------------------+---------------------+---------------------+--------------------------------------+--------------------------------------+-----------------------------+-----------------------------+----------------------------+----------------------------+-----------------------------+-----------------------------+--------------------+--------------------+-------------------------------------+-------------------------------------+----------------------------+----------------------------+---------------------------+---------------------------+
; rf_gate_disable_pin ; 2.5 V        ; 0 s                 ; 0 s                 ; 2.32 V                       ; 2.8e-09 V                    ; 2.37 V              ; -0.00373 V          ; 0.104 V                              ; 0.011 V                              ; 4.34e-10 s                  ; 3.82e-10 s                  ; Yes                        ; Yes                        ; 2.32 V                      ; 2.8e-09 V                   ; 2.37 V             ; -0.00373 V         ; 0.104 V                             ; 0.011 V                             ; 4.34e-10 s                 ; 3.82e-10 s                 ; Yes                       ; Yes                       ;
; psu_contactor_pin   ; 2.5 V        ; 0 s                 ; 0 s                 ; 2.32 V                       ; 2.8e-09 V                    ; 2.37 V              ; -0.00373 V          ; 0.104 V                              ; 0.011 V                              ; 4.34e-10 s                  ; 3.82e-10 s                  ; Yes                        ; Yes                        ; 2.32 V                      ; 2.8e-09 V                   ; 2.37 V             ; -0.00373 V         ; 0.104 V                             ; 0.011 V                             ; 4.34e-10 s                 ; 3.82e-10 s                 ; Yes                       ; Yes                       ;
; ~ALTERA_NCEO~       ; 2.5 V        ; 0 s                 ; 0 s                 ; 2.32 V                       ; 1.64e-09 V                   ; 2.42 V              ; -0.0133 V           ; 0.192 V                              ; 0.016 V                              ; 1.47e-10 s                  ; 2.58e-10 s                  ; Yes                        ; Yes                        ; 2.32 V                      ; 1.64e-09 V                  ; 2.42 V             ; -0.0133 V          ; 0.192 V                             ; 0.016 V                             ; 1.47e-10 s                 ; 2.58e-10 s                 ; Yes                       ; Yes                       ;
; ~ALTERA_DCLK~       ; 2.5 V        ; 0 s                 ; 0 s                 ; 2.32 V                       ; 2.11e-09 V                   ; 2.37 V              ; -0.0252 V           ; 0.223 V                              ; 0.03 V                               ; 3.37e-10 s                  ; 3.05e-10 s                  ; Yes                        ; Yes                        ; 2.32 V                      ; 2.11e-09 V                  ; 2.37 V             ; -0.0252 V          ; 0.223 V                             ; 0.03 V                              ; 3.37e-10 s                 ; 3.05e-10 s                 ; Yes                       ; Yes                       ;
+---------------------+--------------+---------------------+---------------------+------------------------------+------------------------------+---------------------+---------------------+--------------------------------------+--------------------------------------+-----------------------------+-----------------------------+----------------------------+----------------------------+-----------------------------+-----------------------------+--------------------+--------------------+-------------------------------------+-------------------------------------+----------------------------+----------------------------+---------------------------+---------------------------+


+--------------------------------------------------------------------------------------------------------------------------------------------------------------------------------------------------------------------------------------------------------------------------------------------------------------------------------------------------------------------------------------------------------------------------------------------------------------------------------------------------------------------------------------------------------------------------------------------------------------------------------------------------------------------------------------------------+
; Signal Integrity Metrics (Slow 1200mv 85c Model)                                                                                                                                                                                                                                                                                                                                                                                                                                                                                                                                                                                                                                                 ;
+---------------------+--------------+---------------------+---------------------+------------------------------+------------------------------+---------------------+---------------------+--------------------------------------+--------------------------------------+-----------------------------+-----------------------------+----------------------------+----------------------------+-----------------------------+-----------------------------+--------------------+--------------------+-------------------------------------+-------------------------------------+----------------------------+----------------------------+---------------------------+---------------------------+
; Pin                 ; I/O Standard ; Board Delay on Rise ; Board Delay on Fall ; Steady State Voh at FPGA Pin ; Steady State Vol at FPGA Pin ; Voh Max at FPGA Pin ; Vol Min at FPGA Pin ; Ringback Voltage on Rise at FPGA Pin ; Ringback Voltage on Fall at FPGA Pin ; 10-90 Rise Time at FPGA Pin ; 90-10 Fall Time at FPGA Pin ; Monotonic Rise at FPGA Pin ; Monotonic Fall at FPGA Pin ; Steady State Voh at Far-end ; Steady State Vol at Far-end ; Voh Max at Far-end ; Vol Min at Far-end ; Ringback Voltage on Rise at Far-end ; Ringback Voltage on Fall at Far-end ; 10-90 Rise Time at Far-end ; 90-10 Fall Time at Far-end ; Monotonic Rise at Far-end ; Monotonic Fall at Far-end ;
+---------------------+--------------+---------------------+---------------------+------------------------------+------------------------------+---------------------+---------------------+--------------------------------------+--------------------------------------+-----------------------------+-----------------------------+----------------------------+----------------------------+-----------------------------+-----------------------------+--------------------+--------------------+-------------------------------------+-------------------------------------+----------------------------+----------------------------+---------------------------+---------------------------+
; rf_gate_disable_pin ; 2.5 V        ; 0 s                 ; 0 s                 ; 2.32 V                       ; 2.85e-07 V                   ; 2.35 V              ; -0.0123 V           ; 0.144 V                              ; 0.042 V                              ; 4.81e-10 s                  ; 4.81e-10 s                  ; Yes                        ; Yes                        ; 2.32 V                      ; 2.85e-07 V                  ; 2.35 V             ; -0.0123 V          ; 0.144 V                             ; 0.042 V                             ; 4.81e-10 s                 ; 4.81e-10 s                 ; Yes                       ; Yes                       ;
; psu_contactor_pin   ; 2.5 V        ; 0 s                 ; 0 s                 ; 2.32 V                       ; 2.85e-07 V                   ; 2.35 V              ; -0.0123 V           ; 0.144 V                              ; 0.042 V                              ; 4.81e-10 s                  ; 4.81e-10 s                  ; Yes                        ; Yes                        ; 2.32 V                      ; 2.85e-07 V                  ; 2.35 V             ; -0.0123 V          ; 0.144 V                             ; 0.042 V                             ; 4.81e-10 s                 ; 4.81e-10 s                 ; Yes                       ; Yes                       ;
; ~ALTERA_NCEO~       ; 2.5 V        ; 0 s                 ; 0 s                 ; 2.32 V                       ; 1.88e-07 V                   ; 2.34 V              ; -0.0152 V           ; 0.033 V                              ; 0.041 V                              ; 2.39e-10 s                  ; 3.43e-10 s                  ; Yes                        ; Yes                        ; 2.32 V                      ; 1.88e-07 V                  ; 2.34 V             ; -0.0152 V          ; 0.033 V                             ; 0.041 V                             ; 2.39e-10 s                 ; 3.43e-10 s                 ; Yes                       ; Yes                       ;
; ~ALTERA_DCLK~       ; 2.5 V        ; 0 s                 ; 0 s                 ; 2.32 V                       ; 2.3e-07 V                    ; 2.35 V              ; -0.00615 V          ; 0.108 V                              ; 0.012 V                              ; 4.61e-10 s                  ; 3.99e-10 s                  ; Yes                        ; Yes                        ; 2.32 V                      ; 2.3e-07 V                   ; 2.35 V             ; -0.00615 V         ; 0.108 V                             ; 0.012 V                             ; 4.61e-10 s                 ; 3.99e-10 s                 ; Yes                       ; Yes                       ;
+---------------------+--------------+---------------------+---------------------+------------------------------+------------------------------+---------------------+---------------------+--------------------------------------+--------------------------------------+-----------------------------+-----------------------------+----------------------------+----------------------------+-----------------------------+-----------------------------+--------------------+--------------------+-------------------------------------+-------------------------------------+----------------------------+----------------------------+---------------------------+---------------------------+


+--------------------------------------------------------------------------------------------------------------------------------------------------------------------------------------------------------------------------------------------------------------------------------------------------------------------------------------------------------------------------------------------------------------------------------------------------------------------------------------------------------------------------------------------------------------------------------------------------------------------------------------------------------------------------------------------------+
; Signal Integrity Metrics (Fast 1200mv 0c Model)                                                                                                                                                                                                                                                                                                                                                                                                                                                                                                                                                                                                                                                  ;
+---------------------+--------------+---------------------+---------------------+------------------------------+------------------------------+---------------------+---------------------+--------------------------------------+--------------------------------------+-----------------------------+-----------------------------+----------------------------+----------------------------+-----------------------------+-----------------------------+--------------------+--------------------+-------------------------------------+-------------------------------------+----------------------------+----------------------------+---------------------------+---------------------------+
; Pin                 ; I/O Standard ; Board Delay on Rise ; Board Delay on Fall ; Steady State Voh at FPGA Pin ; Steady State Vol at FPGA Pin ; Voh Max at FPGA Pin ; Vol Min at FPGA Pin ; Ringback Voltage on Rise at FPGA Pin ; Ringback Voltage on Fall at FPGA Pin ; 10-90 Rise Time at FPGA Pin ; 90-10 Fall Time at FPGA Pin ; Monotonic Rise at FPGA Pin ; Monotonic Fall at FPGA Pin ; Steady State Voh at Far-end ; Steady State Vol at Far-end ; Voh Max at Far-end ; Vol Min at Far-end ; Ringback Voltage on Rise at Far-end ; Ringback Voltage on Fall at Far-end ; 10-90 Rise Time at Far-end ; 90-10 Fall Time at Far-end ; Monotonic Rise at Far-end ; Monotonic Fall at Far-end ;
+---------------------+--------------+---------------------+---------------------+------------------------------+------------------------------+---------------------+---------------------+--------------------------------------+--------------------------------------+-----------------------------+-----------------------------+----------------------------+----------------------------+-----------------------------+-----------------------------+--------------------+--------------------+-------------------------------------+-------------------------------------+----------------------------+----------------------------+---------------------------+---------------------------+
; rf_gate_disable_pin ; 2.5 V        ; 0 s                 ; 0 s                 ; 2.62 V                       ; 4.05e-08 V                   ; 2.72 V              ; -0.0349 V           ; 0.173 V                              ; 0.1 V                                ; 2.72e-10 s                  ; 2.69e-10 s                  ; Yes                        ; Yes                        ; 2.62 V                      ; 4.05e-08 V                  ; 2.72 V             ; -0.0349 V          ; 0.173 V                             ; 0.1 V                               ; 2.72e-10 s                 ; 2.69e-10 s                 ; Yes                       ; Yes                       ;
; psu_contactor_pin   ; 2.5 V        ; 0 s                 ; 0 s                 ; 2.62 V                       ; 4.05e-08 V                   ; 2.72 V              ; -0.0349 V           ; 0.173 V                              ; 0.1 V                                ; 2.72e-10 s                  ; 2.69e-10 s                  ; Yes                        ; Yes                        ; 2.62 V                      ; 4.05e-08 V                  ; 2.72 V             ; -0.0349 V          ; 0.173 V                             ; 0.1 V                               ; 2.72e-10 s                 ; 2.69e-10 s                 ; Yes                       ; Yes                       ;
; ~ALTERA_NCEO~       ; 2.5 V        ; 0 s                 ; 0 s                 ; 2.62 V                       ; 2.65e-08 V                   ; 3.12 V              ; -0.147 V            ; 0.571 V                              ; 0.186 V                              ; 8.91e-11 s                  ; 1.76e-10 s                  ; No                         ; Yes                        ; 2.62 V                      ; 2.65e-08 V                  ; 3.12 V             ; -0.147 V           ; 0.571 V                             ; 0.186 V                             ; 8.91e-11 s                 ; 1.76e-10 s                 ; No                        ; Yes                       ;
; ~ALTERA_DCLK~       ; 2.5 V        ; 0 s                 ; 0 s                 ; 2.62 V                       ; 3.26e-08 V                   ; 2.73 V              ; -0.0622 V           ; 0.148 V                              ; 0.088 V                              ; 2.68e-10 s                  ; 2.25e-10 s                  ; Yes                        ; Yes                        ; 2.62 V                      ; 3.26e-08 V                  ; 2.73 V             ; -0.0622 V          ; 0.148 V                             ; 0.088 V                             ; 2.68e-10 s                 ; 2.25e-10 s                 ; Yes                       ; Yes                       ;
+---------------------+--------------+---------------------+---------------------+------------------------------+------------------------------+---------------------+---------------------+--------------------------------------+--------------------------------------+-----------------------------+-----------------------------+----------------------------+----------------------------+-----------------------------+-----------------------------+--------------------+--------------------+-------------------------------------+-------------------------------------+----------------------------+----------------------------+---------------------------+---------------------------+


+-----------------------------------------------------------------------------+
; Setup Transfers                                                             ;
+---------------+---------------+------------+----------+----------+----------+
; From Clock    ; To Clock      ; RR Paths   ; FR Paths ; RF Paths ; FF Paths ;
+---------------+---------------+------------+----------+----------+----------+
; clk_fast      ; clk_fast      ; 11178      ; 0        ; 0        ; 0        ;
; clk_sys       ; clk_fast      ; false path ; 0        ; 0        ; 0        ;
; clk_fast      ; clk_sys       ; false path ; 0        ; 0        ; 0        ;
; clk_sys       ; clk_sys       ; 251        ; 0        ; 0        ; 0        ;
; clk_telemetry ; clk_sys       ; false path ; 0        ; 0        ; 0        ;
; clk_telemetry ; clk_telemetry ; 1          ; 0        ; 0        ; 0        ;
+---------------+---------------+------------+----------+----------+----------+
Entries labeled "false path" only account for clock-to-clock false paths and not path-based false paths. As a result, actual path counts may be lower than reported.


+-----------------------------------------------------------------------------+
; Hold Transfers                                                              ;
+---------------+---------------+------------+----------+----------+----------+
; From Clock    ; To Clock      ; RR Paths   ; FR Paths ; RF Paths ; FF Paths ;
+---------------+---------------+------------+----------+----------+----------+
; clk_fast      ; clk_fast      ; 11178      ; 0        ; 0        ; 0        ;
; clk_sys       ; clk_fast      ; false path ; 0        ; 0        ; 0        ;
; clk_fast      ; clk_sys       ; false path ; 0        ; 0        ; 0        ;
; clk_sys       ; clk_sys       ; 251        ; 0        ; 0        ; 0        ;
; clk_telemetry ; clk_sys       ; false path ; 0        ; 0        ; 0        ;
; clk_telemetry ; clk_telemetry ; 1          ; 0        ; 0        ; 0        ;
+---------------+---------------+------------+----------+----------+----------+
Entries labeled "false path" only account for clock-to-clock false paths and not path-based false paths. As a result, actual path counts may be lower than reported.


---------------
; Report TCCS ;
---------------
No dedicated SERDES Transmitter circuitry present in device or used in design


---------------
; Report RSKM ;
---------------
No non-DPA dedicated SERDES Receiver circuitry present in device or used in design


+------------------------------------------------+
; Unconstrained Paths Summary                    ;
+---------------------------------+-------+------+
; Property                        ; Setup ; Hold ;
+---------------------------------+-------+------+
; Illegal Clocks                  ; 0     ; 0    ;
; Unconstrained Clocks            ; 0     ; 0    ;
; Unconstrained Input Ports       ; 274   ; 274  ;
; Unconstrained Input Port Paths  ; 731   ; 731  ;
; Unconstrained Output Ports      ; 1     ; 1    ;
; Unconstrained Output Port Paths ; 1     ; 1    ;
+---------------------------------+-------+------+


+--------------------------------------------------------+
; Clock Status Summary                                   ;
+-------------------+---------------+------+-------------+
; Target            ; Clock         ; Type ; Status      ;
+-------------------+---------------+------+-------------+
; clk_fast_pin      ; clk_fast      ; Base ; Constrained ;
; clk_sys_pin       ; clk_sys       ; Base ; Constrained ;
; clk_telemetry_pin ; clk_telemetry ; Base ; Constrained ;
+-------------------+---------------+------+-------------+


+---------------------------------------------------------------------------------------------------------------------+
; Unconstrained Input Ports                                                                                           ;
+------------------------------+--------------------------------------------------------------------------------------+
; Input Port                   ; Comment                                                                              ;
+------------------------------+--------------------------------------------------------------------------------------+
; adc_p_drive_pin[0]           ; No input delay, min/max delays, false-path exceptions, or max skew assignments found ;
; adc_p_drive_pin[1]           ; No input delay, min/max delays, false-path exceptions, or max skew assignments found ;
; adc_p_drive_pin[2]           ; No input delay, min/max delays, false-path exceptions, or max skew assignments found ;
; adc_p_drive_pin[3]           ; No input delay, min/max delays, false-path exceptions, or max skew assignments found ;
; adc_p_drive_pin[4]           ; No input delay, min/max delays, false-path exceptions, or max skew assignments found ;
; adc_p_drive_pin[5]           ; No input delay, min/max delays, false-path exceptions, or max skew assignments found ;
; adc_p_drive_pin[6]           ; No input delay, min/max delays, false-path exceptions, or max skew assignments found ;
; adc_p_drive_pin[7]           ; No input delay, min/max delays, false-path exceptions, or max skew assignments found ;
; adc_p_drive_pin[8]           ; No input delay, min/max delays, false-path exceptions, or max skew assignments found ;
; adc_p_drive_pin[9]           ; No input delay, min/max delays, false-path exceptions, or max skew assignments found ;
; adc_p_drive_pin[10]          ; No input delay, min/max delays, false-path exceptions, or max skew assignments found ;
; adc_p_drive_pin[11]          ; No input delay, min/max delays, false-path exceptions, or max skew assignments found ;
; adc_p_drive_pin[12]          ; No input delay, min/max delays, false-path exceptions, or max skew assignments found ;
; adc_p_drive_pin[13]          ; No input delay, min/max delays, false-path exceptions, or max skew assignments found ;
; adc_p_drive_pin[14]          ; No input delay, min/max delays, false-path exceptions, or max skew assignments found ;
; adc_p_drive_pin[15]          ; No input delay, min/max delays, false-path exceptions, or max skew assignments found ;
; adc_p_refl_pin[0]            ; No input delay, min/max delays, false-path exceptions, or max skew assignments found ;
; adc_p_refl_pin[1]            ; No input delay, min/max delays, false-path exceptions, or max skew assignments found ;
; adc_p_refl_pin[2]            ; No input delay, min/max delays, false-path exceptions, or max skew assignments found ;
; adc_p_refl_pin[3]            ; No input delay, min/max delays, false-path exceptions, or max skew assignments found ;
; adc_p_refl_pin[4]            ; No input delay, min/max delays, false-path exceptions, or max skew assignments found ;
; adc_p_refl_pin[5]            ; No input delay, min/max delays, false-path exceptions, or max skew assignments found ;
; adc_p_refl_pin[6]            ; No input delay, min/max delays, false-path exceptions, or max skew assignments found ;
; adc_p_refl_pin[7]            ; No input delay, min/max delays, false-path exceptions, or max skew assignments found ;
; adc_p_refl_pin[8]            ; No input delay, min/max delays, false-path exceptions, or max skew assignments found ;
; adc_p_refl_pin[9]            ; No input delay, min/max delays, false-path exceptions, or max skew assignments found ;
; adc_p_refl_pin[10]           ; No input delay, min/max delays, false-path exceptions, or max skew assignments found ;
; adc_p_refl_pin[11]           ; No input delay, min/max delays, false-path exceptions, or max skew assignments found ;
; adc_p_refl_pin[12]           ; No input delay, min/max delays, false-path exceptions, or max skew assignments found ;
; adc_p_refl_pin[13]           ; No input delay, min/max delays, false-path exceptions, or max skew assignments found ;
; adc_p_refl_pin[14]           ; No input delay, min/max delays, false-path exceptions, or max skew assignments found ;
; adc_p_refl_pin[15]           ; No input delay, min/max delays, false-path exceptions, or max skew assignments found ;
; interlock_reset_pin          ; No input delay, min/max delays, false-path exceptions, or max skew assignments found ;
; module_fault_vector_pin[0]   ; No input delay, min/max delays, false-path exceptions, or max skew assignments found ;
; module_fault_vector_pin[1]   ; No input delay, min/max delays, false-path exceptions, or max skew assignments found ;
; module_fault_vector_pin[2]   ; No input delay, min/max delays, false-path exceptions, or max skew assignments found ;
; module_fault_vector_pin[3]   ; No input delay, min/max delays, false-path exceptions, or max skew assignments found ;
; module_fault_vector_pin[4]   ; No input delay, min/max delays, false-path exceptions, or max skew assignments found ;
; module_fault_vector_pin[5]   ; No input delay, min/max delays, false-path exceptions, or max skew assignments found ;
; module_fault_vector_pin[6]   ; No input delay, min/max delays, false-path exceptions, or max skew assignments found ;
; module_fault_vector_pin[7]   ; No input delay, min/max delays, false-path exceptions, or max skew assignments found ;
; module_fault_vector_pin[8]   ; No input delay, min/max delays, false-path exceptions, or max skew assignments found ;
; module_fault_vector_pin[9]   ; No input delay, min/max delays, false-path exceptions, or max skew assignments found ;
; module_fault_vector_pin[10]  ; No input delay, min/max delays, false-path exceptions, or max skew assignments found ;
; module_fault_vector_pin[11]  ; No input delay, min/max delays, false-path exceptions, or max skew assignments found ;
; module_fault_vector_pin[12]  ; No input delay, min/max delays, false-path exceptions, or max skew assignments found ;
; module_fault_vector_pin[13]  ; No input delay, min/max delays, false-path exceptions, or max skew assignments found ;
; module_fault_vector_pin[14]  ; No input delay, min/max delays, false-path exceptions, or max skew assignments found ;
; module_fault_vector_pin[15]  ; No input delay, min/max delays, false-path exceptions, or max skew assignments found ;
; module_fault_vector_pin[16]  ; No input delay, min/max delays, false-path exceptions, or max skew assignments found ;
; module_fault_vector_pin[17]  ; No input delay, min/max delays, false-path exceptions, or max skew assignments found ;
; module_fault_vector_pin[18]  ; No input delay, min/max delays, false-path exceptions, or max skew assignments found ;
; module_fault_vector_pin[19]  ; No input delay, min/max delays, false-path exceptions, or max skew assignments found ;
; module_fault_vector_pin[20]  ; No input delay, min/max delays, false-path exceptions, or max skew assignments found ;
; module_fault_vector_pin[21]  ; No input delay, min/max delays, false-path exceptions, or max skew assignments found ;
; module_fault_vector_pin[22]  ; No input delay, min/max delays, false-path exceptions, or max skew assignments found ;
; module_fault_vector_pin[23]  ; No input delay, min/max delays, false-path exceptions, or max skew assignments found ;
; module_fault_vector_pin[24]  ; No input delay, min/max delays, false-path exceptions, or max skew assignments found ;
; module_fault_vector_pin[25]  ; No input delay, min/max delays, false-path exceptions, or max skew assignments found ;
; module_fault_vector_pin[26]  ; No input delay, min/max delays, false-path exceptions, or max skew assignments found ;
; module_fault_vector_pin[27]  ; No input delay, min/max delays, false-path exceptions, or max skew assignments found ;
; module_fault_vector_pin[28]  ; No input delay, min/max delays, false-path exceptions, or max skew assignments found ;
; module_fault_vector_pin[29]  ; No input delay, min/max delays, false-path exceptions, or max skew assignments found ;
; module_fault_vector_pin[30]  ; No input delay, min/max delays, false-path exceptions, or max skew assignments found ;
; module_fault_vector_pin[31]  ; No input delay, min/max delays, false-path exceptions, or max skew assignments found ;
; module_fault_vector_pin[32]  ; No input delay, min/max delays, false-path exceptions, or max skew assignments found ;
; module_fault_vector_pin[33]  ; No input delay, min/max delays, false-path exceptions, or max skew assignments found ;
; module_fault_vector_pin[34]  ; No input delay, min/max delays, false-path exceptions, or max skew assignments found ;
; module_fault_vector_pin[35]  ; No input delay, min/max delays, false-path exceptions, or max skew assignments found ;
; module_fault_vector_pin[36]  ; No input delay, min/max delays, false-path exceptions, or max skew assignments found ;
; module_fault_vector_pin[37]  ; No input delay, min/max delays, false-path exceptions, or max skew assignments found ;
; module_fault_vector_pin[38]  ; No input delay, min/max delays, false-path exceptions, or max skew assignments found ;
; module_fault_vector_pin[39]  ; No input delay, min/max delays, false-path exceptions, or max skew assignments found ;
; module_fault_vector_pin[40]  ; No input delay, min/max delays, false-path exceptions, or max skew assignments found ;
; module_fault_vector_pin[41]  ; No input delay, min/max delays, false-path exceptions, or max skew assignments found ;
; module_fault_vector_pin[42]  ; No input delay, min/max delays, false-path exceptions, or max skew assignments found ;
; module_fault_vector_pin[43]  ; No input delay, min/max delays, false-path exceptions, or max skew assignments found ;
; module_fault_vector_pin[44]  ; No input delay, min/max delays, false-path exceptions, or max skew assignments found ;
; module_fault_vector_pin[45]  ; No input delay, min/max delays, false-path exceptions, or max skew assignments found ;
; module_fault_vector_pin[46]  ; No input delay, min/max delays, false-path exceptions, or max skew assignments found ;
; module_fault_vector_pin[47]  ; No input delay, min/max delays, false-path exceptions, or max skew assignments found ;
; module_fault_vector_pin[48]  ; No input delay, min/max delays, false-path exceptions, or max skew assignments found ;
; module_fault_vector_pin[49]  ; No input delay, min/max delays, false-path exceptions, or max skew assignments found ;
; module_fault_vector_pin[50]  ; No input delay, min/max delays, false-path exceptions, or max skew assignments found ;
; module_fault_vector_pin[51]  ; No input delay, min/max delays, false-path exceptions, or max skew assignments found ;
; module_fault_vector_pin[52]  ; No input delay, min/max delays, false-path exceptions, or max skew assignments found ;
; module_fault_vector_pin[53]  ; No input delay, min/max delays, false-path exceptions, or max skew assignments found ;
; module_fault_vector_pin[54]  ; No input delay, min/max delays, false-path exceptions, or max skew assignments found ;
; module_fault_vector_pin[55]  ; No input delay, min/max delays, false-path exceptions, or max skew assignments found ;
; module_fault_vector_pin[56]  ; No input delay, min/max delays, false-path exceptions, or max skew assignments found ;
; module_fault_vector_pin[57]  ; No input delay, min/max delays, false-path exceptions, or max skew assignments found ;
; module_fault_vector_pin[58]  ; No input delay, min/max delays, false-path exceptions, or max skew assignments found ;
; module_fault_vector_pin[59]  ; No input delay, min/max delays, false-path exceptions, or max skew assignments found ;
; module_fault_vector_pin[60]  ; No input delay, min/max delays, false-path exceptions, or max skew assignments found ;
; module_fault_vector_pin[61]  ; No input delay, min/max delays, false-path exceptions, or max skew assignments found ;
; module_fault_vector_pin[62]  ; No input delay, min/max delays, false-path exceptions, or max skew assignments found ;
; module_fault_vector_pin[63]  ; No input delay, min/max delays, false-path exceptions, or max skew assignments found ;
; module_fault_vector_pin[64]  ; No input delay, min/max delays, false-path exceptions, or max skew assignments found ;
; module_fault_vector_pin[65]  ; No input delay, min/max delays, false-path exceptions, or max skew assignments found ;
; module_fault_vector_pin[66]  ; No input delay, min/max delays, false-path exceptions, or max skew assignments found ;
; module_fault_vector_pin[67]  ; No input delay, min/max delays, false-path exceptions, or max skew assignments found ;
; module_fault_vector_pin[68]  ; No input delay, min/max delays, false-path exceptions, or max skew assignments found ;
; module_fault_vector_pin[69]  ; No input delay, min/max delays, false-path exceptions, or max skew assignments found ;
; module_fault_vector_pin[70]  ; No input delay, min/max delays, false-path exceptions, or max skew assignments found ;
; module_fault_vector_pin[71]  ; No input delay, min/max delays, false-path exceptions, or max skew assignments found ;
; module_fault_vector_pin[72]  ; No input delay, min/max delays, false-path exceptions, or max skew assignments found ;
; module_fault_vector_pin[73]  ; No input delay, min/max delays, false-path exceptions, or max skew assignments found ;
; module_fault_vector_pin[74]  ; No input delay, min/max delays, false-path exceptions, or max skew assignments found ;
; module_fault_vector_pin[75]  ; No input delay, min/max delays, false-path exceptions, or max skew assignments found ;
; module_fault_vector_pin[76]  ; No input delay, min/max delays, false-path exceptions, or max skew assignments found ;
; module_fault_vector_pin[77]  ; No input delay, min/max delays, false-path exceptions, or max skew assignments found ;
; module_fault_vector_pin[78]  ; No input delay, min/max delays, false-path exceptions, or max skew assignments found ;
; module_fault_vector_pin[79]  ; No input delay, min/max delays, false-path exceptions, or max skew assignments found ;
; module_fault_vector_pin[80]  ; No input delay, min/max delays, false-path exceptions, or max skew assignments found ;
; module_fault_vector_pin[81]  ; No input delay, min/max delays, false-path exceptions, or max skew assignments found ;
; module_fault_vector_pin[82]  ; No input delay, min/max delays, false-path exceptions, or max skew assignments found ;
; module_fault_vector_pin[83]  ; No input delay, min/max delays, false-path exceptions, or max skew assignments found ;
; module_fault_vector_pin[84]  ; No input delay, min/max delays, false-path exceptions, or max skew assignments found ;
; module_fault_vector_pin[85]  ; No input delay, min/max delays, false-path exceptions, or max skew assignments found ;
; module_fault_vector_pin[86]  ; No input delay, min/max delays, false-path exceptions, or max skew assignments found ;
; module_fault_vector_pin[87]  ; No input delay, min/max delays, false-path exceptions, or max skew assignments found ;
; module_fault_vector_pin[88]  ; No input delay, min/max delays, false-path exceptions, or max skew assignments found ;
; module_fault_vector_pin[89]  ; No input delay, min/max delays, false-path exceptions, or max skew assignments found ;
; module_fault_vector_pin[90]  ; No input delay, min/max delays, false-path exceptions, or max skew assignments found ;
; module_fault_vector_pin[91]  ; No input delay, min/max delays, false-path exceptions, or max skew assignments found ;
; module_fault_vector_pin[92]  ; No input delay, min/max delays, false-path exceptions, or max skew assignments found ;
; module_fault_vector_pin[93]  ; No input delay, min/max delays, false-path exceptions, or max skew assignments found ;
; module_fault_vector_pin[94]  ; No input delay, min/max delays, false-path exceptions, or max skew assignments found ;
; module_fault_vector_pin[95]  ; No input delay, min/max delays, false-path exceptions, or max skew assignments found ;
; module_fault_vector_pin[96]  ; No input delay, min/max delays, false-path exceptions, or max skew assignments found ;
; module_fault_vector_pin[97]  ; No input delay, min/max delays, false-path exceptions, or max skew assignments found ;
; module_fault_vector_pin[98]  ; No input delay, min/max delays, false-path exceptions, or max skew assignments found ;
; module_fault_vector_pin[99]  ; No input delay, min/max delays, false-path exceptions, or max skew assignments found ;
; module_fault_vector_pin[100] ; No input delay, min/max delays, false-path exceptions, or max skew assignments found ;
; module_fault_vector_pin[101] ; No input delay, min/max delays, false-path exceptions, or max skew assignments found ;
; module_fault_vector_pin[102] ; No input delay, min/max delays, false-path exceptions, or max skew assignments found ;
; module_fault_vector_pin[103] ; No input delay, min/max delays, false-path exceptions, or max skew assignments found ;
; module_fault_vector_pin[104] ; No input delay, min/max delays, false-path exceptions, or max skew assignments found ;
; module_fault_vector_pin[105] ; No input delay, min/max delays, false-path exceptions, or max skew assignments found ;
; module_fault_vector_pin[106] ; No input delay, min/max delays, false-path exceptions, or max skew assignments found ;
; module_fault_vector_pin[107] ; No input delay, min/max delays, false-path exceptions, or max skew assignments found ;
; module_fault_vector_pin[108] ; No input delay, min/max delays, false-path exceptions, or max skew assignments found ;
; module_fault_vector_pin[109] ; No input delay, min/max delays, false-path exceptions, or max skew assignments found ;
; module_fault_vector_pin[110] ; No input delay, min/max delays, false-path exceptions, or max skew assignments found ;
; module_fault_vector_pin[111] ; No input delay, min/max delays, false-path exceptions, or max skew assignments found ;
; module_fault_vector_pin[112] ; No input delay, min/max delays, false-path exceptions, or max skew assignments found ;
; module_fault_vector_pin[113] ; No input delay, min/max delays, false-path exceptions, or max skew assignments found ;
; module_fault_vector_pin[114] ; No input delay, min/max delays, false-path exceptions, or max skew assignments found ;
; module_fault_vector_pin[115] ; No input delay, min/max delays, false-path exceptions, or max skew assignments found ;
; module_fault_vector_pin[116] ; No input delay, min/max delays, false-path exceptions, or max skew assignments found ;
; module_fault_vector_pin[117] ; No input delay, min/max delays, false-path exceptions, or max skew assignments found ;
; module_fault_vector_pin[118] ; No input delay, min/max delays, false-path exceptions, or max skew assignments found ;
; module_fault_vector_pin[119] ; No input delay, min/max delays, false-path exceptions, or max skew assignments found ;
; module_fault_vector_pin[120] ; No input delay, min/max delays, false-path exceptions, or max skew assignments found ;
; module_fault_vector_pin[121] ; No input delay, min/max delays, false-path exceptions, or max skew assignments found ;
; module_fault_vector_pin[122] ; No input delay, min/max delays, false-path exceptions, or max skew assignments found ;
; module_fault_vector_pin[123] ; No input delay, min/max delays, false-path exceptions, or max skew assignments found ;
; module_fault_vector_pin[124] ; No input delay, min/max delays, false-path exceptions, or max skew assignments found ;
; module_fault_vector_pin[125] ; No input delay, min/max delays, false-path exceptions, or max skew assignments found ;
; module_fault_vector_pin[126] ; No input delay, min/max delays, false-path exceptions, or max skew assignments found ;
; module_fault_vector_pin[127] ; No input delay, min/max delays, false-path exceptions, or max skew assignments found ;
; module_fault_vector_pin[128] ; No input delay, min/max delays, false-path exceptions, or max skew assignments found ;
; module_fault_vector_pin[129] ; No input delay, min/max delays, false-path exceptions, or max skew assignments found ;
; module_fault_vector_pin[130] ; No input delay, min/max delays, false-path exceptions, or max skew assignments found ;
; module_fault_vector_pin[131] ; No input delay, min/max delays, false-path exceptions, or max skew assignments found ;
; module_fault_vector_pin[132] ; No input delay, min/max delays, false-path exceptions, or max skew assignments found ;
; module_fault_vector_pin[133] ; No input delay, min/max delays, false-path exceptions, or max skew assignments found ;
; module_fault_vector_pin[134] ; No input delay, min/max delays, false-path exceptions, or max skew assignments found ;
; module_fault_vector_pin[135] ; No input delay, min/max delays, false-path exceptions, or max skew assignments found ;
; module_fault_vector_pin[136] ; No input delay, min/max delays, false-path exceptions, or max skew assignments found ;
; module_fault_vector_pin[137] ; No input delay, min/max delays, false-path exceptions, or max skew assignments found ;
; module_fault_vector_pin[138] ; No input delay, min/max delays, false-path exceptions, or max skew assignments found ;
; module_fault_vector_pin[139] ; No input delay, min/max delays, false-path exceptions, or max skew assignments found ;
; module_fault_vector_pin[140] ; No input delay, min/max delays, false-path exceptions, or max skew assignments found ;
; module_fault_vector_pin[141] ; No input delay, min/max delays, false-path exceptions, or max skew assignments found ;
; module_fault_vector_pin[142] ; No input delay, min/max delays, false-path exceptions, or max skew assignments found ;
; module_fault_vector_pin[143] ; No input delay, min/max delays, false-path exceptions, or max skew assignments found ;
; module_fault_vector_pin[144] ; No input delay, min/max delays, false-path exceptions, or max skew assignments found ;
; module_fault_vector_pin[145] ; No input delay, min/max delays, false-path exceptions, or max skew assignments found ;
; module_fault_vector_pin[146] ; No input delay, min/max delays, false-path exceptions, or max skew assignments found ;
; module_fault_vector_pin[147] ; No input delay, min/max delays, false-path exceptions, or max skew assignments found ;
; module_fault_vector_pin[148] ; No input delay, min/max delays, false-path exceptions, or max skew assignments found ;
; module_fault_vector_pin[149] ; No input delay, min/max delays, false-path exceptions, or max skew assignments found ;
; module_fault_vector_pin[150] ; No input delay, min/max delays, false-path exceptions, or max skew assignments found ;
; module_fault_vector_pin[151] ; No input delay, min/max delays, false-path exceptions, or max skew assignments found ;
; module_fault_vector_pin[152] ; No input delay, min/max delays, false-path exceptions, or max skew assignments found ;
; module_fault_vector_pin[153] ; No input delay, min/max delays, false-path exceptions, or max skew assignments found ;
; module_fault_vector_pin[154] ; No input delay, min/max delays, false-path exceptions, or max skew assignments found ;
; module_fault_vector_pin[155] ; No input delay, min/max delays, false-path exceptions, or max skew assignments found ;
; module_fault_vector_pin[156] ; No input delay, min/max delays, false-path exceptions, or max skew assignments found ;
; module_fault_vector_pin[157] ; No input delay, min/max delays, false-path exceptions, or max skew assignments found ;
; module_fault_vector_pin[158] ; No input delay, min/max delays, false-path exceptions, or max skew assignments found ;
; module_fault_vector_pin[159] ; No input delay, min/max delays, false-path exceptions, or max skew assignments found ;
; module_fault_vector_pin[160] ; No input delay, min/max delays, false-path exceptions, or max skew assignments found ;
; module_fault_vector_pin[161] ; No input delay, min/max delays, false-path exceptions, or max skew assignments found ;
; module_fault_vector_pin[162] ; No input delay, min/max delays, false-path exceptions, or max skew assignments found ;
; module_fault_vector_pin[163] ; No input delay, min/max delays, false-path exceptions, or max skew assignments found ;
; module_fault_vector_pin[164] ; No input delay, min/max delays, false-path exceptions, or max skew assignments found ;
; module_fault_vector_pin[165] ; No input delay, min/max delays, false-path exceptions, or max skew assignments found ;
; module_fault_vector_pin[166] ; No input delay, min/max delays, false-path exceptions, or max skew assignments found ;
; module_fault_vector_pin[167] ; No input delay, min/max delays, false-path exceptions, or max skew assignments found ;
; module_fault_vector_pin[168] ; No input delay, min/max delays, false-path exceptions, or max skew assignments found ;
; module_fault_vector_pin[169] ; No input delay, min/max delays, false-path exceptions, or max skew assignments found ;
; module_fault_vector_pin[170] ; No input delay, min/max delays, false-path exceptions, or max skew assignments found ;
; module_fault_vector_pin[171] ; No input delay, min/max delays, false-path exceptions, or max skew assignments found ;
; module_fault_vector_pin[172] ; No input delay, min/max delays, false-path exceptions, or max skew assignments found ;
; module_fault_vector_pin[173] ; No input delay, min/max delays, false-path exceptions, or max skew assignments found ;
; module_fault_vector_pin[174] ; No input delay, min/max delays, false-path exceptions, or max skew assignments found ;
; module_fault_vector_pin[175] ; No input delay, min/max delays, false-path exceptions, or max skew assignments found ;
; module_fault_vector_pin[176] ; No input delay, min/max delays, false-path exceptions, or max skew assignments found ;
; module_fault_vector_pin[177] ; No input delay, min/max delays, false-path exceptions, or max skew assignments found ;
; module_fault_vector_pin[178] ; No input delay, min/max delays, false-path exceptions, or max skew assignments found ;
; module_fault_vector_pin[179] ; No input delay, min/max delays, false-path exceptions, or max skew assignments found ;
; module_fault_vector_pin[180] ; No input delay, min/max delays, false-path exceptions, or max skew assignments found ;
; module_fault_vector_pin[181] ; No input delay, min/max delays, false-path exceptions, or max skew assignments found ;
; module_fault_vector_pin[182] ; No input delay, min/max delays, false-path exceptions, or max skew assignments found ;
; module_fault_vector_pin[183] ; No input delay, min/max delays, false-path exceptions, or max skew assignments found ;
; module_fault_vector_pin[184] ; No input delay, min/max delays, false-path exceptions, or max skew assignments found ;
; module_fault_vector_pin[185] ; No input delay, min/max delays, false-path exceptions, or max skew assignments found ;
; module_fault_vector_pin[186] ; No input delay, min/max delays, false-path exceptions, or max skew assignments found ;
; module_fault_vector_pin[187] ; No input delay, min/max delays, false-path exceptions, or max skew assignments found ;
; module_fault_vector_pin[188] ; No input delay, min/max delays, false-path exceptions, or max skew assignments found ;
; module_fault_vector_pin[189] ; No input delay, min/max delays, false-path exceptions, or max skew assignments found ;
; module_fault_vector_pin[190] ; No input delay, min/max delays, false-path exceptions, or max skew assignments found ;
; module_fault_vector_pin[191] ; No input delay, min/max delays, false-path exceptions, or max skew assignments found ;
; module_fault_vector_pin[192] ; No input delay, min/max delays, false-path exceptions, or max skew assignments found ;
; module_fault_vector_pin[193] ; No input delay, min/max delays, false-path exceptions, or max skew assignments found ;
; module_fault_vector_pin[194] ; No input delay, min/max delays, false-path exceptions, or max skew assignments found ;
; module_fault_vector_pin[195] ; No input delay, min/max delays, false-path exceptions, or max skew assignments found ;
; module_fault_vector_pin[196] ; No input delay, min/max delays, false-path exceptions, or max skew assignments found ;
; module_fault_vector_pin[197] ; No input delay, min/max delays, false-path exceptions, or max skew assignments found ;
; module_fault_vector_pin[198] ; No input delay, min/max delays, false-path exceptions, or max skew assignments found ;
; module_fault_vector_pin[199] ; No input delay, min/max delays, false-path exceptions, or max skew assignments found ;
; module_fault_vector_pin[200] ; No input delay, min/max delays, false-path exceptions, or max skew assignments found ;
; module_fault_vector_pin[201] ; No input delay, min/max delays, false-path exceptions, or max skew assignments found ;
; module_fault_vector_pin[202] ; No input delay, min/max delays, false-path exceptions, or max skew assignments found ;
; module_fault_vector_pin[203] ; No input delay, min/max delays, false-path exceptions, or max skew assignments found ;
; module_fault_vector_pin[204] ; No input delay, min/max delays, false-path exceptions, or max skew assignments found ;
; module_fault_vector_pin[205] ; No input delay, min/max delays, false-path exceptions, or max skew assignments found ;
; module_fault_vector_pin[206] ; No input delay, min/max delays, false-path exceptions, or max skew assignments found ;
; module_fault_vector_pin[207] ; No input delay, min/max delays, false-path exceptions, or max skew assignments found ;
; module_fault_vector_pin[208] ; No input delay, min/max delays, false-path exceptions, or max skew assignments found ;
; module_fault_vector_pin[209] ; No input delay, min/max delays, false-path exceptions, or max skew assignments found ;
; module_fault_vector_pin[210] ; No input delay, min/max delays, false-path exceptions, or max skew assignments found ;
; module_fault_vector_pin[211] ; No input delay, min/max delays, false-path exceptions, or max skew assignments found ;
; module_fault_vector_pin[212] ; No input delay, min/max delays, false-path exceptions, or max skew assignments found ;
; module_fault_vector_pin[213] ; No input delay, min/max delays, false-path exceptions, or max skew assignments found ;
; module_fault_vector_pin[214] ; No input delay, min/max delays, false-path exceptions, or max skew assignments found ;
; module_fault_vector_pin[215] ; No input delay, min/max delays, false-path exceptions, or max skew assignments found ;
; module_fault_vector_pin[216] ; No input delay, min/max delays, false-path exceptions, or max skew assignments found ;
; module_fault_vector_pin[217] ; No input delay, min/max delays, false-path exceptions, or max skew assignments found ;
; module_fault_vector_pin[218] ; No input delay, min/max delays, false-path exceptions, or max skew assignments found ;
; module_fault_vector_pin[219] ; No input delay, min/max delays, false-path exceptions, or max skew assignments found ;
; module_fault_vector_pin[220] ; No input delay, min/max delays, false-path exceptions, or max skew assignments found ;
; module_fault_vector_pin[221] ; No input delay, min/max delays, false-path exceptions, or max skew assignments found ;
; module_fault_vector_pin[222] ; No input delay, min/max delays, false-path exceptions, or max skew assignments found ;
; module_fault_vector_pin[223] ; No input delay, min/max delays, false-path exceptions, or max skew assignments found ;
; module_fault_vector_pin[224] ; No input delay, min/max delays, false-path exceptions, or max skew assignments found ;
; module_fault_vector_pin[225] ; No input delay, min/max delays, false-path exceptions, or max skew assignments found ;
; module_fault_vector_pin[226] ; No input delay, min/max delays, false-path exceptions, or max skew assignments found ;
; module_fault_vector_pin[227] ; No input delay, min/max delays, false-path exceptions, or max skew assignments found ;
; module_fault_vector_pin[228] ; No input delay, min/max delays, false-path exceptions, or max skew assignments found ;
; module_fault_vector_pin[229] ; No input delay, min/max delays, false-path exceptions, or max skew assignments found ;
; module_fault_vector_pin[230] ; No input delay, min/max delays, false-path exceptions, or max skew assignments found ;
; module_fault_vector_pin[231] ; No input delay, min/max delays, false-path exceptions, or max skew assignments found ;
; module_fault_vector_pin[232] ; No input delay, min/max delays, false-path exceptions, or max skew assignments found ;
; module_fault_vector_pin[233] ; No input delay, min/max delays, false-path exceptions, or max skew assignments found ;
; module_fault_vector_pin[234] ; No input delay, min/max delays, false-path exceptions, or max skew assignments found ;
; module_fault_vector_pin[235] ; No input delay, min/max delays, false-path exceptions, or max skew assignments found ;
; module_fault_vector_pin[236] ; No input delay, min/max delays, false-path exceptions, or max skew assignments found ;
; module_fault_vector_pin[237] ; No input delay, min/max delays, false-path exceptions, or max skew assignments found ;
; module_fault_vector_pin[238] ; No input delay, min/max delays, false-path exceptions, or max skew assignments found ;
; module_fault_vector_pin[239] ; No input delay, min/max delays, false-path exceptions, or max skew assignments found ;
; rst_n_pin                    ; No input delay, min/max delays, false-path exceptions, or max skew assignments found ;
+------------------------------+--------------------------------------------------------------------------------------+


+-----------------------------------------------------------------------------------------------------------+
; Unconstrained Output Ports                                                                                ;
+-------------------+---------------------------------------------------------------------------------------+
; Output Port       ; Comment                                                                               ;
+-------------------+---------------------------------------------------------------------------------------+
; psu_contactor_pin ; No output delay, min/max delays, false-path exceptions, or max skew assignments found ;
+-------------------+---------------------------------------------------------------------------------------+


+---------------------------------------------------------------------------------------------------------------------+
; Unconstrained Input Ports                                                                                           ;
+------------------------------+--------------------------------------------------------------------------------------+
; Input Port                   ; Comment                                                                              ;
+------------------------------+--------------------------------------------------------------------------------------+
; adc_p_drive_pin[0]           ; No input delay, min/max delays, false-path exceptions, or max skew assignments found ;
; adc_p_drive_pin[1]           ; No input delay, min/max delays, false-path exceptions, or max skew assignments found ;
; adc_p_drive_pin[2]           ; No input delay, min/max delays, false-path exceptions, or max skew assignments found ;
; adc_p_drive_pin[3]           ; No input delay, min/max delays, false-path exceptions, or max skew assignments found ;
; adc_p_drive_pin[4]           ; No input delay, min/max delays, false-path exceptions, or max skew assignments found ;
; adc_p_drive_pin[5]           ; No input delay, min/max delays, false-path exceptions, or max skew assignments found ;
; adc_p_drive_pin[6]           ; No input delay, min/max delays, false-path exceptions, or max skew assignments found ;
; adc_p_drive_pin[7]           ; No input delay, min/max delays, false-path exceptions, or max skew assignments found ;
; adc_p_drive_pin[8]           ; No input delay, min/max delays, false-path exceptions, or max skew assignments found ;
; adc_p_drive_pin[9]           ; No input delay, min/max delays, false-path exceptions, or max skew assignments found ;
; adc_p_drive_pin[10]          ; No input delay, min/max delays, false-path exceptions, or max skew assignments found ;
; adc_p_drive_pin[11]          ; No input delay, min/max delays, false-path exceptions, or max skew assignments found ;
; adc_p_drive_pin[12]          ; No input delay, min/max delays, false-path exceptions, or max skew assignments found ;
; adc_p_drive_pin[13]          ; No input delay, min/max delays, false-path exceptions, or max skew assignments found ;
; adc_p_drive_pin[14]          ; No input delay, min/max delays, false-path exceptions, or max skew assignments found ;
; adc_p_drive_pin[15]          ; No input delay, min/max delays, false-path exceptions, or max skew assignments found ;
; adc_p_refl_pin[0]            ; No input delay, min/max delays, false-path exceptions, or max skew assignments found ;
; adc_p_refl_pin[1]            ; No input delay, min/max delays, false-path exceptions, or max skew assignments found ;
; adc_p_refl_pin[2]            ; No input delay, min/max delays, false-path exceptions, or max skew assignments found ;
; adc_p_refl_pin[3]            ; No input delay, min/max delays, false-path exceptions, or max skew assignments found ;
; adc_p_refl_pin[4]            ; No input delay, min/max delays, false-path exceptions, or max skew assignments found ;
; adc_p_refl_pin[5]            ; No input delay, min/max delays, false-path exceptions, or max skew assignments found ;
; adc_p_refl_pin[6]            ; No input delay, min/max delays, false-path exceptions, or max skew assignments found ;
; adc_p_refl_pin[7]            ; No input delay, min/max delays, false-path exceptions, or max skew assignments found ;
; adc_p_refl_pin[8]            ; No input delay, min/max delays, false-path exceptions, or max skew assignments found ;
; adc_p_refl_pin[9]            ; No input delay, min/max delays, false-path exceptions, or max skew assignments found ;
; adc_p_refl_pin[10]           ; No input delay, min/max delays, false-path exceptions, or max skew assignments found ;
; adc_p_refl_pin[11]           ; No input delay, min/max delays, false-path exceptions, or max skew assignments found ;
; adc_p_refl_pin[12]           ; No input delay, min/max delays, false-path exceptions, or max skew assignments found ;
; adc_p_refl_pin[13]           ; No input delay, min/max delays, false-path exceptions, or max skew assignments found ;
; adc_p_refl_pin[14]           ; No input delay, min/max delays, false-path exceptions, or max skew assignments found ;
; adc_p_refl_pin[15]           ; No input delay, min/max delays, false-path exceptions, or max skew assignments found ;
; interlock_reset_pin          ; No input delay, min/max delays, false-path exceptions, or max skew assignments found ;
; module_fault_vector_pin[0]   ; No input delay, min/max delays, false-path exceptions, or max skew assignments found ;
; module_fault_vector_pin[1]   ; No input delay, min/max delays, false-path exceptions, or max skew assignments found ;
; module_fault_vector_pin[2]   ; No input delay, min/max delays, false-path exceptions, or max skew assignments found ;
; module_fault_vector_pin[3]   ; No input delay, min/max delays, false-path exceptions, or max skew assignments found ;
; module_fault_vector_pin[4]   ; No input delay, min/max delays, false-path exceptions, or max skew assignments found ;
; module_fault_vector_pin[5]   ; No input delay, min/max delays, false-path exceptions, or max skew assignments found ;
; module_fault_vector_pin[6]   ; No input delay, min/max delays, false-path exceptions, or max skew assignments found ;
; module_fault_vector_pin[7]   ; No input delay, min/max delays, false-path exceptions, or max skew assignments found ;
; module_fault_vector_pin[8]   ; No input delay, min/max delays, false-path exceptions, or max skew assignments found ;
; module_fault_vector_pin[9]   ; No input delay, min/max delays, false-path exceptions, or max skew assignments found ;
; module_fault_vector_pin[10]  ; No input delay, min/max delays, false-path exceptions, or max skew assignments found ;
; module_fault_vector_pin[11]  ; No input delay, min/max delays, false-path exceptions, or max skew assignments found ;
; module_fault_vector_pin[12]  ; No input delay, min/max delays, false-path exceptions, or max skew assignments found ;
; module_fault_vector_pin[13]  ; No input delay, min/max delays, false-path exceptions, or max skew assignments found ;
; module_fault_vector_pin[14]  ; No input delay, min/max delays, false-path exceptions, or max skew assignments found ;
; module_fault_vector_pin[15]  ; No input delay, min/max delays, false-path exceptions, or max skew assignments found ;
; module_fault_vector_pin[16]  ; No input delay, min/max delays, false-path exceptions, or max skew assignments found ;
; module_fault_vector_pin[17]  ; No input delay, min/max delays, false-path exceptions, or max skew assignments found ;
; module_fault_vector_pin[18]  ; No input delay, min/max delays, false-path exceptions, or max skew assignments found ;
; module_fault_vector_pin[19]  ; No input delay, min/max delays, false-path exceptions, or max skew assignments found ;
; module_fault_vector_pin[20]  ; No input delay, min/max delays, false-path exceptions, or max skew assignments found ;
; module_fault_vector_pin[21]  ; No input delay, min/max delays, false-path exceptions, or max skew assignments found ;
; module_fault_vector_pin[22]  ; No input delay, min/max delays, false-path exceptions, or max skew assignments found ;
; module_fault_vector_pin[23]  ; No input delay, min/max delays, false-path exceptions, or max skew assignments found ;
; module_fault_vector_pin[24]  ; No input delay, min/max delays, false-path exceptions, or max skew assignments found ;
; module_fault_vector_pin[25]  ; No input delay, min/max delays, false-path exceptions, or max skew assignments found ;
; module_fault_vector_pin[26]  ; No input delay, min/max delays, false-path exceptions, or max skew assignments found ;
; module_fault_vector_pin[27]  ; No input delay, min/max delays, false-path exceptions, or max skew assignments found ;
; module_fault_vector_pin[28]  ; No input delay, min/max delays, false-path exceptions, or max skew assignments found ;
; module_fault_vector_pin[29]  ; No input delay, min/max delays, false-path exceptions, or max skew assignments found ;
; module_fault_vector_pin[30]  ; No input delay, min/max delays, false-path exceptions, or max skew assignments found ;
; module_fault_vector_pin[31]  ; No input delay, min/max delays, false-path exceptions, or max skew assignments found ;
; module_fault_vector_pin[32]  ; No input delay, min/max delays, false-path exceptions, or max skew assignments found ;
; module_fault_vector_pin[33]  ; No input delay, min/max delays, false-path exceptions, or max skew assignments found ;
; module_fault_vector_pin[34]  ; No input delay, min/max delays, false-path exceptions, or max skew assignments found ;
; module_fault_vector_pin[35]  ; No input delay, min/max delays, false-path exceptions, or max skew assignments found ;
; module_fault_vector_pin[36]  ; No input delay, min/max delays, false-path exceptions, or max skew assignments found ;
; module_fault_vector_pin[37]  ; No input delay, min/max delays, false-path exceptions, or max skew assignments found ;
; module_fault_vector_pin[38]  ; No input delay, min/max delays, false-path exceptions, or max skew assignments found ;
; module_fault_vector_pin[39]  ; No input delay, min/max delays, false-path exceptions, or max skew assignments found ;
; module_fault_vector_pin[40]  ; No input delay, min/max delays, false-path exceptions, or max skew assignments found ;
; module_fault_vector_pin[41]  ; No input delay, min/max delays, false-path exceptions, or max skew assignments found ;
; module_fault_vector_pin[42]  ; No input delay, min/max delays, false-path exceptions, or max skew assignments found ;
; module_fault_vector_pin[43]  ; No input delay, min/max delays, false-path exceptions, or max skew assignments found ;
; module_fault_vector_pin[44]  ; No input delay, min/max delays, false-path exceptions, or max skew assignments found ;
; module_fault_vector_pin[45]  ; No input delay, min/max delays, false-path exceptions, or max skew assignments found ;
; module_fault_vector_pin[46]  ; No input delay, min/max delays, false-path exceptions, or max skew assignments found ;
; module_fault_vector_pin[47]  ; No input delay, min/max delays, false-path exceptions, or max skew assignments found ;
; module_fault_vector_pin[48]  ; No input delay, min/max delays, false-path exceptions, or max skew assignments found ;
; module_fault_vector_pin[49]  ; No input delay, min/max delays, false-path exceptions, or max skew assignments found ;
; module_fault_vector_pin[50]  ; No input delay, min/max delays, false-path exceptions, or max skew assignments found ;
; module_fault_vector_pin[51]  ; No input delay, min/max delays, false-path exceptions, or max skew assignments found ;
; module_fault_vector_pin[52]  ; No input delay, min/max delays, false-path exceptions, or max skew assignments found ;
; module_fault_vector_pin[53]  ; No input delay, min/max delays, false-path exceptions, or max skew assignments found ;
; module_fault_vector_pin[54]  ; No input delay, min/max delays, false-path exceptions, or max skew assignments found ;
; module_fault_vector_pin[55]  ; No input delay, min/max delays, false-path exceptions, or max skew assignments found ;
; module_fault_vector_pin[56]  ; No input delay, min/max delays, false-path exceptions, or max skew assignments found ;
; module_fault_vector_pin[57]  ; No input delay, min/max delays, false-path exceptions, or max skew assignments found ;
; module_fault_vector_pin[58]  ; No input delay, min/max delays, false-path exceptions, or max skew assignments found ;
; module_fault_vector_pin[59]  ; No input delay, min/max delays, false-path exceptions, or max skew assignments found ;
; module_fault_vector_pin[60]  ; No input delay, min/max delays, false-path exceptions, or max skew assignments found ;
; module_fault_vector_pin[61]  ; No input delay, min/max delays, false-path exceptions, or max skew assignments found ;
; module_fault_vector_pin[62]  ; No input delay, min/max delays, false-path exceptions, or max skew assignments found ;
; module_fault_vector_pin[63]  ; No input delay, min/max delays, false-path exceptions, or max skew assignments found ;
; module_fault_vector_pin[64]  ; No input delay, min/max delays, false-path exceptions, or max skew assignments found ;
; module_fault_vector_pin[65]  ; No input delay, min/max delays, false-path exceptions, or max skew assignments found ;
; module_fault_vector_pin[66]  ; No input delay, min/max delays, false-path exceptions, or max skew assignments found ;
; module_fault_vector_pin[67]  ; No input delay, min/max delays, false-path exceptions, or max skew assignments found ;
; module_fault_vector_pin[68]  ; No input delay, min/max delays, false-path exceptions, or max skew assignments found ;
; module_fault_vector_pin[69]  ; No input delay, min/max delays, false-path exceptions, or max skew assignments found ;
; module_fault_vector_pin[70]  ; No input delay, min/max delays, false-path exceptions, or max skew assignments found ;
; module_fault_vector_pin[71]  ; No input delay, min/max delays, false-path exceptions, or max skew assignments found ;
; module_fault_vector_pin[72]  ; No input delay, min/max delays, false-path exceptions, or max skew assignments found ;
; module_fault_vector_pin[73]  ; No input delay, min/max delays, false-path exceptions, or max skew assignments found ;
; module_fault_vector_pin[74]  ; No input delay, min/max delays, false-path exceptions, or max skew assignments found ;
; module_fault_vector_pin[75]  ; No input delay, min/max delays, false-path exceptions, or max skew assignments found ;
; module_fault_vector_pin[76]  ; No input delay, min/max delays, false-path exceptions, or max skew assignments found ;
; module_fault_vector_pin[77]  ; No input delay, min/max delays, false-path exceptions, or max skew assignments found ;
; module_fault_vector_pin[78]  ; No input delay, min/max delays, false-path exceptions, or max skew assignments found ;
; module_fault_vector_pin[79]  ; No input delay, min/max delays, false-path exceptions, or max skew assignments found ;
; module_fault_vector_pin[80]  ; No input delay, min/max delays, false-path exceptions, or max skew assignments found ;
; module_fault_vector_pin[81]  ; No input delay, min/max delays, false-path exceptions, or max skew assignments found ;
; module_fault_vector_pin[82]  ; No input delay, min/max delays, false-path exceptions, or max skew assignments found ;
; module_fault_vector_pin[83]  ; No input delay, min/max delays, false-path exceptions, or max skew assignments found ;
; module_fault_vector_pin[84]  ; No input delay, min/max delays, false-path exceptions, or max skew assignments found ;
; module_fault_vector_pin[85]  ; No input delay, min/max delays, false-path exceptions, or max skew assignments found ;
; module_fault_vector_pin[86]  ; No input delay, min/max delays, false-path exceptions, or max skew assignments found ;
; module_fault_vector_pin[87]  ; No input delay, min/max delays, false-path exceptions, or max skew assignments found ;
; module_fault_vector_pin[88]  ; No input delay, min/max delays, false-path exceptions, or max skew assignments found ;
; module_fault_vector_pin[89]  ; No input delay, min/max delays, false-path exceptions, or max skew assignments found ;
; module_fault_vector_pin[90]  ; No input delay, min/max delays, false-path exceptions, or max skew assignments found ;
; module_fault_vector_pin[91]  ; No input delay, min/max delays, false-path exceptions, or max skew assignments found ;
; module_fault_vector_pin[92]  ; No input delay, min/max delays, false-path exceptions, or max skew assignments found ;
; module_fault_vector_pin[93]  ; No input delay, min/max delays, false-path exceptions, or max skew assignments found ;
; module_fault_vector_pin[94]  ; No input delay, min/max delays, false-path exceptions, or max skew assignments found ;
; module_fault_vector_pin[95]  ; No input delay, min/max delays, false-path exceptions, or max skew assignments found ;
; module_fault_vector_pin[96]  ; No input delay, min/max delays, false-path exceptions, or max skew assignments found ;
; module_fault_vector_pin[97]  ; No input delay, min/max delays, false-path exceptions, or max skew assignments found ;
; module_fault_vector_pin[98]  ; No input delay, min/max delays, false-path exceptions, or max skew assignments found ;
; module_fault_vector_pin[99]  ; No input delay, min/max delays, false-path exceptions, or max skew assignments found ;
; module_fault_vector_pin[100] ; No input delay, min/max delays, false-path exceptions, or max skew assignments found ;
; module_fault_vector_pin[101] ; No input delay, min/max delays, false-path exceptions, or max skew assignments found ;
; module_fault_vector_pin[102] ; No input delay, min/max delays, false-path exceptions, or max skew assignments found ;
; module_fault_vector_pin[103] ; No input delay, min/max delays, false-path exceptions, or max skew assignments found ;
; module_fault_vector_pin[104] ; No input delay, min/max delays, false-path exceptions, or max skew assignments found ;
; module_fault_vector_pin[105] ; No input delay, min/max delays, false-path exceptions, or max skew assignments found ;
; module_fault_vector_pin[106] ; No input delay, min/max delays, false-path exceptions, or max skew assignments found ;
; module_fault_vector_pin[107] ; No input delay, min/max delays, false-path exceptions, or max skew assignments found ;
; module_fault_vector_pin[108] ; No input delay, min/max delays, false-path exceptions, or max skew assignments found ;
; module_fault_vector_pin[109] ; No input delay, min/max delays, false-path exceptions, or max skew assignments found ;
; module_fault_vector_pin[110] ; No input delay, min/max delays, false-path exceptions, or max skew assignments found ;
; module_fault_vector_pin[111] ; No input delay, min/max delays, false-path exceptions, or max skew assignments found ;
; module_fault_vector_pin[112] ; No input delay, min/max delays, false-path exceptions, or max skew assignments found ;
; module_fault_vector_pin[113] ; No input delay, min/max delays, false-path exceptions, or max skew assignments found ;
; module_fault_vector_pin[114] ; No input delay, min/max delays, false-path exceptions, or max skew assignments found ;
; module_fault_vector_pin[115] ; No input delay, min/max delays, false-path exceptions, or max skew assignments found ;
; module_fault_vector_pin[116] ; No input delay, min/max delays, false-path exceptions, or max skew assignments found ;
; module_fault_vector_pin[117] ; No input delay, min/max delays, false-path exceptions, or max skew assignments found ;
; module_fault_vector_pin[118] ; No input delay, min/max delays, false-path exceptions, or max skew assignments found ;
; module_fault_vector_pin[119] ; No input delay, min/max delays, false-path exceptions, or max skew assignments found ;
; module_fault_vector_pin[120] ; No input delay, min/max delays, false-path exceptions, or max skew assignments found ;
; module_fault_vector_pin[121] ; No input delay, min/max delays, false-path exceptions, or max skew assignments found ;
; module_fault_vector_pin[122] ; No input delay, min/max delays, false-path exceptions, or max skew assignments found ;
; module_fault_vector_pin[123] ; No input delay, min/max delays, false-path exceptions, or max skew assignments found ;
; module_fault_vector_pin[124] ; No input delay, min/max delays, false-path exceptions, or max skew assignments found ;
; module_fault_vector_pin[125] ; No input delay, min/max delays, false-path exceptions, or max skew assignments found ;
; module_fault_vector_pin[126] ; No input delay, min/max delays, false-path exceptions, or max skew assignments found ;
; module_fault_vector_pin[127] ; No input delay, min/max delays, false-path exceptions, or max skew assignments found ;
; module_fault_vector_pin[128] ; No input delay, min/max delays, false-path exceptions, or max skew assignments found ;
; module_fault_vector_pin[129] ; No input delay, min/max delays, false-path exceptions, or max skew assignments found ;
; module_fault_vector_pin[130] ; No input delay, min/max delays, false-path exceptions, or max skew assignments found ;
; module_fault_vector_pin[131] ; No input delay, min/max delays, false-path exceptions, or max skew assignments found ;
; module_fault_vector_pin[132] ; No input delay, min/max delays, false-path exceptions, or max skew assignments found ;
; module_fault_vector_pin[133] ; No input delay, min/max delays, false-path exceptions, or max skew assignments found ;
; module_fault_vector_pin[134] ; No input delay, min/max delays, false-path exceptions, or max skew assignments found ;
; module_fault_vector_pin[135] ; No input delay, min/max delays, false-path exceptions, or max skew assignments found ;
; module_fault_vector_pin[136] ; No input delay, min/max delays, false-path exceptions, or max skew assignments found ;
; module_fault_vector_pin[137] ; No input delay, min/max delays, false-path exceptions, or max skew assignments found ;
; module_fault_vector_pin[138] ; No input delay, min/max delays, false-path exceptions, or max skew assignments found ;
; module_fault_vector_pin[139] ; No input delay, min/max delays, false-path exceptions, or max skew assignments found ;
; module_fault_vector_pin[140] ; No input delay, min/max delays, false-path exceptions, or max skew assignments found ;
; module_fault_vector_pin[141] ; No input delay, min/max delays, false-path exceptions, or max skew assignments found ;
; module_fault_vector_pin[142] ; No input delay, min/max delays, false-path exceptions, or max skew assignments found ;
; module_fault_vector_pin[143] ; No input delay, min/max delays, false-path exceptions, or max skew assignments found ;
; module_fault_vector_pin[144] ; No input delay, min/max delays, false-path exceptions, or max skew assignments found ;
; module_fault_vector_pin[145] ; No input delay, min/max delays, false-path exceptions, or max skew assignments found ;
; module_fault_vector_pin[146] ; No input delay, min/max delays, false-path exceptions, or max skew assignments found ;
; module_fault_vector_pin[147] ; No input delay, min/max delays, false-path exceptions, or max skew assignments found ;
; module_fault_vector_pin[148] ; No input delay, min/max delays, false-path exceptions, or max skew assignments found ;
; module_fault_vector_pin[149] ; No input delay, min/max delays, false-path exceptions, or max skew assignments found ;
; module_fault_vector_pin[150] ; No input delay, min/max delays, false-path exceptions, or max skew assignments found ;
; module_fault_vector_pin[151] ; No input delay, min/max delays, false-path exceptions, or max skew assignments found ;
; module_fault_vector_pin[152] ; No input delay, min/max delays, false-path exceptions, or max skew assignments found ;
; module_fault_vector_pin[153] ; No input delay, min/max delays, false-path exceptions, or max skew assignments found ;
; module_fault_vector_pin[154] ; No input delay, min/max delays, false-path exceptions, or max skew assignments found ;
; module_fault_vector_pin[155] ; No input delay, min/max delays, false-path exceptions, or max skew assignments found ;
; module_fault_vector_pin[156] ; No input delay, min/max delays, false-path exceptions, or max skew assignments found ;
; module_fault_vector_pin[157] ; No input delay, min/max delays, false-path exceptions, or max skew assignments found ;
; module_fault_vector_pin[158] ; No input delay, min/max delays, false-path exceptions, or max skew assignments found ;
; module_fault_vector_pin[159] ; No input delay, min/max delays, false-path exceptions, or max skew assignments found ;
; module_fault_vector_pin[160] ; No input delay, min/max delays, false-path exceptions, or max skew assignments found ;
; module_fault_vector_pin[161] ; No input delay, min/max delays, false-path exceptions, or max skew assignments found ;
; module_fault_vector_pin[162] ; No input delay, min/max delays, false-path exceptions, or max skew assignments found ;
; module_fault_vector_pin[163] ; No input delay, min/max delays, false-path exceptions, or max skew assignments found ;
; module_fault_vector_pin[164] ; No input delay, min/max delays, false-path exceptions, or max skew assignments found ;
; module_fault_vector_pin[165] ; No input delay, min/max delays, false-path exceptions, or max skew assignments found ;
; module_fault_vector_pin[166] ; No input delay, min/max delays, false-path exceptions, or max skew assignments found ;
; module_fault_vector_pin[167] ; No input delay, min/max delays, false-path exceptions, or max skew assignments found ;
; module_fault_vector_pin[168] ; No input delay, min/max delays, false-path exceptions, or max skew assignments found ;
; module_fault_vector_pin[169] ; No input delay, min/max delays, false-path exceptions, or max skew assignments found ;
; module_fault_vector_pin[170] ; No input delay, min/max delays, false-path exceptions, or max skew assignments found ;
; module_fault_vector_pin[171] ; No input delay, min/max delays, false-path exceptions, or max skew assignments found ;
; module_fault_vector_pin[172] ; No input delay, min/max delays, false-path exceptions, or max skew assignments found ;
; module_fault_vector_pin[173] ; No input delay, min/max delays, false-path exceptions, or max skew assignments found ;
; module_fault_vector_pin[174] ; No input delay, min/max delays, false-path exceptions, or max skew assignments found ;
; module_fault_vector_pin[175] ; No input delay, min/max delays, false-path exceptions, or max skew assignments found ;
; module_fault_vector_pin[176] ; No input delay, min/max delays, false-path exceptions, or max skew assignments found ;
; module_fault_vector_pin[177] ; No input delay, min/max delays, false-path exceptions, or max skew assignments found ;
; module_fault_vector_pin[178] ; No input delay, min/max delays, false-path exceptions, or max skew assignments found ;
; module_fault_vector_pin[179] ; No input delay, min/max delays, false-path exceptions, or max skew assignments found ;
; module_fault_vector_pin[180] ; No input delay, min/max delays, false-path exceptions, or max skew assignments found ;
; module_fault_vector_pin[181] ; No input delay, min/max delays, false-path exceptions, or max skew assignments found ;
; module_fault_vector_pin[182] ; No input delay, min/max delays, false-path exceptions, or max skew assignments found ;
; module_fault_vector_pin[183] ; No input delay, min/max delays, false-path exceptions, or max skew assignments found ;
; module_fault_vector_pin[184] ; No input delay, min/max delays, false-path exceptions, or max skew assignments found ;
; module_fault_vector_pin[185] ; No input delay, min/max delays, false-path exceptions, or max skew assignments found ;
; module_fault_vector_pin[186] ; No input delay, min/max delays, false-path exceptions, or max skew assignments found ;
; module_fault_vector_pin[187] ; No input delay, min/max delays, false-path exceptions, or max skew assignments found ;
; module_fault_vector_pin[188] ; No input delay, min/max delays, false-path exceptions, or max skew assignments found ;
; module_fault_vector_pin[189] ; No input delay, min/max delays, false-path exceptions, or max skew assignments found ;
; module_fault_vector_pin[190] ; No input delay, min/max delays, false-path exceptions, or max skew assignments found ;
; module_fault_vector_pin[191] ; No input delay, min/max delays, false-path exceptions, or max skew assignments found ;
; module_fault_vector_pin[192] ; No input delay, min/max delays, false-path exceptions, or max skew assignments found ;
; module_fault_vector_pin[193] ; No input delay, min/max delays, false-path exceptions, or max skew assignments found ;
; module_fault_vector_pin[194] ; No input delay, min/max delays, false-path exceptions, or max skew assignments found ;
; module_fault_vector_pin[195] ; No input delay, min/max delays, false-path exceptions, or max skew assignments found ;
; module_fault_vector_pin[196] ; No input delay, min/max delays, false-path exceptions, or max skew assignments found ;
; module_fault_vector_pin[197] ; No input delay, min/max delays, false-path exceptions, or max skew assignments found ;
; module_fault_vector_pin[198] ; No input delay, min/max delays, false-path exceptions, or max skew assignments found ;
; module_fault_vector_pin[199] ; No input delay, min/max delays, false-path exceptions, or max skew assignments found ;
; module_fault_vector_pin[200] ; No input delay, min/max delays, false-path exceptions, or max skew assignments found ;
; module_fault_vector_pin[201] ; No input delay, min/max delays, false-path exceptions, or max skew assignments found ;
; module_fault_vector_pin[202] ; No input delay, min/max delays, false-path exceptions, or max skew assignments found ;
; module_fault_vector_pin[203] ; No input delay, min/max delays, false-path exceptions, or max skew assignments found ;
; module_fault_vector_pin[204] ; No input delay, min/max delays, false-path exceptions, or max skew assignments found ;
; module_fault_vector_pin[205] ; No input delay, min/max delays, false-path exceptions, or max skew assignments found ;
; module_fault_vector_pin[206] ; No input delay, min/max delays, false-path exceptions, or max skew assignments found ;
; module_fault_vector_pin[207] ; No input delay, min/max delays, false-path exceptions, or max skew assignments found ;
; module_fault_vector_pin[208] ; No input delay, min/max delays, false-path exceptions, or max skew assignments found ;
; module_fault_vector_pin[209] ; No input delay, min/max delays, false-path exceptions, or max skew assignments found ;
; module_fault_vector_pin[210] ; No input delay, min/max delays, false-path exceptions, or max skew assignments found ;
; module_fault_vector_pin[211] ; No input delay, min/max delays, false-path exceptions, or max skew assignments found ;
; module_fault_vector_pin[212] ; No input delay, min/max delays, false-path exceptions, or max skew assignments found ;
; module_fault_vector_pin[213] ; No input delay, min/max delays, false-path exceptions, or max skew assignments found ;
; module_fault_vector_pin[214] ; No input delay, min/max delays, false-path exceptions, or max skew assignments found ;
; module_fault_vector_pin[215] ; No input delay, min/max delays, false-path exceptions, or max skew assignments found ;
; module_fault_vector_pin[216] ; No input delay, min/max delays, false-path exceptions, or max skew assignments found ;
; module_fault_vector_pin[217] ; No input delay, min/max delays, false-path exceptions, or max skew assignments found ;
; module_fault_vector_pin[218] ; No input delay, min/max delays, false-path exceptions, or max skew assignments found ;
; module_fault_vector_pin[219] ; No input delay, min/max delays, false-path exceptions, or max skew assignments found ;
; module_fault_vector_pin[220] ; No input delay, min/max delays, false-path exceptions, or max skew assignments found ;
; module_fault_vector_pin[221] ; No input delay, min/max delays, false-path exceptions, or max skew assignments found ;
; module_fault_vector_pin[222] ; No input delay, min/max delays, false-path exceptions, or max skew assignments found ;
; module_fault_vector_pin[223] ; No input delay, min/max delays, false-path exceptions, or max skew assignments found ;
; module_fault_vector_pin[224] ; No input delay, min/max delays, false-path exceptions, or max skew assignments found ;
; module_fault_vector_pin[225] ; No input delay, min/max delays, false-path exceptions, or max skew assignments found ;
; module_fault_vector_pin[226] ; No input delay, min/max delays, false-path exceptions, or max skew assignments found ;
; module_fault_vector_pin[227] ; No input delay, min/max delays, false-path exceptions, or max skew assignments found ;
; module_fault_vector_pin[228] ; No input delay, min/max delays, false-path exceptions, or max skew assignments found ;
; module_fault_vector_pin[229] ; No input delay, min/max delays, false-path exceptions, or max skew assignments found ;
; module_fault_vector_pin[230] ; No input delay, min/max delays, false-path exceptions, or max skew assignments found ;
; module_fault_vector_pin[231] ; No input delay, min/max delays, false-path exceptions, or max skew assignments found ;
; module_fault_vector_pin[232] ; No input delay, min/max delays, false-path exceptions, or max skew assignments found ;
; module_fault_vector_pin[233] ; No input delay, min/max delays, false-path exceptions, or max skew assignments found ;
; module_fault_vector_pin[234] ; No input delay, min/max delays, false-path exceptions, or max skew assignments found ;
; module_fault_vector_pin[235] ; No input delay, min/max delays, false-path exceptions, or max skew assignments found ;
; module_fault_vector_pin[236] ; No input delay, min/max delays, false-path exceptions, or max skew assignments found ;
; module_fault_vector_pin[237] ; No input delay, min/max delays, false-path exceptions, or max skew assignments found ;
; module_fault_vector_pin[238] ; No input delay, min/max delays, false-path exceptions, or max skew assignments found ;
; module_fault_vector_pin[239] ; No input delay, min/max delays, false-path exceptions, or max skew assignments found ;
; rst_n_pin                    ; No input delay, min/max delays, false-path exceptions, or max skew assignments found ;
+------------------------------+--------------------------------------------------------------------------------------+


+-----------------------------------------------------------------------------------------------------------+
; Unconstrained Output Ports                                                                                ;
+-------------------+---------------------------------------------------------------------------------------+
; Output Port       ; Comment                                                                               ;
+-------------------+---------------------------------------------------------------------------------------+
; psu_contactor_pin ; No output delay, min/max delays, false-path exceptions, or max skew assignments found ;
+-------------------+---------------------------------------------------------------------------------------+


+--------------------------+
; Timing Analyzer Messages ;
+--------------------------+
Info: *******************************************************************
Info: Running Quartus Prime Timing Analyzer
    Info: Version 22.1std.2 Build 922 07/20/2023 SC Lite Edition
    Info: Processing started: Tue Jun 30 21:47:21 2026
Info: Command: quartus_sta ssa_interlock -c ssa_top
Info: qsta_default_script.tcl version: #1
Warning (18236): Number of processors has not been specified which may cause overloading on shared machines.  Set the global assignment NUM_PARALLEL_PROCESSORS in your QSF to an appropriate value for best performance.
Info (20030): Parallel compilation is enabled and will use 6 of the 6 processors detected
Info (21077): Low junction temperature is 0 degrees C
Info (21077): High junction temperature is 85 degrees C
Info (332104): Reading SDC File: 'ssa_timing.sdc'
Info (332143): No user constrained clock uncertainty found in the design. Calling "derive_clock_uncertainty"
Info (332123): Deriving Clock Uncertainty. Please refer to report_sdc in the Timing Analyzer to see clock uncertainties.
Info: Found TIMING_ANALYZER_REPORT_SCRIPT_INCLUDE_DEFAULT_ANALYSIS = ON
Info: Analyzing Slow 1200mV 85C Model
Info (332146): Worst-case setup slack is 3.400
    Info (332119):     Slack       End Point TNS Clock 
    Info (332119): ========= =================== =====================
    Info (332119):     3.400               0.000 clk_fast 
    Info (332119):    14.263               0.000 clk_sys 
    Info (332119):    97.889               0.000 clk_telemetry 
Info (332146): Worst-case hold slack is 0.440
    Info (332119):     Slack       End Point TNS Clock 
    Info (332119): ========= =================== =====================
    Info (332119):     0.440               0.000 clk_sys 
    Info (332119):     0.523               0.000 clk_fast 
    Info (332119):     1.474               0.000 clk_telemetry 
Info (332140): No Recovery paths to report
Info (332140): No Removal paths to report
Info (332146): Worst-case minimum pulse width slack is 4.659
    Info (332119):     Slack       End Point TNS Clock 
    Info (332119): ========= =================== =====================
    Info (332119):     4.659               0.000 clk_fast 
    Info (332119):     9.658               0.000 clk_sys 
    Info (332119):    49.702               0.000 clk_telemetry 
Info (332114): Report Metastability: Found 4 synchronizer chains.
    Info (332114): The design MTBF is not calculated because there are no specified synchronizers in the design.
    Info (332114): Number of Synchronizer Chains Found: 4
    Info (332114): Shortest Synchronizer Chain: 3 Registers
    Info (332114): Fraction of Chains for which MTBFs Could Not be Calculated: 1.000
    Info (332114): Worst Case Available Settling Time: 53.256 ns
    Info (332114): 
Info: Analyzing Slow 1200mV 0C Model
Info (334003): Started post-fitting delay annotation
Info (334004): Delay annotation completed successfully
Info (332123): Deriving Clock Uncertainty. Please refer to report_sdc in the Timing Analyzer to see clock uncertainties.
Info (332146): Worst-case setup slack is 3.999
    Info (332119):     Slack       End Point TNS Clock 
    Info (332119): ========= =================== =====================
    Info (332119):     3.999               0.000 clk_fast 
    Info (332119):    14.585               0.000 clk_sys 
    Info (332119):    98.053               0.000 clk_telemetry 
Info (332146): Worst-case hold slack is 0.390
    Info (332119):     Slack       End Point TNS Clock 
    Info (332119): ========= =================== =====================
    Info (332119):     0.390               0.000 clk_sys 
    Info (332119):     0.486               0.000 clk_fast 
    Info (332119):     1.315               0.000 clk_telemetry 
Info (332140): No Recovery paths to report
Info (332140): No Removal paths to report
Info (332146): Worst-case minimum pulse width slack is 4.653
    Info (332119):     Slack       End Point TNS Clock 
    Info (332119): ========= =================== =====================
    Info (332119):     4.653               0.000 clk_fast 
    Info (332119):     9.652               0.000 clk_sys 
    Info (332119):    49.625               0.000 clk_telemetry 
Info (332114): Report Metastability: Found 4 synchronizer chains.
    Info (332114): The design MTBF is not calculated because there are no specified synchronizers in the design.
    Info (332114): Number of Synchronizer Chains Found: 4
    Info (332114): Shortest Synchronizer Chain: 3 Registers
    Info (332114): Fraction of Chains for which MTBFs Could Not be Calculated: 1.000
    Info (332114): Worst Case Available Settling Time: 53.614 ns
    Info (332114): 
Info: Analyzing Fast 1200mV 0C Model
Info (332123): Deriving Clock Uncertainty. Please refer to report_sdc in the Timing Analyzer to see clock uncertainties.
Info (332146): Worst-case setup slack is 7.154
    Info (332119):     Slack       End Point TNS Clock 
    Info (332119): ========= =================== =====================
    Info (332119):     7.154               0.000 clk_fast 
    Info (332119):    17.540               0.000 clk_sys 
    Info (332119):    99.086               0.000 clk_telemetry 
Info (332146): Worst-case hold slack is 0.180
    Info (332119):     Slack       End Point TNS Clock 
    Info (332119): ========= =================== =====================
    Info (332119):     0.180               0.000 clk_sys 
    Info (332119):     0.206               0.000 clk_fast 
    Info (332119):     0.573               0.000 clk_telemetry 
Info (332140): No Recovery paths to report
Info (332140): No Removal paths to report
Info (332146): Worst-case minimum pulse width slack is 4.487
    Info (332119):     Slack       End Point TNS Clock 
    Info (332119): ========= =================== =====================
    Info (332119):     4.487               0.000 clk_fast 
    Info (332119):     9.488               0.000 clk_sys 
    Info (332119):    49.409               0.000 clk_telemetry 
Info (332114): Report Metastability: Found 4 synchronizer chains.
    Info (332114): The design MTBF is not calculated because there are no specified synchronizers in the design.
    Info (332114): Number of Synchronizer Chains Found: 4
    Info (332114): Shortest Synchronizer Chain: 3 Registers
    Info (332114): Fraction of Chains for which MTBFs Could Not be Calculated: 1.000
    Info (332114): Worst Case Available Settling Time: 57.001 ns
    Info (332114): 
Info (332102): Design is not fully constrained for setup requirements
Info (332102): Design is not fully constrained for hold requirements
Info: Quartus Prime Timing Analyzer was successful. 0 errors, 1 warning
    Info: Peak virtual memory: 4883 megabytes
    Info: Processing ended: Tue Jun 30 21:47:23 2026
    Info: Elapsed time: 00:00:02
    Info: Total CPU time (on all processors): 00:00:02


